8004 silly gunzTarPerm extractEntry index.js
8005 silly gunzTarPerm extractEntry manifest.json
8006 silly gunzTarPerm extractEntry build/transports-uws/index.js
8007 silly gunzTarPerm extractEntry readme.md
8008 silly gunzTarPerm extractEntry index.js
8009 silly gunzTarPerm extractEntry README.md
8010 silly gunzTarPerm extractEntry LICENSE
8011 silly gunzTarPerm extractEntry windows.js
8012 silly gunzTarPerm extractEntry index.js
8013 silly gunzTarPerm extractEntry HISTORY.md
8014 silly gunzTarPerm extractEntry README.md
8015 silly gunzTarPerm extractEntry license
8016 silly gunzTarPerm extractEntry readme.md
8017 silly gunzTarPerm extractEntry readme.md
8018 silly gunzTarPerm extractEntry index.d.ts
8019 silly gunzTarPerm modes [ '755', '644' ]
8020 silly gunzTarPerm extractEntry index.js
8021 silly gunzTarPerm extractEntry lib/language.js
8022 silly gunzTarPerm extractEntry LICENSE
8023 silly gunzTarPerm extractEntry index.js
8024 silly gunzTarPerm extractEntry README.md
8025 silly gunzTarPerm extractEntry index.js
8026 silly gunzTarPerm extractEntry test.js
8027 silly gunzTarPerm extractEntry README.md
8028 silly gunzTarPerm extractEntry lib/rateLimiter.js
8029 silly gunzTarPerm modified mode [ 'lib/rateLimiter.js', 438, 420 ]
8030 silly gunzTarPerm extractEntry test/tokenbucket-test.js
8031 silly gunzTarPerm modified mode [ 'test/tokenbucket-test.js', 438, 420 ]
8032 silly gunzTarPerm extractEntry man/marked.1
8033 silly gunzTarPerm extractEntry README.md
8034 silly gunzTarPerm modified mode [ 'README.md', 438, 420 ]
8035 silly gunzTarPerm extractEntry LICENSE
8036 silly gunzTarPerm modified mode [ 'LICENSE', 438, 420 ]
8037 silly gunzTarPerm extractEntry package.json
8038 silly gunzTarPerm modified mode [ 'package.json', 436, 420 ]
8039 silly gunzTarPerm extractEntry CHANGELOG.md
8040 silly gunzTarPerm modified mode [ 'CHANGELOG.md', 436, 420 ]
8041 silly gunzTarPerm extractEntry dist/commonjs-browser/index.js
8042 silly gunzTarPerm extractEntry dist/esm-browser/index.js
8043 silly gunzTarPerm extractEntry test/_enqueue.js
8044 silly gunzTarPerm extractEntry lib/config.js
8045 silly gunzTarPerm extractEntry browser.js
8046 silly gunzTarPerm extractEntry lib/buffer-util.js
8047 silly gunzTarPerm extractEntry LICENSE
8048 silly gunzTarPerm extractEntry out/providers/async.js
8049 silly gunzTarPerm modified mode [ 'out/providers/async.js', 436, 420 ]
8050 silly gunzTarPerm extractEntry out/readers/async.js
8051 silly gunzTarPerm modified mode [ 'out/readers/async.js', 436, 420 ]
8052 silly gunzTarPerm extractEntry package.json
8053 silly gunzTarPerm extractEntry README.md
8054 silly gunzTarPerm extractEntry out/readers/async.js
8055 silly gunzTarPerm extractEntry out/providers/filters/deep.js
8056 silly gunzTarPerm extractEntry README.md
8057 silly gunzTarPerm extractEntry fsevents.node
8058 silly gunzTarPerm extractEntry readme.md
8059 silly gunzTarPerm extractEntry README.md
8060 silly gunzTarPerm extractEntry dist/mitt.es.js
8061 silly gunzTarPerm extractEntry index.js
8062 silly gunzTarPerm modified mode [ 'index.js', 438, 420 ]
8063 silly gunzTarPerm extractEntry HISTORY.md
8064 silly gunzTarPerm modified mode [ 'HISTORY.md', 438, 420 ]
8065 silly fetchAndShaCheck shasum 2022b4b25fbddc21d2f524974a474aafe733908b
8066 verbose addTmpTarball /var/folders/_4/7hgy5s8d1493hmmc5xj976900000gq/T/npm-47481-492c5c41/registry.npmjs.org/iconv-lite/-/iconv-lite-0.4.24.tgz not in flight; adding
8067 verbose correctMkdir /Users/andyporter/.npm correctMkdir not in flight; initializing
8068 verbose addTmpTarball validating metadata from /var/folders/_4/7hgy5s8d1493hmmc5xj976900000gq/T/npm-47481-492c5c41/registry.npmjs.org/iconv-lite/-/iconv-lite-0.4.24.tgz
8069 verbose tar unpack /var/folders/_4/7hgy5s8d1493hmmc5xj976900000gq/T/npm-47481-492c5c41/registry.npmjs.org/iconv-lite/-/iconv-lite-0.4.24.tgz
8070 verbose tar unpacking to /var/folders/_4/7hgy5s8d1493hmmc5xj976900000gq/T/npm-47481-492c5c41/unpack-c6cbd4b9
8071 silly gentlyRm /var/folders/_4/7hgy5s8d1493hmmc5xj976900000gq/T/npm-47481-492c5c41/unpack-c6cbd4b9 is being purged
8072 verbose gentlyRm don't care about contents; nuking /var/folders/_4/7hgy5s8d1493hmmc5xj976900000gq/T/npm-47481-492c5c41/unpack-c6cbd4b9
8073 silly gunzTarPerm extractEntry HISTORY.md
8074 silly gunzTarPerm extractEntry README.md
8075 silly gunzTarPerm extractEntry readme.md
8076 silly gunzTarPerm extractEntry README.md
8077 silly gunzTarPerm extractEntry index.js
8078 silly gunzTarPerm modified mode [ 'index.js', 438, 420 ]
8079 silly gunzTarPerm extractEntry HISTORY.md
8080 silly gunzTarPerm modified mode [ 'HISTORY.md', 438, 420 ]
8081 silly gunzTarPerm extractEntry LICENSE
8082 silly gunzTarPerm extractEntry mime.js
8083 silly gunzTarPerm extractEntry HISTORY.md
8084 silly gunzTarPerm extractEntry README.md
8085 silly gunzTarPerm extractEntry LICENSE
8086 silly gunzTarPerm extractEntry README.md
8087 silly gunzTarPerm extractEntry index.js
8088 silly gunzTarPerm modified mode [ 'index.js', 438, 420 ]
8089 silly gunzTarPerm extractEntry HISTORY.md
8090 silly gunzTarPerm modified mode [ 'HISTORY.md', 438, 420 ]
8091 silly gunzTarPerm extractEntry build.js
8092 silly gunzTarPerm extractEntry core.js
8093 silly gunzTarPerm extractEntry readme.md
8094 silly gunzTarPerm extractEntry index.d.ts
8095 silly gunzTarPerm extractEntry once.js
8096 silly gunzTarPerm extractEntry src/Backend.cc
8097 silly gunzTarPerm extractEntry src/binding.cc
8098 silly gunzTarPerm extractEntry Readme.md
8099 silly gunzTarPerm modified mode [ 'Readme.md', 438, 420 ]
8100 silly gunzTarPerm extractEntry History.md
8101 silly gunzTarPerm modified mode [ 'History.md', 438, 420 ]
8102 silly gunzTarPerm extractEntry dist/commonjs/lib/create-prompt.js
8103 silly gunzTarPerm extractEntry dist/esm/lib/create-prompt.js
8104 silly gunzTarPerm extractEntry package.json
8105 silly gunzTarPerm extractEntry tsconfig.json
8106 silly gunzTarPerm extractEntry README.md
8107 silly gunzTarPerm modified mode [ 'README.md', 511, 493 ]
8108 silly gunzTarPerm extractEntry index.d.ts
8109 silly gunzTarPerm modified mode [ 'index.d.ts', 511, 493 ]
8110 silly gunzTarPerm extractEntry certs/server.crt
8111 silly gunzTarPerm extractEntry certs/server.csr
8112 silly gunzTarPerm extractEntry index.js
8113 silly gunzTarPerm extractEntry lib/router/index.js
8114 silly gunzTarPerm extractEntry functionApply.js
8115 silly gunzTarPerm extractEntry functionCall.js
8116 silly gunzTarPerm extractEntry README.md
8117 silly gunzTarPerm modes [ '755', '644' ]
8118 silly gunzTarPerm extractEntry LICENSE
8119 silly gunzTarPerm extractEntry Readme.md
8120 silly gunzTarPerm extractEntry LICENSE
8121 silly gunzTarPerm extractEntry lib/index.js
8122 silly gunzTarPerm extractEntry readme.md
8123 silly gunzTarPerm extractEntry index.d.ts
8124 silly gunzTarPerm extractEntry readme.md
8125 silly gunzTarPerm extractEntry readme.md
8126 silly gunzTarPerm extractEntry readme.md
8127 silly gunzTarPerm extractEntry xdg-open
8128 silly gunzTarPerm extractEntry HISTORY.md
8129 silly gunzTarPerm modified mode [ 'HISTORY.md', 438, 420 ]
8130 silly gunzTarPerm extractEntry README.md
8131 silly gunzTarPerm modified mode [ 'README.md', 438, 420 ]
8132 silly gunzTarPerm extractEntry license
8133 silly gunzTarPerm extractEntry readme.md
8134 silly gunzTarPerm extractEntry test.js
8135 silly gunzTarPerm extractEntry package.json
8136 silly gunzTarPerm extractEntry README.md
8137 silly gunzTarPerm modified mode [ 'README.md', 438, 420 ]
8138 silly gunzTarPerm extractEntry .circleci/config.yml
8139 silly gunzTarPerm modified mode [ '.circleci/config.yml', 438, 420 ]
8140 silly gunzTarPerm extractEntry lib/portscanner.js
8141 silly gunzTarPerm modified mode [ 'lib/portscanner.js', 438, 420 ]
8142 silly gunzTarPerm extractEntry lib/promisify.js
8143 silly gunzTarPerm modified mode [ 'lib/promisify.js', 438, 420 ]
8144 silly gunzTarPerm extractEntry
8145 silly gunzTarPerm extractEntry
8146 silly gunzTarPerm extractEntry
8147 silly gunzTarPerm extractEntry CHANGELOG.md
8148 silly gunzTarPerm extractEntry package.json
8149 silly gunzTarPerm extractEntry README.md
8150 silly gunzTarPerm extractEntry index.d.ts
8151 silly gunzTarPerm extractEntry lib/utils.js
8152 silly gunzTarPerm extractEntry LICENSE
8153 silly gunzTarPerm extractEntry index.js
8154 silly gunzTarPerm extractEntry README.md
8155 silly gunzTarPerm extractEntry index.d.ts
8156 silly gunzTarPerm extractEntry lib/marked.cjs
8157 silly gunzTarPerm extractEntry example/all.js
8158 silly gunzTarPerm extractEntry test/bigint.js
8159 silly gunzTarPerm extractEntry index.js
8160 silly gunzTarPerm modified mode [ 'index.js', 438, 420 ]
8161 silly gunzTarPerm extractEntry HISTORY.md
8162 silly gunzTarPerm modified mode [ 'HISTORY.md', 438, 420 ]
8163 silly gunzTarPerm extractEntry LICENSE
8164 silly gunzTarPerm extractEntry README.md
8165 silly gunzTarPerm extractEntry LICENSE
8166 silly gunzTarPerm extractEntry README.md
8167 silly gunzTarPerm extractEntry Porting-Buffer.md
8168 silly gunzTarPerm extractEntry Readme.md
8169 silly gunzTarPerm extractEntry safer.js
8170 silly gunzTarPerm extractEntry tests.js
8171 silly gunzTarPerm extractEntry README.md
8172 silly gunzTarPerm extractEntry index.d.ts
8173 silly gunzTarPerm extractEntry lib/parse.js
8174 silly gunzTarPerm modified mode [ 'lib/parse.js', 436, 420 ]
8175 silly gunzTarPerm extractEntry lib/picomatch.js
8176 silly gunzTarPerm modified mode [ 'lib/picomatch.js', 436, 420 ]
8177 silly gunzTarPerm extractEntry lib/scan.js
8178 silly gunzTarPerm modified mode [ 'lib/scan.js', 436, 420 ]
8179 silly gunzTarPerm extractEntry lib/utils.js
8180 silly gunzTarPerm modified mode [ 'lib/utils.js', 436, 420 ]
8181 silly gunzTarPerm extractEntry package.json
8182 silly gunzTarPerm modified mode [ 'package.json', 436, 420 ]
8183 silly gunzTarPerm extractEntry CHANGELOG.md
8184 silly gunzTarPerm modified mode [ 'CHANGELOG.md', 436, 420 ]
8185 silly gunzTarPerm extractEntry README.md
8186 silly gunzTarPerm modified mode [ 'README.md', 436, 420 ]
8187 silly gunzTarPerm extractEntry LICENSE
8188 silly gunzTarPerm extractEntry index.js
8189 silly gunzTarPerm extractEntry LICENSE
8190 silly gunzTarPerm extractEntry index.js
8191 silly gunzTarPerm extractEntry index.js
8192 silly gunzTarPerm extractEntry test.js
8193 silly gunzTarPerm extractEntry LICENSE
8194 silly gunzTarPerm extractEntry index.js
8195 silly gunzTarPerm extractEntry LICENSE
8196 silly gunzTarPerm extractEntry README.md
8197 silly gunzTarPerm extractEntry README.md
8198 silly gunzTarPerm extractEntry src/borderedText.ts
8199 silly gunzTarPerm extractEntry src/cache.spec.ts
8200 silly gunzTarPerm extractEntry src/cache.ts
8201 silly gunzTarPerm extractEntry src/getDistVersion.spec.ts
8202 silly gunzTarPerm extractEntry src/getDistVersion.ts
8203 silly gunzTarPerm extractEntry src/hasNewVersion.spec.ts
8204 silly gunzTarPerm extractEntry src/hasNewVersion.ts
8205 silly gunzTarPerm extractEntry build/index.d.ts
8206 silly gunzTarPerm extractEntry src/index.spec.ts
8207 silly gunzTarPerm extractEntry src/index.ts
8208 silly gunzTarPerm extractEntry src/isNpmOrYarn.ts
8209 silly gunzTarPerm extractEntry src/types.ts
8210 silly gunzTarPerm extractEntry LICENSE
8211 silly gunzTarPerm extractEntry index.js
8212 silly gunzTarPerm extractEntry license
8213 silly gunzTarPerm extractEntry readme.md
8214 silly gunzTarPerm extractEntry dist/commonjs/index.js
8215 silly gunzTarPerm extractEntry dist/esm/index.js
8216 silly gunzTarPerm extractEntry README.md
8217 silly gunzTarPerm extractEntry LICENSE
8218 silly gunzTarPerm extractEntry README.md
8219 silly gunzTarPerm extractEntry route.js
8220 silly gunzTarPerm extractEntry types/index.d.ts
8221 silly gunzTarPerm extractEntry karma.conf.js
8222 silly gunzTarPerm extractEntry node.js
8223 silly gunzTarPerm extractEntry .eslintrc
8224 silly gunzTarPerm extractEntry binary-extensions.json.d.ts
8225 silly gunzTarPerm extractEntry index.d.ts
8226 silly gunzTarPerm extractEntry stream.js
8227 silly gunzTarPerm extractEntry parallel.js
8228 silly gunzTarPerm extractEntry serial.js
8229 silly gunzTarPerm extractEntry serialOrdered.js
8230 silly gunzTarPerm extractEntry lib/abort.js
8231 silly gunzTarPerm extractEntry lib/defer.js
8232 silly gunzTarPerm extractEntry lib/iterate.js
8233 silly gunzTarPerm extractEntry lib/readable_asynckit.js
8234 silly gunzTarPerm extractEntry lib/async.js
8235 silly gunzTarPerm extractEntry lib/readable_serial.js
8236 silly gunzTarPerm extractEntry lib/readable_serial_ordered.js
8237 silly gunzTarPerm extractEntry lib/state.js
8238 silly gunzTarPerm extractEntry lib/streamify.js
8239 silly gunzTarPerm extractEntry lib/terminator.js
8240 silly gunzTarPerm extractEntry lib/readable_parallel.js
8241 silly gunzTarPerm extractEntry package.json
8242 silly gunzTarPerm extractEntry tsconfig.json
8243 silly gunzTarPerm extractEntry test/index.js
8244 silly gunzTarPerm extractEntry set.js
8245 silly gunzTarPerm extractEntry lib/delayed_stream.js
8246 silly gunzTarPerm extractEntry package.json
8247 silly gunzTarPerm extractEntry tsconfig.json
8248 silly gunzTarPerm extractEntry CODE_OF_CONDUCT.md
8249 silly gunzTarPerm extractEntry lib/index.js
8250 silly gunzTarPerm extractEntry tests/fixtures/index.js
8251 silly gunzTarPerm extractEntry src/defaults.js
8252 silly gunzTarPerm extractEntry LICENSE
8253 silly gunzTarPerm extractEntry README.md
8254 silly gunzTarPerm extractEntry license
8255 silly gunzTarPerm extractEntry readme.md
8256 silly gunzTarPerm extractEntry index.js
8257 silly gunzTarPerm extractEntry .jshintrc
8258 silly gunzTarPerm extractEntry index.js
8259 silly gunzTarPerm extractEntry LICENSE
8260 silly gunzTarPerm extractEntry package.json
8261 silly gunzTarPerm extractEntry CHANGELOG.md
8262 silly gunzTarPerm extractEntry readme.md
8263 silly gunzTarPerm extractEntry lib/_stream_readable.js
8264 silly gunzTarPerm modified mode [ 'lib/_stream_readable.js', 436, 420 ]
8265 silly gunzTarPerm extractEntry lib/_stream_transform.js
8266 silly gunzTarPerm modified mode [ 'lib/_stream_transform.js', 436, 420 ]
8267 silly gunzTarPerm extractEntry lib/_stream_writable.js
8268 silly gunzTarPerm modified mode [ 'lib/_stream_writable.js', 436, 420 ]
8269 silly gunzTarPerm extractEntry lib/internal/streams/BufferList.js
8270 silly gunzTarPerm modified mode [ 'lib/internal/streams/BufferList.js', 436, 420 ]
8271 silly gunzTarPerm extractEntry lib/internal/streams/destroy.js
8272 silly gunzTarPerm modified mode [ 'lib/internal/streams/destroy.js', 436, 420 ]
8273 silly gunzTarPerm extractEntry duplex-browser.js
8274 silly gunzTarPerm modified mode [ 'duplex-browser.js', 436, 420 ]
8275 silly gunzTarPerm extractEntry duplex.js
8276 silly gunzTarPerm modified mode [ 'duplex.js', 436, 420 ]
8277 silly gunzTarPerm extractEntry passthrough.js
8278 silly gunzTarPerm modified mode [ 'passthrough.js', 436, 420 ]
8279 silly gunzTarPerm extractEntry readable-browser.js
8280 silly gunzTarPerm modified mode [ 'readable-browser.js', 436, 420 ]
8281 silly gunzTarPerm extractEntry readable.js
8282 silly gunzTarPerm modified mode [ 'readable.js', 436, 420 ]
8283 silly gunzTarPerm extractEntry lib/internal/streams/stream-browser.js
8284 silly gunzTarPerm modified mode [ 'lib/internal/streams/stream-browser.js', 436, 420 ]
8285 silly gunzTarPerm extractEntry lib/internal/streams/stream.js
8286 silly gunzTarPerm modified mode [ 'lib/internal/streams/stream.js', 436, 420 ]
8287 silly gunzTarPerm extractEntry transform.js
8288 silly gunzTarPerm modified mode [ 'transform.js', 436, 420 ]
8289 silly gunzTarPerm extractEntry writable-browser.js
8290 silly gunzTarPerm modified mode [ 'writable-browser.js', 436, 420 ]
8291 silly gunzTarPerm extractEntry writable.js
8292 silly gunzTarPerm modified mode [ 'writable.js', 436, 420 ]
8293 silly gunzTarPerm extractEntry package.json
8294 silly gunzTarPerm modified mode [ 'package.json', 436, 420 ]
8295 silly gunzTarPerm extractEntry doc/wg-meetings/2015-01-30.md
8296 silly gunzTarPerm modified mode [ 'doc/wg-meetings/2015-01-30.md', 436, 420 ]
8297 silly gunzTarPerm extractEntry CONTRIBUTING.md
8298 silly gunzTarPerm modified mode [ 'CONTRIBUTING.md', 436, 420 ]
8299 silly gunzTarPerm extractEntry GOVERNANCE.md
8300 silly gunzTarPerm modified mode [ 'GOVERNANCE.md', 436, 420 ]
8301 silly gunzTarPerm extractEntry README.md
8302 silly gunzTarPerm modified mode [ 'README.md', 436, 420 ]
8303 silly gunzTarPerm extractEntry .travis.yml
8304 silly gunzTarPerm modified mode [ '.travis.yml', 436, 420 ]
8305 silly gunzTarPerm extractEntry HISTORY.md
8306 silly gunzTarPerm extractEntry README.md
8307 silly gunzTarPerm extractEntry index.js
8308 silly gunzTarPerm extractEntry bin/nodetouch.js
8309 silly gunzTarPerm extractEntry yargs
8310 silly gunzTarPerm extractEntry build/index.cjs
8311 silly gunzTarPerm extractEntry readme.md
8312 silly gunzTarPerm extractEntry LICENSE-MIT
8313 silly gunzTarPerm extractEntry lib/dev-ip.js
8314 silly gunzTarPerm extractEntry range.js
8315 silly gunzTarPerm extractEntry ref.js
8316 silly gunzTarPerm extractEntry RequireObjectCoercible.js
8317 silly gunzTarPerm extractEntry ToObject.js
8318 silly gunzTarPerm extractEntry example/map.js
8319 silly gunzTarPerm extractEntry test/map.js
8320 silly gunzTarPerm extractEntry README.md
8321 silly gunzTarPerm extractEntry Object.getPrototypeOf.js
8322 silly gunzTarPerm extractEntry Reflect.getPrototypeOf.js
8323 silly gunzTarPerm extractEntry common.gypi
8324 silly gunzTarPerm extractEntry except.gypi
8325 silly gunzTarPerm extractEntry readme.md
8326 silly gunzTarPerm extractEntry index.d.ts
8327 silly gunzTarPerm extractEntry readme.md
8328 silly gunzTarPerm extractEntry index.d.ts
8329 silly gunzTarPerm extractEntry README.md
8330 silly gunzTarPerm extractEntry lib/browser.d.ts
8331 silly gunzTarPerm extractEntry headers.js
8332 silly gunzTarPerm extractEntry index.js
8333 silly gunzTarPerm extractEntry pack.js
8334 silly gunzTarPerm extractEntry package.json
8335 silly gunzTarPerm extractEntry README.md
8336 silly gunzTarPerm extractEntry LICENSE
8337 silly gunzTarPerm extractEntry index.js
8338 silly gunzTarPerm extractEntry index.js
8339 silly gunzTarPerm extractEntry build/esm/binary.js
8340 silly gunzTarPerm extractEntry build/cjs/index.js
8341 silly gunzTarPerm extractEntry example.js
8342 silly gunzTarPerm extractEntry lib/undefsafe.js
8343 silly gunzTarPerm extractEntry package.json
8344 silly gunzTarPerm extractEntry CHANGELOG.md
8345 silly fetchAndShaCheck shasum ba60e1f56977f7e47cd7e31ad65d15fdcbd07e30
8346 verbose addTmpTarball /var/folders/_4/7hgy5s8d1493hmmc5xj976900000gq/T/npm-47481-492c5c41/registry.npmjs.org/_40parcel/watcher-linux-arm64-glibc/-/watcher-linux-arm64-glibc-2.5.1.tgz not in flight; adding
8347 verbose correctMkdir /Users/andyporter/.npm correctMkdir not in flight; initializing
8348 verbose addTmpTarball validating metadata from /var/folders/_4/7hgy5s8d1493hmmc5xj976900000gq/T/npm-47481-492c5c41/registry.npmjs.org/_40parcel/watcher-linux-arm64-glibc/-/watcher-linux-arm64-glibc-2.5.1.tgz
8349 verbose tar unpack /var/folders/_4/7hgy5s8d1493hmmc5xj976900000gq/T/npm-47481-492c5c41/registry.npmjs.org/_40parcel/watcher-linux-arm64-glibc/-/watcher-linux-arm64-glibc-2.5.1.tgz
8350 verbose tar unpacking to /var/folders/_4/7hgy5s8d1493hmmc5xj976900000gq/T/npm-47481-492c5c41/unpack-de35c48c
8351 silly gentlyRm /var/folders/_4/7hgy5s8d1493hmmc5xj976900000gq/T/npm-47481-492c5c41/unpack-de35c48c is being purged
8352 verbose gentlyRm don't care about contents; nuking /var/folders/_4/7hgy5s8d1493hmmc5xj976900000gq/T/npm-47481-492c5c41/unpack-de35c48c
8353 silly gunzTarPerm extractEntry LICENSE
8354 silly gunzTarPerm extractEntry README.md
8355 silly gunzTarPerm extractEntry lib/types/text.js
8356 silly gunzTarPerm extractEntry Makefile
8357 silly gunzTarPerm extractEntry lib/parse.js
8358 silly gunzTarPerm extractEntry lib/stringify.js
8359 silly gunzTarPerm extractEntry lib/utils.js
8360 silly gunzTarPerm extractEntry package.json
8361 silly gunzTarPerm extractEntry README.md
8362 silly gunzTarPerm extractEntry package.json
8363 silly gunzTarPerm extractEntry README.md
8364 silly gunzTarPerm extractEntry dist/index.mjs
8365 silly gunzTarPerm extractEntry sync/index.mjs
8366 silly gunzTarPerm extractEntry index.js
8367 silly gunzTarPerm extractEntry test/index.js
8368 silly gunzTarPerm extractEntry tsconfig.json
8369 silly gunzTarPerm extractEntry CHANGELOG.md
8370 silly gunzTarPerm extractEntry index.js
8371 silly gunzTarPerm extractEntry test/index.js
8372 silly gunzTarPerm extractEntry LICENSE
8373 silly gunzTarPerm extractEntry lib/utils/bus.js
8374 silly gunzTarPerm extractEntry lib/utils/clone.js
8375 silly gunzTarPerm extractEntry lib/utils/colour.js
8376 silly gunzTarPerm extractEntry package.json
8377 silly gunzTarPerm extractEntry tsconfig.json
8378 silly gunzTarPerm extractEntry index.js
8379 silly gunzTarPerm extractEntry test/index.js
8380 silly gunzTarPerm extractEntry functions/cmp.js
8381 silly gunzTarPerm extractEntry functions/coerce.js
8382 silly gunzTarPerm extractEntry README.md
8383 silly gunzTarPerm modified mode [ 'README.md', 436, 420 ]
8384 silly gunzTarPerm extractEntry index.js
8385 silly gunzTarPerm extractEntry index.js
8386 silly gunzTarPerm modified mode [ 'index.js', 438, 420 ]
8387 silly gunzTarPerm extractEntry HISTORY.md
8388 silly gunzTarPerm modified mode [ 'HISTORY.md', 438, 420 ]
8389 silly gunzTarPerm extractEntry .travis.yml
8390 silly gunzTarPerm extractEntry package.json
8391 silly gunzTarPerm extractEntry readme.md
8392 silly gunzTarPerm extractEntry build/lib/index.js
8393 silly gunzTarPerm extractEntry build/lib/platform-shims/node.js
8394 silly gunzTarPerm extractEntry package.json
8395 silly gunzTarPerm extractEntry CHANGELOG.md
8396 silly gunzTarPerm extractEntry README.md
8397 silly gunzTarPerm extractEntry index.mjs
8398 silly gunzTarPerm extractEntry LICENSE
8399 silly gunzTarPerm extractEntry README.md
8400 silly gunzTarPerm modes [ '755', '644' ]
8401 silly gunzTarPerm extractEntry LICENSE
8402 silly gunzTarPerm extractEntry index.js
8403 silly gunzTarPerm extractEntry package.json
8404 silly gunzTarPerm extractEntry README.md
8405 silly gunzTarPerm extractEntry test/test.js
8406 silly gunzTarPerm extractEntry package.json
8407 silly gunzTarPerm modified mode [ 'package.json', 438, 420 ]
8408 silly gunzTarPerm extractEntry umd/eventemitter3.min.js.map
8409 silly gunzTarPerm modified mode [ 'umd/eventemitter3.min.js.map', 438, 420 ]
8410 silly gunzTarPerm extractEntry package.json
8411 silly gunzTarPerm extractEntry lib/tokenBucket.js
8412 silly gunzTarPerm modified mode [ 'lib/tokenBucket.js', 438, 420 ]
8413 silly gunzTarPerm extractEntry bower.json
8414 silly gunzTarPerm modified mode [ 'bower.json', 438, 420 ]
8415 silly gunzTarPerm extractEntry package.json
8416 silly gunzTarPerm modified mode [ 'package.json', 438, 420 ]
8417 silly gunzTarPerm extractEntry README.md
8418 silly gunzTarPerm modified mode [ 'README.md', 438, 420 ]
8419 silly gunzTarPerm extractEntry index.d.ts
8420 silly gunzTarPerm modified mode [ 'index.d.ts', 438, 420 ]
8421 silly gunzTarPerm extractEntry LICENSE.txt
8422 silly gunzTarPerm modified mode [ 'LICENSE.txt', 438, 420 ]
8423 silly gunzTarPerm extractEntry .travis.yml
8424 silly gunzTarPerm modified mode [ '.travis.yml', 438, 420 ]
8425 silly gunzTarPerm extractEntry browser.js
8426 silly gunzTarPerm extractEntry node.js
8427 silly gunzTarPerm extractEntry wrappy.js
8428 silly gunzTarPerm extractEntry lib/base64.js
8429 silly gunzTarPerm extractEntry lib/binary-search.js
8430 silly gunzTarPerm extractEntry README.md
8431 silly gunzTarPerm extractEntry lib/string_decoder.js
8432 silly gunzTarPerm extractEntry test/event.js
8433 silly gunzTarPerm extractEntry test/exception.js
8434 silly gunzTarPerm extractEntry index.js
8435 silly gunzTarPerm extractEntry lib/index.js
8436 silly gunzTarPerm extractEntry test/index.js
8437 silly gunzTarPerm extractEntry test/item.js
8438 silly gunzTarPerm extractEntry test/middleware.js
8439 silly gunzTarPerm extractEntry test/pageview.js
8440 silly gunzTarPerm extractEntry lib/request.js
8441 silly gunzTarPerm extractEntry test/send.js
8442 silly gunzTarPerm extractEntry test/set.js
8443 silly gunzTarPerm extractEntry test/timing.js
8444 silly gunzTarPerm extractEntry test/transaction.js
8445 silly gunzTarPerm extractEntry lib/utils.js
8446 silly gunzTarPerm extractEntry package.json
8447 silly gunzTarPerm extractEntry AcceptableParams.md
8448 silly gunzTarPerm extractEntry HISTORY.md
8449 silly gunzTarPerm extractEntry README.md
8450 silly gunzTarPerm extractEntry test/mocha.opts
8451 silly gunzTarPerm extractEntry .travis.yml
8452 silly gunzTarPerm extractEntry dist/ua-parser.pack.js
8453 silly gunzTarPerm extractEntry package.json
8454 silly gunzTarPerm extractEntry license.md
8455 silly gunzTarPerm extractEntry HISTORY.md
8456 silly gunzTarPerm extractEntry README.md
8457 silly gunzTarPerm extractEntry readme.md
8458 silly gunzTarPerm extractEntry index.d.ts
8459 silly gunzTarPerm extractEntry index.js
8460 silly gunzTarPerm modified mode [ 'index.js', 438, 420 ]
8461 silly gunzTarPerm extractEntry HISTORY.md
8462 silly gunzTarPerm modified mode [ 'HISTORY.md', 438, 420 ]
8463 silly gunzTarPerm extractEntry readme.md
8464 silly gunzTarPerm extractEntry README.md
8465 silly gunzTarPerm extractEntry lib/nodefs-handler.js
8466 silly gunzTarPerm extractEntry package.json
8467 silly gunzTarPerm extractEntry lib/headers.js.flow
8468 silly gunzTarPerm extractEntry lib/index.d.ts
8469 silly gunzTarPerm extractEntry lib/cache-control-utils.js.flow
8470 silly gunzTarPerm extractEntry lib/cache-utils.d.ts
8471 silly gunzTarPerm extractEntry package.json
8472 silly gunzTarPerm extractEntry isFinite.js
8473 silly gunzTarPerm extractEntry isInteger.js
8474 silly gunzTarPerm extractEntry readme.md
8475 silly gunzTarPerm extractEntry index.d.ts
8476 silly gunzTarPerm extractEntry index.js
8477 silly gunzTarPerm extractEntry mode.js
8478 silly gunzTarPerm extractEntry cli.js
8479 silly gunzTarPerm extractEntry CHANGELOG.md
8480 silly gunzTarPerm extractEntry test.js
8481 silly gunzTarPerm extractEntry .travis.yml
8482 silly gunzTarPerm extractEntry Makefile
8483 silly gunzTarPerm extractEntry package.json
8484 silly gunzTarPerm extractEntry examples/my-program.js
8485 silly gunzTarPerm extractEntry lib/nopt.js
8486 silly gunzTarPerm extractEntry lib/config/command.js
8487 silly gunzTarPerm extractEntry lib/formats.js
8488 silly gunzTarPerm extractEntry lib/index.js
8489 silly gunzTarPerm extractEntry agent.d.ts
8490 silly gunzTarPerm extractEntry api.d.ts
8491 silly gunzTarPerm extractEntry types-metadata.json
8492 silly gunzTarPerm modified mode [ 'types-metadata.json', 438, 420 ]
8493 silly gunzTarPerm extractEntry Readme.md
8494 silly gunzTarPerm extractEntry index.mjs
8495 silly gunzTarPerm extractEntry package.json
8496 silly gunzTarPerm extractEntry README.md
8497 silly gunzTarPerm extractEntry package.json
8498 silly gunzTarPerm modified mode [ 'package.json', 511, 493 ]
8499 silly gunzTarPerm extractEntry readme.md
8500 silly gunzTarPerm extractEntry package.json
8501 silly gunzTarPerm extractEntry CHANGELOG.md
8502 silly gunzTarPerm extractEntry index.js
8503 silly gunzTarPerm modified mode [ 'index.js', 438, 420 ]
8504 silly gunzTarPerm extractEntry HISTORY.md
8505 silly gunzTarPerm modified mode [ 'HISTORY.md', 438, 420 ]
8506 silly gunzTarPerm extractEntry public/directory.html
8507 silly gunzTarPerm modified mode [ 'public/directory.html', 438, 420 ]
8508 silly gunzTarPerm extractEntry public/icons/page_white_csharp.png
8509 silly gunzTarPerm modified mode [ 'public/icons/page_white_csharp.png', 438, 420 ]
8510 silly gunzTarPerm extractEntry public/icons/application_xp.png
8511 silly gunzTarPerm modified mode [ 'public/icons/application_xp.png', 438, 420 ]
8512 silly gunzTarPerm extractEntry public/icons/box.png
8513 silly gunzTarPerm modified mode [ 'public/icons/box.png', 438, 420 ]
8514 silly gunzTarPerm extractEntry public/icons/cd.png
8515 silly gunzTarPerm modified mode [ 'public/icons/cd.png', 438, 420 ]
8516 silly gunzTarPerm extractEntry public/icons/controller.png
8517 silly gunzTarPerm modified mode [ 'public/icons/controller.png', 438, 420 ]
8518 silly gunzTarPerm extractEntry public/icons/drive.png
8519 silly gunzTarPerm modified mode [ 'public/icons/drive.png', 438, 420 ]
8520 silly gunzTarPerm extractEntry public/icons/film.png
8521 silly gunzTarPerm modified mode [ 'public/icons/film.png', 438, 420 ]
8522 silly gunzTarPerm extractEntry public/icons/folder.png
8523 silly gunzTarPerm modified mode [ 'public/icons/folder.png', 438, 420 ]
8524 silly gunzTarPerm extractEntry public/icons/font.png
8525 silly gunzTarPerm modified mode [ 'public/icons/font.png', 438, 420 ]
8526 silly gunzTarPerm extractEntry public/icons/image.png
8527 silly gunzTarPerm modified mode [ 'public/icons/image.png', 438, 420 ]
8528 silly gunzTarPerm extractEntry public/icons/map.png
8529 silly gunzTarPerm modified mode [ 'public/icons/map.png', 438, 420 ]
8530 silly gunzTarPerm extractEntry public/icons/page.png
8531 silly gunzTarPerm modified mode [ 'public/icons/page.png', 438, 420 ]
8532 silly gunzTarPerm extractEntry public/icons/page_add.png
8533 silly gunzTarPerm modified mode [ 'public/icons/page_add.png', 438, 420 ]
8534 silly gunzTarPerm extractEntry public/icons/page_attach.png
8535 silly gunzTarPerm modified mode [ 'public/icons/page_attach.png', 438, 420 ]
8536 silly gunzTarPerm extractEntry public/icons/page_code.png
8537 silly gunzTarPerm modified mode [ 'public/icons/page_code.png', 438, 420 ]
8538 silly gunzTarPerm extractEntry public/icons/page_copy.png
8539 silly gunzTarPerm modified mode [ 'public/icons/page_copy.png', 438, 420 ]
8540 silly gunzTarPerm extractEntry public/icons/page_delete.png
8541 silly gunzTarPerm modified mode [ 'public/icons/page_delete.png', 438, 420 ]
8542 silly gunzTarPerm extractEntry public/icons/page_edit.png
8543 silly gunzTarPerm modified mode [ 'public/icons/page_edit.png', 438, 420 ]
8544 silly gunzTarPerm extractEntry public/icons/page_error.png
8545 silly gunzTarPerm modified mode [ 'public/icons/page_error.png', 438, 420 ]
8546 silly gunzTarPerm extractEntry public/icons/page_excel.png
8547 silly gunzTarPerm modified mode [ 'public/icons/page_excel.png', 438, 420 ]
8548 silly gunzTarPerm extractEntry public/icons/page_find.png
8549 silly gunzTarPerm modified mode [ 'public/icons/page_find.png', 438, 420 ]
8550 silly gunzTarPerm extractEntry public/icons/page_gear.png
8551 silly gunzTarPerm modified mode [ 'public/icons/page_gear.png', 438, 420 ]
8552 silly gunzTarPerm extractEntry public/icons/page_go.png
8553 silly gunzTarPerm modified mode [ 'public/icons/page_go.png', 438, 420 ]
8554 silly gunzTarPerm extractEntry public/icons/page_green.png
8555 silly gunzTarPerm modified mode [ 'public/icons/page_green.png', 438, 420 ]
8556 silly gunzTarPerm extractEntry public/icons/page_key.png
8557 silly gunzTarPerm modified mode [ 'public/icons/page_key.png', 438, 420 ]
8558 silly gunzTarPerm extractEntry public/icons/page_lightning.png
8559 silly gunzTarPerm modified mode [ 'public/icons/page_lightning.png', 438, 420 ]
8560 silly gunzTarPerm extractEntry public/icons/page_link.png
8561 silly gunzTarPerm modified mode [ 'public/icons/page_link.png', 438, 420 ]
8562 silly gunzTarPerm extractEntry public/icons/page_paintbrush.png
8563 silly gunzTarPerm modified mode [ 'public/icons/page_paintbrush.png', 438, 420 ]
8564 silly gunzTarPerm extractEntry public/icons/page_paste.png
8565 silly gunzTarPerm modified mode [ 'public/icons/page_paste.png', 438, 420 ]
8566 silly gunzTarPerm extractEntry public/icons/page_red.png
8567 silly gunzTarPerm modified mode [ 'public/icons/page_red.png', 438, 420 ]
8568 silly gunzTarPerm extractEntry public/icons/page_refresh.png
8569 silly gunzTarPerm modified mode [ 'public/icons/page_refresh.png', 438, 420 ]
8570 silly gunzTarPerm extractEntry public/icons/page_save.png
8571 silly gunzTarPerm modified mode [ 'public/icons/page_save.png', 438, 420 ]
8572 silly gunzTarPerm extractEntry public/icons/page_white.png
8573 silly gunzTarPerm modified mode [ 'public/icons/page_white.png', 438, 420 ]
8574 silly gunzTarPerm extractEntry public/icons/page_white_acrobat.png
8575 silly gunzTarPerm modified mode [ 'public/icons/page_white_acrobat.png', 438, 420 ]
8576 silly gunzTarPerm extractEntry public/icons/page_white_actionscript.png
8577 silly gunzTarPerm modified mode [ 'public/icons/page_white_actionscript.png', 438, 420 ]
8578 silly gunzTarPerm extractEntry public/icons/page_white_add.png
8579 silly gunzTarPerm modified mode [ 'public/icons/page_white_add.png', 438, 420 ]
8580 silly gunzTarPerm extractEntry public/icons/page_white_c.png
8581 silly gunzTarPerm modified mode [ 'public/icons/page_white_c.png', 438, 420 ]
8582 silly gunzTarPerm extractEntry public/icons/page_white_camera.png
8583 silly gunzTarPerm modified mode [ 'public/icons/page_white_camera.png', 438, 420 ]
8584 silly gunzTarPerm extractEntry public/icons/page_white_cd.png
8585 silly gunzTarPerm modified mode [ 'public/icons/page_white_cd.png', 438, 420 ]
8586 silly gunzTarPerm extractEntry public/icons/page_white_code.png
8587 silly gunzTarPerm modified mode [ 'public/icons/page_white_code.png', 438, 420 ]
8588 silly gunzTarPerm extractEntry public/icons/page_white_code_red.png
8589 silly gunzTarPerm modified mode [ 'public/icons/page_white_code_red.png', 438, 420 ]
8590 silly gunzTarPerm extractEntry public/icons/page_white_coldfusion.png
8591 silly gunzTarPerm modified mode [ 'public/icons/page_white_coldfusion.png', 438, 420 ]
8592 silly gunzTarPerm extractEntry public/icons/page_white_compressed.png
8593 silly gunzTarPerm modified mode [ 'public/icons/page_white_compressed.png', 438, 420 ]
8594 silly gunzTarPerm extractEntry public/icons/page_white_copy.png
8595 silly gunzTarPerm modified mode [ 'public/icons/page_white_copy.png', 438, 420 ]
8596 silly gunzTarPerm extractEntry public/icons/page_white_cplusplus.png
8597 silly gunzTarPerm modified mode [ 'public/icons/page_white_cplusplus.png', 438, 420 ]
8598 silly gunzTarPerm extractEntry public/icons/application_xp_terminal.png
8599 silly gunzTarPerm modified mode [ 'public/icons/application_xp_terminal.png', 438, 420 ]
8600 silly gunzTarPerm extractEntry public/icons/page_white_cup.png
8601 silly gunzTarPerm modified mode [ 'public/icons/page_white_cup.png', 438, 420 ]
8602 silly gunzTarPerm extractEntry public/icons/page_white_database.png
8603 silly gunzTarPerm modified mode [ 'public/icons/page_white_database.png', 438, 420 ]
8604 silly gunzTarPerm extractEntry public/icons/page_white_delete.png
8605 silly gunzTarPerm modified mode [ 'public/icons/page_white_delete.png', 438, 420 ]
8606 silly gunzTarPerm extractEntry public/icons/page_white_dvd.png
8607 silly gunzTarPerm modified mode [ 'public/icons/page_white_dvd.png', 438, 420 ]
8608 silly gunzTarPerm extractEntry public/icons/page_white_edit.png
8609 silly gunzTarPerm modified mode [ 'public/icons/page_white_edit.png', 438, 420 ]
8610 silly gunzTarPerm extractEntry public/icons/page_white_error.png
8611 silly gunzTarPerm modified mode [ 'public/icons/page_white_error.png', 438, 420 ]
8612 silly gunzTarPerm extractEntry public/icons/page_white_excel.png
8613 silly gunzTarPerm modified mode [ 'public/icons/page_white_excel.png', 438, 420 ]
8614 silly gunzTarPerm extractEntry public/icons/page_white_find.png
8615 silly gunzTarPerm modified mode [ 'public/icons/page_white_find.png', 438, 420 ]
8616 silly gunzTarPerm extractEntry public/icons/page_white_flash.png
8617 silly gunzTarPerm modified mode [ 'public/icons/page_white_flash.png', 438, 420 ]
8618 silly gunzTarPerm extractEntry public/icons/page_white_freehand.png
8619 silly gunzTarPerm modified mode [ 'public/icons/page_white_freehand.png', 438, 420 ]
8620 silly gunzTarPerm extractEntry public/icons/page_white_gear.png
8621 silly gunzTarPerm modified mode [ 'public/icons/page_white_gear.png', 438, 420 ]
8622 silly gunzTarPerm extractEntry public/icons/page_white_get.png
8623 silly gunzTarPerm modified mode [ 'public/icons/page_white_get.png', 438, 420 ]
8624 silly gunzTarPerm extractEntry public/icons/page_white_go.png
8625 silly gunzTarPerm modified mode [ 'public/icons/page_white_go.png', 438, 420 ]
8626 silly gunzTarPerm extractEntry public/icons/page_white_h.png
8627 silly gunzTarPerm modified mode [ 'public/icons/page_white_h.png', 438, 420 ]
8628 silly gunzTarPerm extractEntry public/icons/page_white_horizontal.png
8629 silly gunzTarPerm modified mode [ 'public/icons/page_white_horizontal.png', 438, 420 ]
8630 silly gunzTarPerm extractEntry public/icons/page_white_key.png
8631 silly gunzTarPerm modified mode [ 'public/icons/page_white_key.png', 438, 420 ]
8632 silly gunzTarPerm extractEntry public/icons/page_white_lightning.png
8633 silly gunzTarPerm modified mode [ 'public/icons/page_white_lightning.png', 438, 420 ]
8634 silly gunzTarPerm extractEntry public/icons/page_white_link.png
8635 silly gunzTarPerm modified mode [ 'public/icons/page_white_link.png', 438, 420 ]
8636 silly gunzTarPerm extractEntry public/icons/page_white_magnify.png
8637 silly gunzTarPerm modified mode [ 'public/icons/page_white_magnify.png', 438, 420 ]
8638 silly gunzTarPerm extractEntry public/icons/page_white_medal.png
8639 silly gunzTarPerm modified mode [ 'public/icons/page_white_medal.png', 438, 420 ]
8640 silly gunzTarPerm extractEntry public/icons/page_white_office.png
8641 silly gunzTarPerm modified mode [ 'public/icons/page_white_office.png', 438, 420 ]
8642 silly gunzTarPerm extractEntry public/icons/page_white_paint.png
8643 silly gunzTarPerm modified mode [ 'public/icons/page_white_paint.png', 438, 420 ]
8644 silly gunzTarPerm extractEntry public/icons/page_white_paintbrush.png
8645 silly gunzTarPerm modified mode [ 'public/icons/page_white_paintbrush.png', 438, 420 ]
8646 silly gunzTarPerm extractEntry public/icons/page_white_paste.png
8647 silly gunzTarPerm modified mode [ 'public/icons/page_white_paste.png', 438, 420 ]
8648 silly gunzTarPerm extractEntry public/icons/page_white_php.png
8649 silly gunzTarPerm modified mode [ 'public/icons/page_white_php.png', 438, 420 ]
8650 silly gunzTarPerm extractEntry public/icons/page_white_picture.png
8651 silly gunzTarPerm modified mode [ 'public/icons/page_white_picture.png', 438, 420 ]
8652 silly gunzTarPerm extractEntry public/icons/page_white_powerpoint.png
8653 silly gunzTarPerm modified mode [ 'public/icons/page_white_powerpoint.png', 438, 420 ]
8654 silly gunzTarPerm extractEntry public/icons/page_white_put.png
8655 silly gunzTarPerm modified mode [ 'public/icons/page_white_put.png', 438, 420 ]
8656 silly gunzTarPerm extractEntry public/icons/page_white_ruby.png
8657 silly gunzTarPerm modified mode [ 'public/icons/page_white_ruby.png', 438, 420 ]
8658 silly gunzTarPerm extractEntry public/icons/page_white_stack.png
8659 silly gunzTarPerm modified mode [ 'public/icons/page_white_stack.png', 438, 420 ]
8660 silly gunzTarPerm extractEntry public/icons/page_white_star.png
8661 silly gunzTarPerm modified mode [ 'public/icons/page_white_star.png', 438, 420 ]
8662 silly gunzTarPerm extractEntry public/icons/page_white_swoosh.png
8663 silly gunzTarPerm modified mode [ 'public/icons/page_white_swoosh.png', 438, 420 ]
8664 silly gunzTarPerm extractEntry public/icons/page_white_text.png
8665 silly gunzTarPerm modified mode [ 'public/icons/page_white_text.png', 438, 420 ]
8666 silly gunzTarPerm extractEntry public/icons/page_white_text_width.png
8667 silly gunzTarPerm modified mode [ 'public/icons/page_white_text_width.png', 438, 420 ]
8668 silly gunzTarPerm extractEntry public/icons/page_white_tux.png
8669 silly gunzTarPerm modified mode [ 'public/icons/page_white_tux.png', 438, 420 ]
8670 silly gunzTarPerm extractEntry public/icons/page_white_vector.png
8671 silly gunzTarPerm modified mode [ 'public/icons/page_white_vector.png', 438, 420 ]
8672 silly gunzTarPerm extractEntry public/icons/page_white_visualstudio.png
8673 silly gunzTarPerm modified mode [ 'public/icons/page_white_visualstudio.png', 438, 420 ]
8674 silly gunzTarPerm extractEntry public/icons/page_white_width.png
8675 silly gunzTarPerm modified mode [ 'public/icons/page_white_width.png', 438, 420 ]
8676 silly gunzTarPerm extractEntry public/icons/page_white_word.png
8677 silly gunzTarPerm modified mode [ 'public/icons/page_white_word.png', 438, 420 ]
8678 silly gunzTarPerm extractEntry public/icons/page_white_world.png
8679 silly gunzTarPerm modified mode [ 'public/icons/page_white_world.png', 438, 420 ]
8680 silly gunzTarPerm extractEntry public/icons/page_white_wrench.png
8681 silly gunzTarPerm modified mode [ 'public/icons/page_white_wrench.png', 438, 420 ]
8682 silly gunzTarPerm extractEntry public/icons/page_white_zip.png
8683 silly gunzTarPerm modified mode [ 'public/icons/page_white_zip.png', 438, 420 ]
8684 silly gunzTarPerm extractEntry public/icons/page_word.png
8685 silly gunzTarPerm modified mode [ 'public/icons/page_word.png', 438, 420 ]
8686 silly gunzTarPerm extractEntry public/icons/page_world.png
8687 silly gunzTarPerm modified mode [ 'public/icons/page_world.png', 438, 420 ]
8688 silly gunzTarPerm extractEntry public/style.css
8689 silly gunzTarPerm modified mode [ 'public/style.css', 438, 420 ]
8690 silly gunzTarPerm extractEntry README.md
8691 silly gunzTarPerm modified mode [ 'README.md', 436, 420 ]
8692 silly gunzTarPerm extractEntry lib/constants.js
8693 silly gunzTarPerm extractEntry lib/event-target.js
8694 silly gunzTarPerm extractEntry readme.md
8695 silly gunzTarPerm extractEntry dist/commonjs/package.json
8696 silly gunzTarPerm extractEntry dist/commonjs/inquirer.js
8697 silly gunzTarPerm extractEntry dist/esm/inquirer.js
8698 silly fetchAndShaCheck shasum 3d26dce38de6590ef79c47ec2c55793c06ad4f67
8699 verbose addTmpTarball /var/folders/_4/7hgy5s8d1493hmmc5xj976900000gq/T/npm-47481-492c5c41/registry.npmjs.org/_40parcel/watcher-darwin-arm64/-/watcher-darwin-arm64-2.5.1.tgz not in flight; adding
8700 verbose correctMkdir /Users/andyporter/.npm correctMkdir not in flight; initializing
8701 verbose addTmpTarball validating metadata from /var/folders/_4/7hgy5s8d1493hmmc5xj976900000gq/T/npm-47481-492c5c41/registry.npmjs.org/_40parcel/watcher-darwin-arm64/-/watcher-darwin-arm64-2.5.1.tgz
8702 verbose tar unpack /var/folders/_4/7hgy5s8d1493hmmc5xj976900000gq/T/npm-47481-492c5c41/registry.npmjs.org/_40parcel/watcher-darwin-arm64/-/watcher-darwin-arm64-2.5.1.tgz
8703 verbose tar unpacking to /var/folders/_4/7hgy5s8d1493hmmc5xj976900000gq/T/npm-47481-492c5c41/unpack-a68aab9a
8704 silly gentlyRm /var/folders/_4/7hgy5s8d1493hmmc5xj976900000gq/T/npm-47481-492c5c41/unpack-a68aab9a is being purged
8705 verbose gentlyRm don't care about contents; nuking /var/folders/_4/7hgy5s8d1493hmmc5xj976900000gq/T/npm-47481-492c5c41/unpack-a68aab9a
8706 silly fetchAndShaCheck shasum 43c3246d6892381db473bb4f663229ad20b609a1
8707 verbose addTmpTarball /var/folders/_4/7hgy5s8d1493hmmc5xj976900000gq/T/npm-47481-492c5c41/registry.npmjs.org/_40parcel/watcher-linux-arm-glibc/-/watcher-linux-arm-glibc-2.5.1.tgz not in flight; adding
8708 verbose correctMkdir /Users/andyporter/.npm correctMkdir not in flight; initializing
8709 verbose addTmpTarball validating metadata from /var/folders/_4/7hgy5s8d1493hmmc5xj976900000gq/T/npm-47481-492c5c41/registry.npmjs.org/_40parcel/watcher-linux-arm-glibc/-/watcher-linux-arm-glibc-2.5.1.tgz
8710 verbose tar unpack /var/folders/_4/7hgy5s8d1493hmmc5xj976900000gq/T/npm-47481-492c5c41/registry.npmjs.org/_40parcel/watcher-linux-arm-glibc/-/watcher-linux-arm-glibc-2.5.1.tgz
8711 verbose tar unpacking to /var/folders/_4/7hgy5s8d1493hmmc5xj976900000gq/T/npm-47481-492c5c41/unpack-a6dc91b0
8712 silly gentlyRm /var/folders/_4/7hgy5s8d1493hmmc5xj976900000gq/T/npm-47481-492c5c41/unpack-a6dc91b0 is being purged
8713 verbose gentlyRm don't care about contents; nuking /var/folders/_4/7hgy5s8d1493hmmc5xj976900000gq/T/npm-47481-492c5c41/unpack-a6dc91b0
8714 silly gunzTarPerm extractEntry out/constants.js
8715 silly gunzTarPerm modified mode [ 'out/constants.js', 436, 420 ]
8716 silly gunzTarPerm extractEntry out/adapters/fs.js
8717 silly gunzTarPerm modified mode [ 'out/adapters/fs.js', 436, 420 ]
8718 silly gunzTarPerm extractEntry out/index.js
8719 silly gunzTarPerm modified mode [ 'out/index.js', 436, 420 ]
8720 silly gunzTarPerm extractEntry out/types/index.js
8721 silly gunzTarPerm modified mode [ 'out/types/index.js', 436, 420 ]
8722 silly fetchAndShaCheck shasum 4d2ea0f633eb1917d83d483392ce6181b6a92e4e
8723 verbose addTmpTarball /var/folders/_4/7hgy5s8d1493hmmc5xj976900000gq/T/npm-47481-492c5c41/registry.npmjs.org/_40parcel/watcher-linux-x64-glibc/-/watcher-linux-x64-glibc-2.5.1.tgz not in flight; adding
8724 verbose correctMkdir /Users/andyporter/.npm correctMkdir not in flight; initializing
8725 verbose addTmpTarball validating metadata from /var/folders/_4/7hgy5s8d1493hmmc5xj976900000gq/T/npm-47481-492c5c41/registry.npmjs.org/_40parcel/watcher-linux-x64-glibc/-/watcher-linux-x64-glibc-2.5.1.tgz
8726 verbose tar unpack /var/folders/_4/7hgy5s8d1493hmmc5xj976900000gq/T/npm-47481-492c5c41/registry.npmjs.org/_40parcel/watcher-linux-x64-glibc/-/watcher-linux-x64-glibc-2.5.1.tgz
8727 verbose tar unpacking to /var/folders/_4/7hgy5s8d1493hmmc5xj976900000gq/T/npm-47481-492c5c41/unpack-a24c9479
8728 silly gentlyRm /var/folders/_4/7hgy5s8d1493hmmc5xj976900000gq/T/npm-47481-492c5c41/unpack-a24c9479 is being purged
8729 verbose gentlyRm don't care about contents; nuking /var/folders/_4/7hgy5s8d1493hmmc5xj976900000gq/T/npm-47481-492c5c41/unpack-a24c9479
8730 silly gunzTarPerm extractEntry src/shared/BruteForceBackend.cc
8731 silly gunzTarPerm extractEntry src/watchman/BSER.cc
8732 silly gunzTarPerm extractEntry src/Debounce.cc
8733 silly gunzTarPerm extractEntry src/DirTree.cc
8734 silly gunzTarPerm extractEntry src/macos/FSEventsBackend.cc
8735 silly gunzTarPerm extractEntry src/unix/fts.cc
8736 silly gunzTarPerm extractEntry src/Glob.cc
8737 silly gunzTarPerm extractEntry src/linux/InotifyBackend.cc
8738 silly gunzTarPerm extractEntry src/kqueue/KqueueBackend.cc
8739 silly gunzTarPerm extractEntry src/unix/legacy.cc
8740 silly gunzTarPerm extractEntry src/wasm/WasmBackend.cc
8741 silly gunzTarPerm extractEntry src/Watcher.cc
8742 silly gunzTarPerm extractEntry src/watchman/WatchmanBackend.cc
8743 silly gunzTarPerm extractEntry src/windows/win_utils.cc
8744 silly gunzTarPerm extractEntry src/windows/WindowsBackend.cc
8745 silly gunzTarPerm extractEntry index.js.flow
8746 silly gunzTarPerm extractEntry binding.gyp
8747 silly gunzTarPerm extractEntry src/wasm/include.h
8748 silly gunzTarPerm extractEntry src/Backend.hh
8749 silly gunzTarPerm extractEntry src/shared/BruteForceBackend.hh
8750 silly gunzTarPerm extractEntry src/watchman/BSER.hh
8751 silly gunzTarPerm extractEntry src/Debounce.hh
8752 silly gunzTarPerm extractEntry src/DirTree.hh
8753 silly gunzTarPerm extractEntry src/Event.hh
8754 silly gunzTarPerm extractEntry src/macos/FSEventsBackend.hh
8755 silly gunzTarPerm extractEntry src/Glob.hh
8756 silly gunzTarPerm extractEntry src/linux/InotifyBackend.hh
8757 silly gunzTarPerm extractEntry src/watchman/IPC.hh
8758 silly gunzTarPerm extractEntry src/kqueue/KqueueBackend.hh
8759 silly gunzTarPerm extractEntry src/PromiseRunner.hh
8760 silly gunzTarPerm extractEntry src/Signal.hh
8761 silly gunzTarPerm extractEntry src/wasm/WasmBackend.hh
8762 silly gunzTarPerm extractEntry src/Watcher.hh
8763 silly gunzTarPerm extractEntry src/watchman/WatchmanBackend.hh
8764 silly gunzTarPerm extractEntry src/windows/win_utils.hh
8765 silly gunzTarPerm extractEntry src/windows/WindowsBackend.hh
8766 silly gunzTarPerm extractEntry scripts/build-from-source.js
8767 silly gunzTarPerm extractEntry index.js
8768 silly gunzTarPerm extractEntry wrapper.js
8769 silly gunzTarPerm extractEntry package.json
8770 silly gunzTarPerm extractEntry README.md
8771 silly gunzTarPerm extractEntry index.d.ts
8772 silly gunzTarPerm extractEntry
8773 silly fetchAndShaCheck shasum 277b346b05db54f55657301dd77bdf99d63606ee
8774 verbose addTmpTarball /var/folders/_4/7hgy5s8d1493hmmc5xj976900000gq/T/npm-47481-492c5c41/registry.npmjs.org/_40parcel/watcher-linux-x64-musl/-/watcher-linux-x64-musl-2.5.1.tgz not in flight; adding
8775 verbose correctMkdir /Users/andyporter/.npm correctMkdir not in flight; initializing
8776 verbose addTmpTarball validating metadata from /var/folders/_4/7hgy5s8d1493hmmc5xj976900000gq/T/npm-47481-492c5c41/registry.npmjs.org/_40parcel/watcher-linux-x64-musl/-/watcher-linux-x64-musl-2.5.1.tgz
8777 verbose tar unpack /var/folders/_4/7hgy5s8d1493hmmc5xj976900000gq/T/npm-47481-492c5c41/registry.npmjs.org/_40parcel/watcher-linux-x64-musl/-/watcher-linux-x64-musl-2.5.1.tgz
8778 verbose tar unpacking to /var/folders/_4/7hgy5s8d1493hmmc5xj976900000gq/T/npm-47481-492c5c41/unpack-16a8f04b
8779 silly gentlyRm /var/folders/_4/7hgy5s8d1493hmmc5xj976900000gq/T/npm-47481-492c5c41/unpack-16a8f04b is being purged
8780 verbose gentlyRm don't care about contents; nuking /var/folders/_4/7hgy5s8d1493hmmc5xj976900000gq/T/npm-47481-492c5c41/unpack-16a8f04b
8781 silly gunzTarPerm extractEntry templates/script-tags-simple.html
8782 silly gunzTarPerm extractEntry templates/script-tags.html
8783 silly gunzTarPerm extractEntry session/session.js
8784 silly gunzTarPerm extractEntry session/store.js
8785 silly gunzTarPerm extractEntry build/transports/index.js
8786 silly gunzTarPerm extractEntry build/transports/polling-jsonp.js
8787 silly gunzTarPerm extractEntry fsevents.d.ts
8788 silly gunzTarPerm extractEntry dist/mitt.es.js.map
8789 silly gunzTarPerm extractEntry dist/mitt.js
8790 silly gunzTarPerm extractEntry dist/mitt.js.map
8791 silly gunzTarPerm extractEntry dist/mitt.umd.js
8792 silly gunzTarPerm extractEntry dist/mitt.umd.js.map
8793 silly gunzTarPerm extractEntry src/index.js
8794 silly gunzTarPerm extractEntry build/cjs/browser-entrypoint.js
8795 silly gunzTarPerm extractEntry build/esm-debug/browser-entrypoint.js
8796 silly gunzTarPerm extractEntry .travis.yml
8797 silly gunzTarPerm extractEntry test/index.js
8798 silly gunzTarPerm extractEntry README.md
8799 silly gunzTarPerm extractEntry .github/workflows/test-node.yml
8800 silly gunzTarPerm extractEntry domains/core.js
8801 silly gunzTarPerm extractEntry lib/core.js
8802 silly gunzTarPerm extractEntry lib/config/defaults.js
8803 silly gunzTarPerm extractEntry lib/json-buffer/index.js
8804 silly gunzTarPerm extractEntry lib/__tests__/index.test.js
8805 silly gunzTarPerm modes [ '755', '644' ]
8806 silly gunzTarPerm modes [ '755', '644' ]
8807 silly gunzTarPerm extractEntry Makefile
8808 silly gunzTarPerm modified mode [ 'Makefile', 438, 420 ]
8809 silly gunzTarPerm extractEntry out/readers/common.js
8810 silly gunzTarPerm modified mode [ 'out/readers/common.js', 436, 420 ]
8811 silly gunzTarPerm extractEntry out/index.js
8812 silly gunzTarPerm modified mode [ 'out/index.js', 436, 420 ]
8813 silly gunzTarPerm modes [ '755', '644' ]
8814 silly gunzTarPerm extractEntry package.json
8815 silly gunzTarPerm modified mode [ 'package.json', 511, 493 ]
8816 silly gunzTarPerm modes [ '755', '644' ]
8817 silly gunzTarPerm extractEntry CHANGELOG.md
8818 silly gunzTarPerm extractEntry README.md
8819 silly gunzTarPerm extractEntry index.d.ts
8820 silly gunzTarPerm extractEntry .github/FUNDING.yml
8821 silly gunzTarPerm extractEntry lib/index.d.ts
8822 silly gunzTarPerm extractEntry index.js
8823 silly gunzTarPerm extractEntry test/index.js
8824 silly gunzTarPerm extractEntry contrib/cursor/README.md
8825 silly gunzTarPerm extractEntry contrib/cursor/index.js
8826 silly gunzTarPerm extractEntry contrib/cursor/__tests__/Cursor.ts.skip
8827 silly gunzTarPerm extractEntry lib/mediaType.js
8828 silly gunzTarPerm extractEntry HISTORY.md
8829 silly gunzTarPerm extractEntry README.md
8830 silly gunzTarPerm extractEntry codecov.yml
8831 silly gunzTarPerm extractEntry index.js
8832 silly gunzTarPerm extractEntry test.js
8833 silly gunzTarPerm extractEntry .travis.yml
8834 silly gunzTarPerm extractEntry example/circular.js
8835 silly gunzTarPerm extractEntry test/circular.js
8836 silly gunzTarPerm extractEntry reusify.js
8837 silly gunzTarPerm extractEntry test.js
8838 silly gunzTarPerm extractEntry test/index.js
8839 silly gunzTarPerm extractEntry package.json
8840 silly gunzTarPerm extractEntry test/index.js
8841 silly gunzTarPerm extractEntry package.json
8842 silly gunzTarPerm extractEntry test/index.js
8843 silly gunzTarPerm extractEntry package.json
8844 silly gunzTarPerm extractEntry test/index.js
8845 silly gunzTarPerm extractEntry package.json
8846 silly gunzTarPerm extractEntry dist/esm-node/index.js
8847 silly gunzTarPerm extractEntry dist/index.js
8848 silly fetchAndShaCheck shasum f7fbcdff2f04c526f96eac01f97419a6a99855d2
8849 verbose addTmpTarball /var/folders/_4/7hgy5s8d1493hmmc5xj976900000gq/T/npm-47481-492c5c41/registry.npmjs.org/_40parcel/watcher-linux-arm64-musl/-/watcher-linux-arm64-musl-2.5.1.tgz not in flight; adding
8850 verbose correctMkdir /Users/andyporter/.npm correctMkdir not in flight; initializing
8851 verbose addTmpTarball validating metadata from /var/folders/_4/7hgy5s8d1493hmmc5xj976900000gq/T/npm-47481-492c5c41/registry.npmjs.org/_40parcel/watcher-linux-arm64-musl/-/watcher-linux-arm64-musl-2.5.1.tgz
8852 verbose tar unpack /var/folders/_4/7hgy5s8d1493hmmc5xj976900000gq/T/npm-47481-492c5c41/registry.npmjs.org/_40parcel/watcher-linux-arm64-musl/-/watcher-linux-arm64-musl-2.5.1.tgz
8853 verbose tar unpacking to /var/folders/_4/7hgy5s8d1493hmmc5xj976900000gq/T/npm-47481-492c5c41/unpack-db2da3ce
8854 silly gentlyRm /var/folders/_4/7hgy5s8d1493hmmc5xj976900000gq/T/npm-47481-492c5c41/unpack-db2da3ce is being purged
8855 verbose gentlyRm don't care about contents; nuking /var/folders/_4/7hgy5s8d1493hmmc5xj976900000gq/T/npm-47481-492c5c41/unpack-db2da3ce
8856 silly fetchAndShaCheck shasum 99f3af3869069ccf774e4ddfccf7e64fd2311ef8
8857 verbose addTmpTarball /var/folders/_4/7hgy5s8d1493hmmc5xj976900000gq/T/npm-47481-492c5c41/registry.npmjs.org/_40parcel/watcher-darwin-x64/-/watcher-darwin-x64-2.5.1.tgz not in flight; adding
8858 verbose correctMkdir /Users/andyporter/.npm correctMkdir not in flight; initializing
8859 verbose addTmpTarball validating metadata from /var/folders/_4/7hgy5s8d1493hmmc5xj976900000gq/T/npm-47481-492c5c41/registry.npmjs.org/_40parcel/watcher-darwin-x64/-/watcher-darwin-x64-2.5.1.tgz
8860 verbose tar unpack /var/folders/_4/7hgy5s8d1493hmmc5xj976900000gq/T/npm-47481-492c5c41/registry.npmjs.org/_40parcel/watcher-darwin-x64/-/watcher-darwin-x64-2.5.1.tgz
8861 verbose tar unpacking to /var/folders/_4/7hgy5s8d1493hmmc5xj976900000gq/T/npm-47481-492c5c41/unpack-745703a0
8862 silly gentlyRm /var/folders/_4/7hgy5s8d1493hmmc5xj976900000gq/T/npm-47481-492c5c41/unpack-745703a0 is being purged
8863 verbose gentlyRm don't care about contents; nuking /var/folders/_4/7hgy5s8d1493hmmc5xj976900000gq/T/npm-47481-492c5c41/unpack-745703a0
8864 silly fetchAndShaCheck shasum 507f836d7e2042f798c7d07ad19c3546f9848ac1
8865 verbose addTmpTarball /var/folders/_4/7hgy5s8d1493hmmc5xj976900000gq/T/npm-47481-492c5c41/registry.npmjs.org/_40parcel/watcher-android-arm64/-/watcher-android-arm64-2.5.1.tgz not in flight; adding
8866 verbose correctMkdir /Users/andyporter/.npm correctMkdir not in flight; initializing
8867 verbose addTmpTarball validating metadata from /var/folders/_4/7hgy5s8d1493hmmc5xj976900000gq/T/npm-47481-492c5c41/registry.npmjs.org/_40parcel/watcher-android-arm64/-/watcher-android-arm64-2.5.1.tgz
8868 verbose tar unpack /var/folders/_4/7hgy5s8d1493hmmc5xj976900000gq/T/npm-47481-492c5c41/registry.npmjs.org/_40parcel/watcher-android-arm64/-/watcher-android-arm64-2.5.1.tgz
8869 verbose tar unpacking to /var/folders/_4/7hgy5s8d1493hmmc5xj976900000gq/T/npm-47481-492c5c41/unpack-8a5efbdc
8870 silly gentlyRm /var/folders/_4/7hgy5s8d1493hmmc5xj976900000gq/T/npm-47481-492c5c41/unpack-8a5efbdc is being purged
8871 verbose gentlyRm don't care about contents; nuking /var/folders/_4/7hgy5s8d1493hmmc5xj976900000gq/T/npm-47481-492c5c41/unpack-8a5efbdc
8872 silly gunzTarPerm extractEntry package.json
8873 silly gunzTarPerm extractEntry tsconfig.json
8874 silly gunzTarPerm extractEntry Changelog.md
8875 silly gunzTarPerm extractEntry LICENSE
8876 silly gunzTarPerm extractEntry lib/config/exec.js
8877 silly gunzTarPerm extractEntry test/index.js
8878 silly gunzTarPerm extractEntry .travis.yml
8879 silly gunzTarPerm extractEntry README.markdown
8880 silly gunzTarPerm extractEntry README.md
8881 silly gunzTarPerm extractEntry test/camelcase/a_main.js
8882 silly gunzTarPerm extractEntry LICENSE
8883 silly gunzTarPerm modes [ '755', '644' ]
8884 silly gunzTarPerm modes [ '755', '644' ]
8885 silly gunzTarPerm extractEntry CHANGELOG.md
8886 silly gunzTarPerm extractEntry README.md
8887 silly gunzTarPerm extractEntry index.d.ts
8888 silly gunzTarPerm modes [ '755', '644' ]
8889 silly gunzTarPerm extractEntry syntax.js
8890 silly gunzTarPerm extractEntry type.js
8891 silly gunzTarPerm extractEntry test/set.js
8892 silly gunzTarPerm extractEntry package.json
8893 silly gunzTarPerm extractEntry lib/middleware/init.js
8894 silly gunzTarPerm extractEntry lib/router/layer.js
8895 silly gunzTarPerm extractEntry CHANGELOG.md
8896 silly gunzTarPerm extractEntry README.md
8897 silly gunzTarPerm extractEntry out/providers/filters/entry.js
8898 silly gunzTarPerm extractEntry out/providers/transformers/entry.js
8899 silly fetchAndShaCheck shasum f113b0378386103be4f6893388c73d0bde7f2c5a
8900 verbose addTmpTarball /var/folders/_4/7hgy5s8d1493hmmc5xj976900000gq/T/npm-47481-492c5c41/registry.npmjs.org/lodash/-/lodash-4.17.23.tgz not in flight; adding
8901 verbose correctMkdir /Users/andyporter/.npm correctMkdir not in flight; initializing
8902 verbose addTmpTarball validating metadata from /var/folders/_4/7hgy5s8d1493hmmc5xj976900000gq/T/npm-47481-492c5c41/registry.npmjs.org/lodash/-/lodash-4.17.23.tgz
8903 verbose tar unpack /var/folders/_4/7hgy5s8d1493hmmc5xj976900000gq/T/npm-47481-492c5c41/registry.npmjs.org/lodash/-/lodash-4.17.23.tgz
8904 verbose tar unpacking to /var/folders/_4/7hgy5s8d1493hmmc5xj976900000gq/T/npm-47481-492c5c41/unpack-9a7e266e
8905 silly gentlyRm /var/folders/_4/7hgy5s8d1493hmmc5xj976900000gq/T/npm-47481-492c5c41/unpack-9a7e266e is being purged
8906 verbose gentlyRm don't care about contents; nuking /var/folders/_4/7hgy5s8d1493hmmc5xj976900000gq/T/npm-47481-492c5c41/unpack-9a7e266e
8907 silly gunzTarPerm extractEntry src/helpers.js
8908 silly gunzTarPerm extractEntry src/Hooks.js
8909 silly gunzTarPerm extractEntry src/Lexer.js
8910 silly gunzTarPerm extractEntry README.md
8911 silly gunzTarPerm extractEntry AUTHORS
8912 silly gunzTarPerm extractEntry bin/throttleproxy.js
8913 silly gunzTarPerm extractEntry package.json
8914 silly gunzTarPerm extractEntry README.md
8915 silly gunzTarPerm extractEntry dist/commonjs/package.json
8916 silly gunzTarPerm extractEntry dist/esm/package.json
8917 silly gunzTarPerm extractEntry index.cjs
8918 silly gunzTarPerm extractEntry tsconfig.json
8919 silly gunzTarPerm extractEntry lib/browser.d.ts
8920 silly gunzTarPerm extractEntry index.d.ts
8921 silly gunzTarPerm extractEntry dist/commonjs/lib/errors.js
8922 silly gunzTarPerm extractEntry .coveralls.yml
8923 silly gunzTarPerm extractEntry component.json
8924 silly gunzTarPerm extractEntry .jshintrc
8925 silly gunzTarPerm extractEntry test/devip.js
8926 silly gunzTarPerm extractEntry package.json
8927 silly gunzTarPerm extractEntry test/tsconfig.json
8928 silly gunzTarPerm extractEntry package.json
8929 silly gunzTarPerm extractEntry tsconfig.json
8930 silly gunzTarPerm extractEntry README.md
8931 silly gunzTarPerm extractEntry package.json
8932 silly gunzTarPerm extractEntry noexcept.gypi
8933 silly gunzTarPerm extractEntry napi-inl.deprecated.h
8934 silly gunzTarPerm extractEntry lib/cli/index.js
8935 silly gunzTarPerm modes [ '755', '644' ]
8936 silly gunzTarPerm extractEntry CHANGELOG.md
8937 silly gunzTarPerm extractEntry README.md
8938 silly gunzTarPerm extractEntry lib/browser.js
8939 silly gunzTarPerm extractEntry lib/browser.js.flow
8940 silly gunzTarPerm extractEntry lib/handle-qs.d.ts
8941 silly gunzTarPerm extractEntry lib/handle-qs.js
8942 silly gunzTarPerm extractEntry lib/handle-qs.js.flow
8943 silly gunzTarPerm extractEntry lib/index.d.ts
8944 silly gunzTarPerm extractEntry lib/index.js
8945 silly gunzTarPerm extractEntry lib/index.js.flow
8946 silly gunzTarPerm extractEntry lib/Options.d.ts
8947 silly gunzTarPerm extractEntry lib/Options.js
8948 silly gunzTarPerm extractEntry lib/Options.js.flow
8949 silly gunzTarPerm extractEntry lib/RequestFn.d.ts
8950 silly gunzTarPerm extractEntry lib/RequestFn.js
8951 silly gunzTarPerm extractEntry lib/RequestFn.js.flow
8952 silly gunzTarPerm extractEntry lib/ResponsePromise.d.ts
8953 silly gunzTarPerm extractEntry lib/ResponsePromise.js
8954 silly gunzTarPerm extractEntry lib/ResponsePromise.js.flow
8955 silly gunzTarPerm extractEntry classes/comparator.js
8956 silly gunzTarPerm extractEntry functions/compare-build.js
8957 silly gunzTarPerm extractEntry HISTORY.md
8958 silly gunzTarPerm extractEntry codes.json
8959 silly fetchAndShaCheck shasum 14d6857741a9f51dfe51d5b08b7c8afdbc73ad9b
8960 verbose addTmpTarball /var/folders/_4/7hgy5s8d1493hmmc5xj976900000gq/T/npm-47481-492c5c41/registry.npmjs.org/_40parcel/watcher-freebsd-x64/-/watcher-freebsd-x64-2.5.1.tgz not in flight; adding
8961 verbose correctMkdir /Users/andyporter/.npm correctMkdir not in flight; initializing
8962 verbose addTmpTarball validating metadata from /var/folders/_4/7hgy5s8d1493hmmc5xj976900000gq/T/npm-47481-492c5c41/registry.npmjs.org/_40parcel/watcher-freebsd-x64/-/watcher-freebsd-x64-2.5.1.tgz
8963 verbose tar unpack /var/folders/_4/7hgy5s8d1493hmmc5xj976900000gq/T/npm-47481-492c5c41/registry.npmjs.org/_40parcel/watcher-freebsd-x64/-/watcher-freebsd-x64-2.5.1.tgz
8964 verbose tar unpacking to /var/folders/_4/7hgy5s8d1493hmmc5xj976900000gq/T/npm-47481-492c5c41/unpack-a3212637
8965 silly gentlyRm /var/folders/_4/7hgy5s8d1493hmmc5xj976900000gq/T/npm-47481-492c5c41/unpack-a3212637 is being purged
8966 verbose gentlyRm don't care about contents; nuking /var/folders/_4/7hgy5s8d1493hmmc5xj976900000gq/T/npm-47481-492c5c41/unpack-a3212637
8967 silly gunzTarPerm extractEntry CHANGELOG.md
8968 silly gunzTarPerm extractEntry README.md
8969 silly gunzTarPerm extractEntry README.md
8970 silly gunzTarPerm extractEntry index.d.ts
8971 silly gunzTarPerm extractEntry lib/marked.esm.js
8972 silly gunzTarPerm extractEntry lib/parse.js
8973 silly gunzTarPerm extractEntry test/parse.js
8974 silly gunzTarPerm extractEntry dist/qs.js
8975 silly gunzTarPerm extractEntry lib/stringify.js
8976 silly gunzTarPerm extractEntry test/stringify.js
8977 silly gunzTarPerm extractEntry lib/utils.js
8978 silly gunzTarPerm extractEntry test/utils.js
8979 silly gunzTarPerm extractEntry package.json
8980 silly gunzTarPerm extractEntry CHANGELOG.md
8981 silly gunzTarPerm extractEntry LICENSE.md
8982 silly gunzTarPerm extractEntry README.md
8983 silly gunzTarPerm extractEntry .github/SECURITY.md
8984 silly gunzTarPerm extractEntry .github/THREAT_MODEL.md
8985 silly gunzTarPerm extractEntry eslint.config.mjs
8986 silly gunzTarPerm extractEntry .github/FUNDING.yml
8987 silly gunzTarPerm extractEntry HISTORY.md
8988 silly gunzTarPerm extractEntry example/tarray.js
8989 silly gunzTarPerm extractEntry readme.markdown
8990 silly gunzTarPerm extractEntry test/tarray.js
8991 silly gunzTarPerm modes [ '755', '644' ]
8992 silly fetchAndShaCheck shasum 663750f7090bb6278d2210de643eb8a3f780d08e
8993 verbose addTmpTarball /var/folders/_4/7hgy5s8d1493hmmc5xj976900000gq/T/npm-47481-492c5c41/registry.npmjs.org/_40parcel/watcher-linux-arm-musl/-/watcher-linux-arm-musl-2.5.1.tgz not in flight; adding
8994 verbose correctMkdir /Users/andyporter/.npm correctMkdir not in flight; initializing
8995 verbose addTmpTarball validating metadata from /var/folders/_4/7hgy5s8d1493hmmc5xj976900000gq/T/npm-47481-492c5c41/registry.npmjs.org/_40parcel/watcher-linux-arm-musl/-/watcher-linux-arm-musl-2.5.1.tgz
8996 verbose tar unpack /var/folders/_4/7hgy5s8d1493hmmc5xj976900000gq/T/npm-47481-492c5c41/registry.npmjs.org/_40parcel/watcher-linux-arm-musl/-/watcher-linux-arm-musl-2.5.1.tgz
8997 verbose tar unpacking to /var/folders/_4/7hgy5s8d1493hmmc5xj976900000gq/T/npm-47481-492c5c41/unpack-a39f4979
8998 silly gentlyRm /var/folders/_4/7hgy5s8d1493hmmc5xj976900000gq/T/npm-47481-492c5c41/unpack-a39f4979 is being purged
8999 verbose gentlyRm don't care about contents; nuking /var/folders/_4/7hgy5s8d1493hmmc5xj976900000gq/T/npm-47481-492c5c41/unpack-a39f4979
9000 silly gunzTarPerm extractEntry build/cjs/decodePacket.browser.js
9001 silly gunzTarPerm extractEntry build/esm/decodePacket.browser.js
9002 silly gunzTarPerm extractEntry README.md
9003 silly gunzTarPerm modified mode [ 'README.md', 438, 420 ]
9004 silly gunzTarPerm extractEntry index.d.ts
9005 silly gunzTarPerm modified mode [ 'index.d.ts', 438, 420 ]
9006 silly gunzTarPerm extractEntry index.d.ts
9007 silly gunzTarPerm extractEntry lib/index.js
9008 silly gunzTarPerm extractEntry lib/index.js.flow
9009 silly gunzTarPerm extractEntry lib/cache-utils.js
9010 silly gunzTarPerm extractEntry CHANGELOG.md
9011 silly gunzTarPerm extractEntry README-es.md
9012 silly gunzTarPerm extractEntry shams.js
9013 silly gunzTarPerm extractEntry test/tests.js
9014 silly gunzTarPerm extractEntry isNaN.js
9015 silly gunzTarPerm extractEntry isNegativeZero.js
9016 silly gunzTarPerm extractEntry shams.js
9017 silly gunzTarPerm extractEntry test/tests.js
9018 silly gunzTarPerm extractEntry History.md
9019 silly gunzTarPerm extractEntry README.md
9020 silly gunzTarPerm extractEntry lib/extension.js
9021 silly gunzTarPerm extractEntry index.js
9022 silly gunzTarPerm extractEntry lib/limiter.js
9023 silly gunzTarPerm extractEntry lib/permessage-deflate.js
9024 silly gunzTarPerm extractEntry lib/receiver.js
9025 silly gunzTarPerm extractEntry lib/sender.js
9026 silly gunzTarPerm extractEntry lib/stream.js
9027 silly gunzTarPerm extractEntry lib/subprotocol.js
9028 silly gunzTarPerm extractEntry lib/validation.js
9029 silly gunzTarPerm extractEntry lib/websocket-server.js
9030 silly gunzTarPerm extractEntry lib/websocket.js
9031 silly gunzTarPerm extractEntry package.json
9032 silly gunzTarPerm extractEntry README.md
9033 silly gunzTarPerm extractEntry wrapper.mjs
9034 silly gunzTarPerm extractEntry LICENSE
9035 silly gunzTarPerm extractEntry LICENSE
9036 silly fetchAndShaCheck shasum 2d0f94fa59a873cdc584bf7f6b1dc628ddf976e6
9037 verbose addTmpTarball /var/folders/_4/7hgy5s8d1493hmmc5xj976900000gq/T/npm-47481-492c5c41/registry.npmjs.org/_40parcel/watcher-win32-ia32/-/watcher-win32-ia32-2.5.1.tgz not in flight; adding
9038 verbose correctMkdir /Users/andyporter/.npm correctMkdir not in flight; initializing
9039 verbose addTmpTarball validating metadata from /var/folders/_4/7hgy5s8d1493hmmc5xj976900000gq/T/npm-47481-492c5c41/registry.npmjs.org/_40parcel/watcher-win32-ia32/-/watcher-win32-ia32-2.5.1.tgz
9040 verbose tar unpack /var/folders/_4/7hgy5s8d1493hmmc5xj976900000gq/T/npm-47481-492c5c41/registry.npmjs.org/_40parcel/watcher-win32-ia32/-/watcher-win32-ia32-2.5.1.tgz
9041 verbose tar unpacking to /var/folders/_4/7hgy5s8d1493hmmc5xj976900000gq/T/npm-47481-492c5c41/unpack-962b549c
9042 silly gentlyRm /var/folders/_4/7hgy5s8d1493hmmc5xj976900000gq/T/npm-47481-492c5c41/unpack-962b549c is being purged
9043 verbose gentlyRm don't care about contents; nuking /var/folders/_4/7hgy5s8d1493hmmc5xj976900000gq/T/npm-47481-492c5c41/unpack-962b549c
9044 silly gunzTarPerm extractEntry package.json
9045 silly gunzTarPerm extractEntry README.md
9046 silly gunzTarPerm modes [ '755', '644' ]
9047 silly gunzTarPerm extractEntry LICENSE
9048 silly gunzTarPerm extractEntry LICENSE
9049 silly gunzTarPerm extractEntry README.md
9050 silly gunzTarPerm extractEntry types/index.d.ts
9051 silly gunzTarPerm extractEntry recipes/proxy.custom-css/package.json
9052 silly gunzTarPerm extractEntry recipes/proxy.custom-css/app.js
9053 silly gunzTarPerm extractEntry recipes/proxy.custom-css/app/static/_custom.css
9054 silly gunzTarPerm extractEntry test/basic.js
9055 silly gunzTarPerm extractEntry src/build.js
9056 silly gunzTarPerm extractEntry component.json
9057 silly gunzTarPerm extractEntry tests/index.test.js
9058 silly gunzTarPerm extractEntry lib/tree.js
9059 silly gunzTarPerm extractEntry lib/utils.js
9060 silly gunzTarPerm extractEntry package.json
9061 silly gunzTarPerm extractEntry README.md
9062 silly gunzTarPerm extractEntry .travis.yml
9063 silly gunzTarPerm extractEntry build/esm-debug/index.js
9064 silly gunzTarPerm extractEntry balanced-pool.d.ts
9065 silly gunzTarPerm extractEntry cache.d.ts
9066 silly gunzTarPerm extractEntry test/server/undef_globals.js
9067 silly gunzTarPerm extractEntry index.d.ts
9068 silly fetchAndShaCheck shasum 7e9e02a26784d47503de1d10e8eab6cceb524243
9069 verbose addTmpTarball /var/folders/_4/7hgy5s8d1493hmmc5xj976900000gq/T/npm-47481-492c5c41/registry.npmjs.org/_40parcel/watcher-win32-arm64/-/watcher-win32-arm64-2.5.1.tgz not in flight; adding
9070 verbose correctMkdir /Users/andyporter/.npm correctMkdir not in flight; initializing
9071 verbose addTmpTarball validating metadata from /var/folders/_4/7hgy5s8d1493hmmc5xj976900000gq/T/npm-47481-492c5c41/registry.npmjs.org/_40parcel/watcher-win32-arm64/-/watcher-win32-arm64-2.5.1.tgz
9072 verbose tar unpack /var/folders/_4/7hgy5s8d1493hmmc5xj976900000gq/T/npm-47481-492c5c41/registry.npmjs.org/_40parcel/watcher-win32-arm64/-/watcher-win32-arm64-2.5.1.tgz
9073 verbose tar unpacking to /var/folders/_4/7hgy5s8d1493hmmc5xj976900000gq/T/npm-47481-492c5c41/unpack-eb1a7952
9074 silly gentlyRm /var/folders/_4/7hgy5s8d1493hmmc5xj976900000gq/T/npm-47481-492c5c41/unpack-eb1a7952 is being purged
9075 verbose gentlyRm don't care about contents; nuking /var/folders/_4/7hgy5s8d1493hmmc5xj976900000gq/T/npm-47481-492c5c41/unpack-eb1a7952
9076 silly gunzTarPerm modes [ '755', '644' ]
9077 silly gunzTarPerm extractEntry README.md
9078 silly gunzTarPerm extractEntry index.d.ts
9079 silly gunzTarPerm extractEntry lib/test-worker.js
9080 silly gunzTarPerm extractEntry lib/worker.js
9081 silly gunzTarPerm extractEntry lib/mapping-list.js
9082 silly gunzTarPerm modes [ '755', '644' ]
9083 silly gunzTarPerm extractEntry LICENSE
9084 silly gunzTarPerm extractEntry LICENSE
9085 silly gunzTarPerm extractEntry lib/types/urlencoded.js
9086 silly gunzTarPerm extractEntry package.json
9087 silly gunzTarPerm extractEntry LICENSE
9088 silly gunzTarPerm extractEntry recipes/proxy.custom-css/desc.md
9089 silly gunzTarPerm extractEntry package.json
9090 silly gunzTarPerm extractEntry HISTORY.md
9091 silly gunzTarPerm extractEntry reflectApply.js
9092 silly gunzTarPerm extractEntry package.json
9093 silly gunzTarPerm extractEntry .editorconfig
9094 silly gunzTarPerm extractEntry yarn.lock
9095 silly gunzTarPerm extractEntry LICENSE
9096 silly gunzTarPerm extractEntry README.md
9097 silly gunzTarPerm extractEntry renovate.json
9098 silly gunzTarPerm extractEntry setimmediate/core.js
9099 silly gunzTarPerm extractEntry benchmarks/createNoCodeFunction.js
9100 silly gunzTarPerm extractEntry benchmarks/fib.js
9101 silly gunzTarPerm extractEntry test/deep.js
9102 silly gunzTarPerm extractEntry test/browser/dom.js
9103 silly gunzTarPerm extractEntry bin/marked.js
9104 silly gunzTarPerm extractEntry tsconfig.json
9105 silly gunzTarPerm extractEntry CHANGELOG.md
9106 silly gunzTarPerm extractEntry tsconfig.json
9107 silly gunzTarPerm extractEntry CHANGELOG.md
9108 silly gunzTarPerm extractEntry README.md
9109 silly gunzTarPerm extractEntry index.d.ts
9110 silly gunzTarPerm extractEntry .github/FUNDING.yml
9111 silly gunzTarPerm extractEntry tsconfig.json
9112 silly gunzTarPerm extractEntry CHANGELOG.md
9113 silly gunzTarPerm extractEntry README.md
9114 silly gunzTarPerm extractEntry index.d.ts
9115 silly gunzTarPerm extractEntry list.d.ts
9116 silly gunzTarPerm extractEntry .github/FUNDING.yml
9117 silly gunzTarPerm extractEntry tsconfig.json
9118 silly gunzTarPerm extractEntry CHANGELOG.md
9119 silly fetchAndShaCheck shasum 1941eca135a5490b94281d0323fe2a35f6f291cb
9120 verbose addTmpTarball /var/folders/_4/7hgy5s8d1493hmmc5xj976900000gq/T/npm-47481-492c5c41/registry.npmjs.org/socket.io-client/-/socket.io-client-4.8.1.tgz not in flight; adding
9121 verbose correctMkdir /Users/andyporter/.npm correctMkdir not in flight; initializing
9122 verbose addTmpTarball validating metadata from /var/folders/_4/7hgy5s8d1493hmmc5xj976900000gq/T/npm-47481-492c5c41/registry.npmjs.org/socket.io-client/-/socket.io-client-4.8.1.tgz
9123 verbose tar unpack /var/folders/_4/7hgy5s8d1493hmmc5xj976900000gq/T/npm-47481-492c5c41/registry.npmjs.org/socket.io-client/-/socket.io-client-4.8.1.tgz
9124 verbose tar unpacking to /var/folders/_4/7hgy5s8d1493hmmc5xj976900000gq/T/npm-47481-492c5c41/unpack-33ea217a
9125 silly gentlyRm /var/folders/_4/7hgy5s8d1493hmmc5xj976900000gq/T/npm-47481-492c5c41/unpack-33ea217a is being purged
9126 verbose gentlyRm don't care about contents; nuking /var/folders/_4/7hgy5s8d1493hmmc5xj976900000gq/T/npm-47481-492c5c41/unpack-33ea217a
9127 silly fetchAndShaCheck shasum fa0eaff965cc97fdf4245e8d4794618459f7558a
9128 verbose addTmpTarball /var/folders/_4/7hgy5s8d1493hmmc5xj976900000gq/T/npm-47481-492c5c41/registry.npmjs.org/socket.io/-/socket.io-4.8.1.tgz not in flight; adding
9129 verbose correctMkdir /Users/andyporter/.npm correctMkdir not in flight; initializing
9130 verbose addTmpTarball validating metadata from /var/folders/_4/7hgy5s8d1493hmmc5xj976900000gq/T/npm-47481-492c5c41/registry.npmjs.org/socket.io/-/socket.io-4.8.1.tgz
9131 verbose tar unpack /var/folders/_4/7hgy5s8d1493hmmc5xj976900000gq/T/npm-47481-492c5c41/registry.npmjs.org/socket.io/-/socket.io-4.8.1.tgz
9132 verbose tar unpacking to /var/folders/_4/7hgy5s8d1493hmmc5xj976900000gq/T/npm-47481-492c5c41/unpack-c0ee59b7
9133 silly gentlyRm /var/folders/_4/7hgy5s8d1493hmmc5xj976900000gq/T/npm-47481-492c5c41/unpack-c0ee59b7 is being purged
9134 verbose gentlyRm don't care about contents; nuking /var/folders/_4/7hgy5s8d1493hmmc5xj976900000gq/T/npm-47481-492c5c41/unpack-c0ee59b7
9135 silly gunzTarPerm extractEntry uri.js
9136 silly gunzTarPerm extractEntry package.json
9137 silly gunzTarPerm extractEntry index.d.ts
9138 silly gunzTarPerm extractEntry build/transports-uws/polling.js
9139 silly gunzTarPerm extractEntry build/transports/polling.js
9140 silly gunzTarPerm extractEntry package.json
9141 silly gunzTarPerm extractEntry HISTORY.md
9142 silly gunzTarPerm extractEntry contrib/cursor/index.d.ts
9143 silly gunzTarPerm extractEntry dist/immutable.js
9144 silly gunzTarPerm extractEntry build/esm/browser-entrypoint.js
9145 silly gunzTarPerm extractEntry dist/engine.io.esm.min.js
9146 silly gunzTarPerm extractEntry LICENSE
9147 silly gunzTarPerm extractEntry test/camelcase/sub-dir/a-sub.js
9148 silly gunzTarPerm extractEntry build/lib/utils/apply-extends.js
9149 silly gunzTarPerm extractEntry build/lib/argsert.js
9150 silly gunzTarPerm extractEntry build/lib/command.js
9151 silly gunzTarPerm extractEntry package.json
9152 silly gunzTarPerm extractEntry README.md
9153 silly gunzTarPerm extractEntry package.json
9154 silly gunzTarPerm extractEntry README.md
9155 silly gunzTarPerm modes [ '755', '644' ]
9156 silly gunzTarPerm modes [ '755', '644' ]
9157 silly gunzTarPerm extractEntry package.json
9158 silly gunzTarPerm extractEntry README.md
9159 silly gunzTarPerm extractEntry package.json
9160 silly gunzTarPerm extractEntry README.md
9161 silly gunzTarPerm extractEntry tsconfig.json
9162 silly gunzTarPerm extractEntry dist/cli/transforms/addCwdToWatchOptions.js
9163 silly gunzTarPerm extractEntry dist/cli/transforms/addDefaultIgnorePatterns.js
9164 silly gunzTarPerm extractEntry README.md
9165 silly gunzTarPerm extractEntry lib/http-proxy.js
9166 silly gunzTarPerm extractEntry gOPD.d.ts
9167 silly gunzTarPerm extractEntry src/marked.js
9168 silly gunzTarPerm extractEntry dist/md5-browser.js
9169 silly gunzTarPerm extractEntry dist/commonjs-browser/md5.js
9170 silly gunzTarPerm extractEntry dist/commonjs/utils.js
9171 silly gunzTarPerm extractEntry dist/esm/utils.js
9172 silly gunzTarPerm extractEntry dist/esm/package.json
9173 silly gunzTarPerm extractEntry package.json
9174 silly gunzTarPerm extractEntry lib/browser.js
9175 silly gunzTarPerm extractEntry lib/browser.js.flow
9176 silly gunzTarPerm extractEntry lib/FormData.d.ts
9177 silly gunzTarPerm extractEntry lib/FormData.js
9178 silly gunzTarPerm extractEntry lib/FormData.js.flow
9179 silly gunzTarPerm extractEntry lib/index.d.ts
9180 silly gunzTarPerm extractEntry lib/index.js
9181 silly gunzTarPerm extractEntry lib/index.js.flow
9182 silly gunzTarPerm extractEntry lib/messages.d.ts
9183 silly gunzTarPerm extractEntry lib/messages.js
9184 silly gunzTarPerm extractEntry lib/messages.js.flow
9185 silly gunzTarPerm extractEntry lib/Options.d.ts
9186 silly gunzTarPerm extractEntry lib/Options.js
9187 silly gunzTarPerm extractEntry lib/Options.js.flow
9188 silly gunzTarPerm extractEntry lib/worker.d.ts
9189 silly gunzTarPerm extractEntry lib/worker.js
9190 silly gunzTarPerm extractEntry lib/worker.js.flow
9191 silly gunzTarPerm extractEntry src/browser.ts
9192 silly gunzTarPerm extractEntry src/FormData.ts
9193 silly gunzTarPerm extractEntry src/index.ts
9194 silly gunzTarPerm extractEntry src/messages.ts
9195 silly gunzTarPerm extractEntry src/Options.ts
9196 silly gunzTarPerm extractEntry src/worker.ts
9197 silly gunzTarPerm extractEntry test/__snapshots__/external.test.js.snap
9198 silly gunzTarPerm extractEntry test/__snapshots__/internal.test.js.snap
9199 silly gunzTarPerm extractEntry test/benchmark-server.js
9200 silly gunzTarPerm extractEntry test/benchmark.js
9201 silly gunzTarPerm extractEntry test/external.test.js
9202 silly gunzTarPerm extractEntry test/fake-server.js
9203 silly gunzTarPerm extractEntry test/internal.test.js
9204 silly gunzTarPerm extractEntry out/settings.js
9205 silly gunzTarPerm modified mode [ 'out/settings.js', 436, 420 ]
9206 silly gunzTarPerm extractEntry out/providers/sync.js
9207 silly gunzTarPerm modified mode [ 'out/providers/sync.js', 436, 420 ]
9208 silly gunzTarPerm extractEntry test/.jshintrc
9209 silly gunzTarPerm extractEntry test/fixtures/resp-multiple.js
9210 silly gunzTarPerm extractEntry lib/middleware/query.js
9211 silly gunzTarPerm extractEntry lib/request.js
9212 silly gunzTarPerm extractEntry CHANGELOG.md
9213 silly gunzTarPerm extractEntry README.md
9214 silly gunzTarPerm extractEntry index.d.ts
9215 silly gunzTarPerm extractEntry Object.getPrototypeOf.d.ts
9216 silly gunzTarPerm extractEntry Reflect.getPrototypeOf.d.ts
9217 silly gunzTarPerm extractEntry .github/FUNDING.yml
9218 silly gunzTarPerm extractEntry encodings/dbcs-codec.js
9219 silly gunzTarPerm extractEntry napi-inl.h
9220 silly gunzTarPerm extractEntry napi.h
9221 silly gunzTarPerm extractEntry tools/check-napi.js
9222 silly gunzTarPerm extractEntry tools/clang-format.js
9223 silly gunzTarPerm extractEntry tools/conversion.js
9224 silly gunzTarPerm extractEntry tools/eslint-format.js
9225 silly gunzTarPerm extractEntry index.js
9226 silly gunzTarPerm extractEntry package-support.json
9227 silly gunzTarPerm extractEntry package.json
9228 silly gunzTarPerm extractEntry LICENSE.md
9229 silly gunzTarPerm extractEntry README.md
9230 silly gunzTarPerm extractEntry tools/README.md
9231 silly gunzTarPerm extractEntry src/throttle.js
9232 silly gunzTarPerm extractEntry test/throttle_test.js
9233 silly gunzTarPerm extractEntry .travis.yml
9234 silly gunzTarPerm extractEntry .github/workflows/release.yml
9235 silly gunzTarPerm extractEntry LICENSE
9236 silly fetchAndShaCheck shasum ae52693259664ba6f2228fa61d7ee44b64ea0947
9237 verbose addTmpTarball /var/folders/_4/7hgy5s8d1493hmmc5xj976900000gq/T/npm-47481-492c5c41/registry.npmjs.org/_40parcel/watcher-win32-x64/-/watcher-win32-x64-2.5.1.tgz not in flight; adding
9238 verbose correctMkdir /Users/andyporter/.npm correctMkdir not in flight; initializing
9239 verbose addTmpTarball validating metadata from /var/folders/_4/7hgy5s8d1493hmmc5xj976900000gq/T/npm-47481-492c5c41/registry.npmjs.org/_40parcel/watcher-win32-x64/-/watcher-win32-x64-2.5.1.tgz
9240 verbose tar unpack /var/folders/_4/7hgy5s8d1493hmmc5xj976900000gq/T/npm-47481-492c5c41/registry.npmjs.org/_40parcel/watcher-win32-x64/-/watcher-win32-x64-2.5.1.tgz
9241 verbose tar unpacking to /var/folders/_4/7hgy5s8d1493hmmc5xj976900000gq/T/npm-47481-492c5c41/unpack-df0f2d50
9242 silly gentlyRm /var/folders/_4/7hgy5s8d1493hmmc5xj976900000gq/T/npm-47481-492c5c41/unpack-df0f2d50 is being purged
9243 verbose gentlyRm don't care about contents; nuking /var/folders/_4/7hgy5s8d1493hmmc5xj976900000gq/T/npm-47481-492c5c41/unpack-df0f2d50
9244 silly gunzTarPerm extractEntry out/utils/fs.js
9245 silly gunzTarPerm modified mode [ 'out/utils/fs.js', 436, 420 ]
9246 silly gunzTarPerm extractEntry out/index.js
9247 silly gunzTarPerm modified mode [ 'out/index.js', 436, 420 ]
9248 silly gunzTarPerm extractEntry build/lib/typings/common-types.js
9249 silly gunzTarPerm extractEntry out/providers/index.js
9250 silly gunzTarPerm modified mode [ 'out/providers/index.js', 436, 420 ]
9251 silly gunzTarPerm extractEntry out/types/index.js
9252 silly gunzTarPerm modified mode [ 'out/types/index.js', 436, 420 ]
9253 silly gunzTarPerm extractEntry LICENSE
9254 silly gunzTarPerm extractEntry package.json
9255 silly gunzTarPerm extractEntry README.md
9256 silly gunzTarPerm extractEntry package.json
9257 silly gunzTarPerm extractEntry README.md
9258 silly gunzTarPerm extractEntry .travis.yml
9259 silly gunzTarPerm extractEntry CHANGELOG.md
9260 silly gunzTarPerm extractEntry package.json
9261 silly gunzTarPerm extractEntry README.md
9262 silly gunzTarPerm extractEntry CHANGELOG.md
9263 silly gunzTarPerm extractEntry README.md
9264 silly gunzTarPerm extractEntry index.d.ts
9265 silly gunzTarPerm extractEntry isObject.d.ts
9266 silly gunzTarPerm extractEntry RequireObjectCoercible.d.ts
9267 silly gunzTarPerm extractEntry ToObject.d.ts
9268 silly gunzTarPerm extractEntry .github/FUNDING.yml
9269 verbose correctMkdir /Users/andyporter/.npm correctMkdir not in flight; initializing
9270 silly gunzTarPerm extractEntry CHANGELOG.md
9271 silly gunzTarPerm extractEntry README.md
9272 silly gunzTarPerm extractEntry .github/FUNDING.yml
9273 silly gunzTarPerm extractEntry out/utils/errno.js
9274 silly gunzTarPerm extractEntry out/providers/filters/error.js
9275 silly gunzTarPerm extractEntry out/utils/fs.js
9276 silly gunzTarPerm extractEntry out/index.js
9277 silly gunzTarPerm extractEntry out/types/index.js
9278 silly gunzTarPerm extractEntry out/utils/index.js
9279 silly gunzTarPerm extractEntry out/providers/matchers/matcher.js
9280 silly gunzTarPerm extractEntry out/providers/matchers/partial.js
9281 silly gunzTarPerm extractEntry out/utils/path.js
9282 silly gunzTarPerm extractEntry out/utils/pattern.js
9283 silly gunzTarPerm extractEntry out/providers/provider.js
9284 silly gunzTarPerm extractEntry out/readers/reader.js
9285 silly gunzTarPerm extractEntry out/settings.js
9286 silly gunzTarPerm extractEntry out/providers/stream.js
9287 silly gunzTarPerm extractEntry out/readers/stream.js
9288 silly gunzTarPerm extractEntry out/utils/stream.js
9289 silly gunzTarPerm extractEntry out/utils/string.js
9290 silly gunzTarPerm extractEntry out/providers/sync.js
9291 silly gunzTarPerm extractEntry out/readers/sync.js
9292 silly gunzTarPerm extractEntry out/managers/tasks.js
9293 silly gunzTarPerm extractEntry package.json
9294 silly gunzTarPerm extractEntry README.md
9295 silly gunzTarPerm extractEntry out/utils/array.d.ts
9296 silly gunzTarPerm extractEntry out/providers/async.d.ts
9297 silly gunzTarPerm extractEntry out/readers/async.d.ts
9298 silly gunzTarPerm extractEntry out/providers/filters/deep.d.ts
9299 silly gunzTarPerm extractEntry out/providers/filters/entry.d.ts
9300 silly gunzTarPerm extractEntry out/providers/transformers/entry.d.ts
9301 silly gunzTarPerm extractEntry out/utils/errno.d.ts
9302 silly gunzTarPerm extractEntry out/providers/filters/error.d.ts
9303 silly gunzTarPerm extractEntry out/utils/fs.d.ts
9304 silly gunzTarPerm extractEntry out/index.d.ts
9305 silly gunzTarPerm extractEntry out/types/index.d.ts
9306 silly gunzTarPerm extractEntry out/utils/index.d.ts
9307 silly gunzTarPerm extractEntry out/providers/matchers/matcher.d.ts
9308 silly gunzTarPerm extractEntry out/providers/matchers/partial.d.ts
9309 silly gunzTarPerm extractEntry out/utils/path.d.ts
9310 silly gunzTarPerm extractEntry out/utils/pattern.d.ts
9311 silly gunzTarPerm extractEntry out/providers/provider.d.ts
9312 silly gunzTarPerm extractEntry out/readers/reader.d.ts
9313 silly gunzTarPerm extractEntry out/settings.d.ts
9314 silly gunzTarPerm extractEntry out/providers/stream.d.ts
9315 silly gunzTarPerm extractEntry out/readers/stream.d.ts
9316 silly gunzTarPerm extractEntry out/utils/stream.d.ts
9317 silly gunzTarPerm extractEntry out/utils/string.d.ts
9318 silly gunzTarPerm extractEntry out/providers/sync.d.ts
9319 silly gunzTarPerm extractEntry out/readers/sync.d.ts
9320 silly gunzTarPerm extractEntry out/managers/tasks.d.ts
9321 silly gunzTarPerm extractEntry max.js
9322 silly gunzTarPerm extractEntry lib/http-proxy/common.js
9323 silly gunzTarPerm extractEntry marked.min.js
9324 silly gunzTarPerm modes [ '755', '644' ]
9325 silly gunzTarPerm extractEntry LICENSE
9326 silly gunzTarPerm extractEntry fp/__.js
9327 silly gunzTarPerm extractEntry _apply.js
9328 silly gunzTarPerm extractEntry functions/compare-loose.js
9329 silly gunzTarPerm extractEntry functions/compare.js
9330 silly gunzTarPerm extractEntry build/lib/completion-templates.js
9331 silly gunzTarPerm extractEntry LICENSE
9332 silly gunzTarPerm extractEntry README.md
9333 silly gunzTarPerm extractEntry example.mjs
9334 silly gunzTarPerm extractEntry sync/index.d.ts
9335 silly gunzTarPerm extractEntry README.md
9336 silly gunzTarPerm extractEntry config.d.ts
9337 silly gunzTarPerm extractEntry lib/http-proxy/index.js
9338 silly gunzTarPerm extractEntry client.d.ts
9339 silly gunzTarPerm extractEntry connector.d.ts
9340 silly gunzTarPerm extractEntry content-type.d.ts
9341 silly gunzTarPerm extractEntry cookies.d.ts
9342 silly gunzTarPerm extractEntry diagnostics-channel.d.ts
9343 silly gunzTarPerm extractEntry dispatcher.d.ts
9344 silly gunzTarPerm extractEntry env-http-proxy-agent.d.ts
9345 silly gunzTarPerm extractEntry errors.d.ts
9346 silly gunzTarPerm extractEntry eventsource.d.ts
9347 silly gunzTarPerm extractEntry fetch.d.ts
9348 silly gunzTarPerm extractEntry file.d.ts
9349 silly gunzTarPerm extractEntry filereader.d.ts
9350 silly gunzTarPerm extractEntry formdata.d.ts
9351 silly gunzTarPerm extractEntry global-dispatcher.d.ts
9352 silly gunzTarPerm extractEntry global-origin.d.ts
9353 silly gunzTarPerm extractEntry handlers.d.ts
9354 silly gunzTarPerm extractEntry header.d.ts
9355 silly gunzTarPerm extractEntry index.d.ts
9356 silly gunzTarPerm extractEntry interceptors.d.ts
9357 silly gunzTarPerm extractEntry mock-agent.d.ts
9358 silly gunzTarPerm extractEntry mock-client.d.ts
9359 silly gunzTarPerm extractEntry mock-errors.d.ts
9360 silly gunzTarPerm extractEntry mock-interceptor.d.ts
9361 silly gunzTarPerm extractEntry mock-pool.d.ts
9362 silly gunzTarPerm extractEntry patch.d.ts
9363 silly gunzTarPerm extractEntry pool-stats.d.ts
9364 silly gunzTarPerm extractEntry pool.d.ts
9365 silly gunzTarPerm extractEntry proxy-agent.d.ts
9366 silly gunzTarPerm extractEntry readable.d.ts
9367 silly gunzTarPerm extractEntry retry-agent.d.ts
9368 silly gunzTarPerm extractEntry retry-handler.d.ts
9369 silly gunzTarPerm extractEntry util.d.ts
9370 silly gunzTarPerm extractEntry webidl.d.ts
9371 silly gunzTarPerm extractEntry websocket.d.ts
9372 silly gunzTarPerm extractEntry package.json
9373 silly gunzTarPerm extractEntry README.md
9374 silly gunzTarPerm extractEntry watcher.node
9375 silly gunzTarPerm extractEntry .github/FUNDING.yml
9376 silly gunzTarPerm extractEntry src/test.js
9377 silly gunzTarPerm extractEntry types.json
9378 silly gunzTarPerm extractEntry lib/config/index.js
9379 silly gunzTarPerm extractEntry lib/help/index.js
9380 silly gunzTarPerm extractEntry package.json
9381 silly gunzTarPerm extractEntry README.md
9382 silly gunzTarPerm extractEntry build/lib/completion.js
9383 silly gunzTarPerm extractEntry LICENSE
9384 silly gunzTarPerm extractEntry LICENSE
9385 silly gunzTarPerm extractEntry package.json
9386 silly gunzTarPerm extractEntry README.md
9387 verbose correctMkdir /Users/andyporter/.npm correctMkdir not in flight; initializing
9388 silly gunzTarPerm extractEntry lib/cache-utils.js.flow
9389 silly gunzTarPerm extractEntry lib/CachedResponse.d.ts
9390 silly gunzTarPerm extractEntry tsconfig.json
9391 silly gunzTarPerm extractEntry lib/http-proxy/passes/web-incoming.js
9392 silly gunzTarPerm extractEntry package.json
9393 silly gunzTarPerm extractEntry build/esm/index.js
9394 silly gunzTarPerm extractEntry build/cjs/is-binary.js
9395 silly gunzTarPerm extractEntry lib/quick-sort.js
9396 silly gunzTarPerm extractEntry lib/source-map-consumer.js
9397 silly gunzTarPerm extractEntry package.json
9398 silly gunzTarPerm extractEntry README.md
9399 silly gunzTarPerm extractEntry HISTORY.md
9400 silly gunzTarPerm extractEntry README.md
9401 silly gunzTarPerm extractEntry README.md
9402 silly gunzTarPerm extractEntry recipes/proxy.custom-css/readme.md
9403 silly gunzTarPerm extractEntry recipes/grunt.html.injection/package.json
9404 silly gunzTarPerm extractEntry src/core.js
9405 silly gunzTarPerm extractEntry domains/done.js
9406 silly gunzTarPerm extractEntry benchmarks/reuseNoCodeFunction.js
9407 silly gunzTarPerm extractEntry README.md
9408 silly gunzTarPerm extractEntry test/element.js
9409 silly gunzTarPerm extractEntry test/err.js
9410 silly gunzTarPerm extractEntry README.md
9411 silly fetchAndShaCheck shasum f0878eef528ce7b0aa35d67cc6898635fd74649e
9412 verbose addTmpTarball /var/folders/_4/7hgy5s8d1493hmmc5xj976900000gq/T/npm-47481-492c5c41/registry.npmjs.org/nunjucks/-/nunjucks-3.2.4.tgz not in flight; adding
9413 verbose correctMkdir /Users/andyporter/.npm correctMkdir not in flight; initializing
9414 verbose addTmpTarball validating metadata from /var/folders/_4/7hgy5s8d1493hmmc5xj976900000gq/T/npm-47481-492c5c41/registry.npmjs.org/nunjucks/-/nunjucks-3.2.4.tgz
9415 verbose tar unpack /var/folders/_4/7hgy5s8d1493hmmc5xj976900000gq/T/npm-47481-492c5c41/registry.npmjs.org/nunjucks/-/nunjucks-3.2.4.tgz
9416 verbose tar unpacking to /var/folders/_4/7hgy5s8d1493hmmc5xj976900000gq/T/npm-47481-492c5c41/unpack-ff1b77a3
9417 silly gentlyRm /var/folders/_4/7hgy5s8d1493hmmc5xj976900000gq/T/npm-47481-492c5c41/unpack-ff1b77a3 is being purged
9418 verbose gentlyRm don't care about contents; nuking /var/folders/_4/7hgy5s8d1493hmmc5xj976900000gq/T/npm-47481-492c5c41/unpack-ff1b77a3
9419 silly gunzTarPerm extractEntry package.json
9420 silly gunzTarPerm extractEntry README.md
9421 silly gunzTarPerm extractEntry dist/cli/transforms/addToFilesOption.js
9422 silly gunzTarPerm extractEntry dist/cli/transforms/appendServerDirectoryOption.js
9423 silly gunzTarPerm extractEntry lib/response.js
9424 silly gunzTarPerm extractEntry lib/router/route.js
9425 silly gunzTarPerm extractEntry build/cjs/decodePacket.js
9426 silly gunzTarPerm extractEntry build/esm/decodePacket.js
9427 silly gunzTarPerm extractEntry build/cjs/encodePacket.browser.js
9428 silly gunzTarPerm extractEntry build/esm/encodePacket.browser.js
9429 silly gunzTarPerm extractEntry build/cjs/encodePacket.js
9430 silly gunzTarPerm extractEntry build/esm/encodePacket.js
9431 silly gunzTarPerm extractEntry build/cjs/index.js
9432 silly gunzTarPerm extractEntry build/esm/index.js
9433 silly gunzTarPerm extractEntry build/cjs/package.json
9434 silly gunzTarPerm extractEntry build/esm/package.json
9435 silly gunzTarPerm extractEntry package.json
9436 silly gunzTarPerm extractEntry Readme.md
9437 silly gunzTarPerm extractEntry build/cjs/contrib/base64-arraybuffer.d.ts
9438 silly gunzTarPerm extractEntry build/esm/contrib/base64-arraybuffer.d.ts
9439 silly gunzTarPerm extractEntry build/cjs/commons.d.ts
9440 silly gunzTarPerm extractEntry build/esm/commons.d.ts
9441 silly gunzTarPerm extractEntry build/cjs/decodePacket.browser.d.ts
9442 silly gunzTarPerm extractEntry build/esm/decodePacket.browser.d.ts
9443 silly gunzTarPerm extractEntry build/cjs/decodePacket.d.ts
9444 silly gunzTarPerm extractEntry build/esm/decodePacket.d.ts
9445 silly gunzTarPerm extractEntry build/cjs/encodePacket.browser.d.ts
9446 silly gunzTarPerm extractEntry build/esm/encodePacket.browser.d.ts
9447 silly gunzTarPerm extractEntry build/cjs/encodePacket.d.ts
9448 silly gunzTarPerm extractEntry build/esm/encodePacket.d.ts
9449 silly gunzTarPerm extractEntry build/cjs/index.d.ts
9450 silly gunzTarPerm extractEntry build/esm/index.d.ts
9451 silly gunzTarPerm extractEntry package.json
9452 silly gunzTarPerm extractEntry tsconfig.json
9453 silly gunzTarPerm extractEntry CHANGELOG.md
9454 silly gunzTarPerm extractEntry README.md
9455 silly gunzTarPerm extractEntry index.d.ts
9456 silly gunzTarPerm extractEntry shams.d.ts
9457 silly gunzTarPerm extractEntry .github/FUNDING.yml
9458 silly gunzTarPerm extractEntry build/server.js
9459 silly gunzTarPerm extractEntry build/socket.js
9460 silly gunzTarPerm extractEntry README.md
9461 silly gunzTarPerm extractEntry lib/http-proxy/passes/web-outgoing.js
9462 silly gunzTarPerm extractEntry package.json
9463 silly gunzTarPerm extractEntry tsconfig.json
9464 silly gunzTarPerm extractEntry test/duplicates.js
9465 silly gunzTarPerm extractEntry test/duplicates/a.js
9466 silly gunzTarPerm modes [ '755', '644' ]
9467 silly gunzTarPerm extractEntry LICENSE
9468 silly gunzTarPerm extractEntry watcher.node
9469 silly gunzTarPerm extractEntry watcher.node
9470 silly gunzTarPerm extractEntry watcher.node
9471 silly gunzTarPerm extractEntry watcher.node
9472 silly gunzTarPerm extractEntry dist/esm/lib/errors.js
9473 silly gunzTarPerm extractEntry dist/commonjs/lib/hook-engine.js
9474 silly gunzTarPerm extractEntry test/fixtures/resp-none.js
9475 silly gunzTarPerm extractEntry tsconfig.json
9476 silly gunzTarPerm extractEntry CHANGELOG.md
9477 silly gunzTarPerm extractEntry README.md
9478 silly gunzTarPerm extractEntry eval.d.ts
9479 silly gunzTarPerm extractEntry index.d.ts
9480 silly gunzTarPerm extractEntry range.d.ts
9481 silly gunzTarPerm extractEntry ref.d.ts
9482 silly gunzTarPerm extractEntry syntax.d.ts
9483 silly gunzTarPerm extractEntry type.d.ts
9484 silly gunzTarPerm extractEntry uri.d.ts
9485 silly gunzTarPerm extractEntry .github/FUNDING.yml
9486 silly gunzTarPerm extractEntry dist/immutable.min.js
9487 silly gunzTarPerm extractEntry encodings/dbcs-data.js
9488 silly gunzTarPerm extractEntry encodings/index.js
9489 silly gunzTarPerm extractEntry out/types/index.js
9490 silly gunzTarPerm modified mode [ 'out/types/index.js', 436, 420 ]
9491 silly gunzTarPerm extractEntry out/utils/index.js
9492 silly gunzTarPerm modified mode [ 'out/utils/index.js', 436, 420 ]
9493 silly gunzTarPerm extractEntry dist/esm-browser/md5.js
9494 silly gunzTarPerm extractEntry dist/broadcast-operator.js
9495 silly gunzTarPerm extractEntry build/cjs/contrib/backo2.js
9496 silly gunzTarPerm extractEntry build/esm-debug/contrib/backo2.js
9497 silly gunzTarPerm extractEntry .github/FUNDING.yml
9498 silly gunzTarPerm extractEntry dist/engine.io.js
9499 silly gunzTarPerm extractEntry lib/http-proxy/passes/ws-incoming.js
9500 silly gunzTarPerm extractEntry dist/commonjs/package.json
9501 silly gunzTarPerm extractEntry dist/esm/package.json
9502 silly gunzTarPerm extractEntry dist/client.js
9503 silly gunzTarPerm extractEntry watcher.node
9504 silly gunzTarPerm extractEntry watcher.node
9505 silly gunzTarPerm extractEntry src/browser.js
9506 silly gunzTarPerm extractEntry src/debug.js
9507 silly gunzTarPerm extractEntry watcher.node
9508 silly gunzTarPerm extractEntry CHANGELOG.md
9509 silly gunzTarPerm extractEntry README.md
9510 silly gunzTarPerm extractEntry .github/SECURITY.md
9511 silly gunzTarPerm extractEntry .github/FUNDING.yml
9512 silly gunzTarPerm extractEntry index.d.ts
9513 silly gunzTarPerm extractEntry .github/FUNDING.yml
9514 silly gunzTarPerm extractEntry _arrayAggregator.js
9515 silly gunzTarPerm extractEntry _arrayEach.js
9516 silly gunzTarPerm extractEntry dist/commonjs/index.d.ts
9517 silly gunzTarPerm extractEntry dist/esm/index.d.ts
9518 silly gunzTarPerm extractEntry package.json
9519 silly gunzTarPerm modified mode [ 'package.json', 436, 420 ]
9520 silly gunzTarPerm extractEntry README.md
9521 silly gunzTarPerm modified mode [ 'README.md', 436, 420 ]
9522 verbose correctMkdir /Users/andyporter/.npm correctMkdir not in flight; initializing
9523 verbose correctMkdir /Users/andyporter/.npm correctMkdir not in flight; initializing
9524 silly gunzTarPerm extractEntry lib/marked.umd.js
9525 silly gunzTarPerm extractEntry src/Parser.js
9526 silly gunzTarPerm extractEntry src/Renderer.js
9527 silly gunzTarPerm extractEntry src/rules.js
9528 silly gunzTarPerm extractEntry src/Slugger.js
9529 silly gunzTarPerm extractEntry src/TextRenderer.js
9530 silly gunzTarPerm extractEntry src/Tokenizer.js
9531 silly gunzTarPerm extractEntry package.json
9532 silly gunzTarPerm extractEntry LICENSE.md
9533 silly gunzTarPerm extractEntry README.md
9534 silly gunzTarPerm extractEntry man/marked.1.txt
9535 silly gunzTarPerm extractEntry internal/constants.js
9536 silly gunzTarPerm extractEntry internal/debug.js
9537 silly gunzTarPerm extractEntry functions/diff.js
9538 silly gunzTarPerm extractEntry functions/eq.js
9539 silly gunzTarPerm extractEntry functions/gt.js
9540 silly gunzTarPerm extractEntry functions/gte.js
9541 silly gunzTarPerm extractEntry ranges/gtr.js
9542 silly gunzTarPerm extractEntry internal/identifiers.js
9543 silly gunzTarPerm extractEntry functions/inc.js
9544 silly gunzTarPerm extractEntry classes/index.js
9545 silly gunzTarPerm extractEntry index.js
9546 silly gunzTarPerm extractEntry ranges/intersects.js
9547 silly gunzTarPerm extractEntry internal/lrucache.js
9548 silly gunzTarPerm extractEntry functions/lt.js
9549 silly gunzTarPerm extractEntry functions/lte.js
9550 silly gunzTarPerm extractEntry ranges/ltr.js
9551 silly gunzTarPerm extractEntry functions/major.js
9552 silly gunzTarPerm extractEntry ranges/max-satisfying.js
9553 silly gunzTarPerm extractEntry ranges/min-satisfying.js
9554 silly gunzTarPerm extractEntry ranges/min-version.js
9555 silly gunzTarPerm extractEntry functions/minor.js
9556 silly gunzTarPerm extractEntry functions/neq.js
9557 silly gunzTarPerm extractEntry ranges/outside.js
9558 silly gunzTarPerm extractEntry internal/parse-options.js
9559 silly gunzTarPerm extractEntry functions/parse.js
9560 silly gunzTarPerm extractEntry functions/patch.js
9561 silly gunzTarPerm extractEntry preload.js
9562 silly gunzTarPerm extractEntry functions/prerelease.js
9563 silly gunzTarPerm extractEntry classes/range.js
9564 silly gunzTarPerm extractEntry functions/rcompare.js
9565 silly gunzTarPerm extractEntry internal/re.js
9566 silly gunzTarPerm extractEntry functions/rsort.js
9567 silly gunzTarPerm extractEntry functions/satisfies.js
9568 silly gunzTarPerm extractEntry bin/semver.js
9569 silly gunzTarPerm extractEntry classes/semver.js
9570 silly gunzTarPerm extractEntry ranges/simplify.js
9571 silly gunzTarPerm extractEntry functions/sort.js
9572 silly gunzTarPerm extractEntry ranges/subset.js
9573 silly gunzTarPerm extractEntry ranges/to-comparators.js
9574 silly gunzTarPerm extractEntry functions/valid.js
9575 silly gunzTarPerm extractEntry ranges/valid.js
9576 silly gunzTarPerm extractEntry package.json
9577 silly gunzTarPerm extractEntry README.md
9578 silly gunzTarPerm extractEntry package.json
9579 silly gunzTarPerm extractEntry README.md
9580 silly gunzTarPerm extractEntry out/readers/reader.js
9581 silly gunzTarPerm modified mode [ 'out/readers/reader.js', 436, 420 ]
9582 silly gunzTarPerm extractEntry out/settings.js
9583 silly gunzTarPerm modified mode [ 'out/settings.js', 436, 420 ]
9584 silly fetchAndShaCheck shasum 47a93d6f4b79327da63af727e7c54e8cab8c4d33
9585 verbose addTmpTarball /var/folders/_4/7hgy5s8d1493hmmc5xj976900000gq/T/npm-47481-492c5c41/registry.npmjs.org/_40types/node/-/node-22.17.2.tgz not in flight; adding
9586 verbose correctMkdir /Users/andyporter/.npm correctMkdir not in flight; initializing
9587 verbose addTmpTarball validating metadata from /var/folders/_4/7hgy5s8d1493hmmc5xj976900000gq/T/npm-47481-492c5c41/registry.npmjs.org/_40types/node/-/node-22.17.2.tgz
9588 verbose tar unpack /var/folders/_4/7hgy5s8d1493hmmc5xj976900000gq/T/npm-47481-492c5c41/registry.npmjs.org/_40types/node/-/node-22.17.2.tgz
9589 verbose tar unpacking to /var/folders/_4/7hgy5s8d1493hmmc5xj976900000gq/T/npm-47481-492c5c41/unpack-5ad1e55e
9590 silly gentlyRm /var/folders/_4/7hgy5s8d1493hmmc5xj976900000gq/T/npm-47481-492c5c41/unpack-5ad1e55e is being purged
9591 verbose gentlyRm don't care about contents; nuking /var/folders/_4/7hgy5s8d1493hmmc5xj976900000gq/T/npm-47481-492c5c41/unpack-5ad1e55e
9592 silly gunzTarPerm extractEntry test/example.ts
9593 silly gunzTarPerm extractEntry index.d.ts
9594 silly gunzTarPerm extractEntry lib/main.d.ts
9595 silly gunzTarPerm extractEntry constants/maxArrayLength.js
9596 silly gunzTarPerm extractEntry constants/maxSafeInteger.js
9597 verbose correctMkdir /Users/andyporter/.npm correctMkdir not in flight; initializing
9598 silly gunzTarPerm modes [ '755', '644' ]
9599 verbose correctMkdir /Users/andyporter/.npm correctMkdir not in flight; initializing
9600 verbose correctMkdir /Users/andyporter/.npm correctMkdir not in flight; initializing
9601 silly gunzTarPerm extractEntry CHANGELOG.md
9602 silly gunzTarPerm extractEntry README.md
9603 verbose correctMkdir /Users/andyporter/.npm correctMkdir not in flight; initializing
9604 silly gunzTarPerm extractEntry lib/done.js
9605 silly gunzTarPerm extractEntry setimmediate/done.js
9606 silly gunzTarPerm extractEntry LICENSE
9607 silly gunzTarPerm extractEntry HISTORY.md
9608 silly gunzTarPerm extractEntry LICENSE.md
9609 silly gunzTarPerm extractEntry watcher.node
9610 silly gunzTarPerm extractEntry watcher.node
9611 verbose correctMkdir /Users/andyporter/.npm correctMkdir not in flight; initializing
9612 verbose correctMkdir /Users/andyporter/.npm correctMkdir not in flight; initializing
9613 silly gunzTarPerm extractEntry lib/CachedResponse.js
9614 silly gunzTarPerm extractEntry lib/CachedResponse.js.flow
9615 verbose correctMkdir /Users/andyporter/.npm correctMkdir not in flight; initializing
9616 verbose correctMkdir /Users/andyporter/.npm correctMkdir not in flight; initializing
9617 silly gunzTarPerm extractEntry index.d.ts
9618 silly gunzTarPerm extractEntry .github/FUNDING.yml
9619 silly gunzTarPerm extractEntry index.d.ts
9620 silly gunzTarPerm extractEntry .github/FUNDING.yml
9621 silly gunzTarPerm extractEntry dist/commonjs/index.d.ts
9622 silly gunzTarPerm extractEntry dist/esm/index.d.ts
9623 silly gunzTarPerm extractEntry lib/source-map-generator.js
9624 silly gunzTarPerm extractEntry source-map.js
9625 silly gunzTarPerm extractEntry watcher.node
9626 verbose correctMkdir /Users/andyporter/.npm correctMkdir not in flight; initializing
9627 silly gunzTarPerm extractEntry helpers/index.js
9628 silly gunzTarPerm extractEntry build/lib/utils/is-promise.js
9629 verbose correctMkdir /Users/andyporter/.npm correctMkdir not in flight; initializing
9630 silly gunzTarPerm extractEntry watcher.node
9631 silly gunzTarPerm extractEntry test/fixtures/resp-single.js
9632 verbose correctMkdir /Users/andyporter/.npm correctMkdir not in flight; initializing
9633 silly gunzTarPerm extractEntry recipes/grunt.html.injection/Gruntfile.js
9634 silly gunzTarPerm extractEntry recipes/grunt.html.injection/app/css/main.css
9635 silly gunzTarPerm extractEntry lib/index.js
9636 silly gunzTarPerm extractEntry lib/monitor/index.js
9637 silly gunzTarPerm extractEntry CHANGELOG.md
9638 verbose correctMkdir /Users/andyporter/.npm correctMkdir not in flight; initializing
9639 verbose correctMkdir /Users/andyporter/.npm correctMkdir not in flight; initializing
9640 silly gunzTarPerm extractEntry test/duplicates/b.json
9641 silly gunzTarPerm extractEntry test/duplicates/b/1.js
9642 silly gunzTarPerm extractEntry build/esm-debug/is-binary.js
9643 silly gunzTarPerm extractEntry build/esm/is-binary.js
9644 silly gunzTarPerm extractEntry out/settings.js
9645 silly gunzTarPerm modified mode [ 'out/settings.js', 436, 420 ]
9646 silly gunzTarPerm extractEntry out/providers/sync.js
9647 silly gunzTarPerm modified mode [ 'out/providers/sync.js', 436, 420 ]
9648 silly gunzTarPerm extractEntry package.json
9649 silly gunzTarPerm modified mode [ 'package.json', 436, 420 ]
9650 silly gunzTarPerm extractEntry README.md
9651 silly gunzTarPerm modified mode [ 'README.md', 436, 420 ]
9652 silly gunzTarPerm extractEntry out/providers/async.d.ts
9653 silly gunzTarPerm modified mode [ 'out/providers/async.d.ts', 436, 420 ]
9654 silly gunzTarPerm extractEntry out/providers/common.d.ts
9655 silly gunzTarPerm modified mode [ 'out/providers/common.d.ts', 436, 420 ]
9656 silly gunzTarPerm extractEntry out/constants.d.ts
9657 silly gunzTarPerm modified mode [ 'out/constants.d.ts', 436, 420 ]
9658 silly gunzTarPerm extractEntry out/adapters/fs.d.ts
9659 silly gunzTarPerm modified mode [ 'out/adapters/fs.d.ts', 436, 420 ]
9660 silly gunzTarPerm extractEntry out/utils/fs.d.ts
9661 silly gunzTarPerm modified mode [ 'out/utils/fs.d.ts', 436, 420 ]
9662 silly gunzTarPerm extractEntry out/index.d.ts
9663 silly gunzTarPerm modified mode [ 'out/index.d.ts', 436, 420 ]
9664 silly gunzTarPerm extractEntry out/types/index.d.ts
9665 silly gunzTarPerm modified mode [ 'out/types/index.d.ts', 436, 420 ]
9666 silly gunzTarPerm extractEntry out/utils/index.d.ts
9667 silly gunzTarPerm modified mode [ 'out/utils/index.d.ts', 436, 420 ]
9668 silly gunzTarPerm extractEntry out/settings.d.ts
9669 silly gunzTarPerm modified mode [ 'out/settings.d.ts', 436, 420 ]
9670 silly gunzTarPerm extractEntry out/providers/sync.d.ts
9671 silly gunzTarPerm modified mode [ 'out/providers/sync.d.ts', 436, 420 ]
9672 silly gunzTarPerm extractEntry dist/index.js
9673 silly gunzTarPerm extractEntry dist/namespace.js
9674 silly gunzTarPerm extractEntry dist/cli/transforms/appendServerIndexOption.js
9675 silly gunzTarPerm extractEntry dist/args.js
9676 silly gunzTarPerm extractEntry lib/utils.js
9677 silly gunzTarPerm extractEntry lib/view.js
9678 verbose correctMkdir /Users/andyporter/.npm correctMkdir not in flight; initializing
9679 verbose correctMkdir /Users/andyporter/.npm correctMkdir not in flight; initializing
9680 verbose correctMkdir /Users/andyporter/.npm correctMkdir not in flight; initializing
9681 verbose correctMkdir /Users/andyporter/.npm correctMkdir not in flight; initializing
9682 verbose correctMkdir /Users/andyporter/.npm correctMkdir not in flight; initializing
9683 verbose correctMkdir /Users/andyporter/.npm correctMkdir not in flight; initializing
9684 silly gunzTarPerm extractEntry encodings/internal.js
9685 silly gunzTarPerm extractEntry encodings/sbcs-codec.js
9686 silly gunzTarPerm extractEntry test/fakes.js
9687 verbose correctMkdir /Users/andyporter/.npm correctMkdir not in flight; initializing
9688 silly gunzTarPerm extractEntry bin/precompile
9689 silly gunzTarPerm extractEntry bin/precompile.cmd
9690 silly gunzTarPerm extractEntry package.json
9691 silly gunzTarPerm extractEntry dist/commonjs/index.d.ts
9692 silly gunzTarPerm extractEntry src/index.js
9693 silly gunzTarPerm extractEntry src/inspector-log.js
9694 silly gunzTarPerm extractEntry get.d.ts
9695 silly gunzTarPerm extractEntry set.d.ts
9696 silly gunzTarPerm extractEntry build/transport.js
9697 silly gunzTarPerm extractEntry build/contrib/types.cookie.js
9698 silly gunzTarPerm extractEntry dist/engine.io.min.js
9699 silly gunzTarPerm extractEntry build/cjs/globals.js
9700 silly cache afterAdd abbrev@1.1.1
9701 verbose afterAdd /Users/andyporter/.npm/abbrev/1.1.1/package/package.json not in flight; writing
9702 verbose correctMkdir /Users/andyporter/.npm correctMkdir not in flight; initializing
9703 verbose correctMkdir /Users/andyporter/.npm correctMkdir not in flight; initializing
9704 silly gunzTarPerm extractEntry dist/esm-node/md5.js
9705 silly gunzTarPerm extractEntry dist/md5.js
9706 silly gunzTarPerm extractEntry out/providers/async.d.ts
9707 silly gunzTarPerm modified mode [ 'out/providers/async.d.ts', 436, 420 ]
9708 silly gunzTarPerm extractEntry
9709 verbose correctMkdir /Users/andyporter/.npm correctMkdir not in flight; initializing
9710 verbose correctMkdir /Users/andyporter/.npm correctMkdir not in flight; initializing
9711 verbose correctMkdir /Users/andyporter/.npm correctMkdir not in flight; initializing
9712 verbose correctMkdir /Users/andyporter/.npm correctMkdir not in flight; initializing
9713 verbose correctMkdir /Users/andyporter/.npm correctMkdir not in flight; initializing
9714 verbose correctMkdir /Users/andyporter/.npm correctMkdir not in flight; initializing
9715 silly gunzTarPerm extractEntry constants/maxValue.js
9716 silly gunzTarPerm extractEntry min.js
9717 verbose correctMkdir /Users/andyporter/.npm correctMkdir not in flight; initializing
9718 silly gunzTarPerm extractEntry _arrayEachRight.js
9719 silly gunzTarPerm extractEntry _arrayEvery.js
9720 verbose correctMkdir /Users/andyporter/.npm correctMkdir not in flight; initializing
9721 silly gunzTarPerm extractEntry watcher.node
9722 silly gunzTarPerm extractEntry build/esm/contrib/backo2.js
9723 silly gunzTarPerm extractEntry build/cjs/browser-entrypoint.js
9724 verbose correctMkdir /Users/andyporter/.npm correctMkdir not in flight; initializing
9725 silly gunzTarPerm extractEntry out/providers/stream.js
9726 silly gunzTarPerm modified mode [ 'out/providers/stream.js', 436, 420 ]
9727 silly fetchPackageMetaData Error: ENOTDIR: not a directory, open '/var/folders/_4/7hgy5s8d1493hmmc5xj976900000gq/T/npm-47481-492c5c41/unpack-953f0740/package.json'
9727 silly fetchPackageMetaData     at Error (native)
9727 silly fetchPackageMetaData  error for @types/cors@https://registry.npmjs.org/@types/cors/-/cors-2.8.19.tgz { Error: ENOTDIR: not a directory, open '/var/folders/_4/7hgy5s8d1493hmmc5xj976900000gq/T/npm-47481-492c5c41/unpack-953f0740/package.json'
9727 silly fetchPackageMetaData     at Error (native)
9727 silly fetchPackageMetaData   errno: -20,
9727 silly fetchPackageMetaData   code: 'ENOTDIR',
9727 silly fetchPackageMetaData   syscall: 'open',
9727 silly fetchPackageMetaData   path: '/var/folders/_4/7hgy5s8d1493hmmc5xj976900000gq/T/npm-47481-492c5c41/unpack-953f0740/package.json' }
9728 silly gunzTarPerm extractEntry dist/esm/lib/hook-engine.js
9729 silly gunzTarPerm extractEntry dist/commonjs/index.js
9730 verbose correctMkdir /Users/andyporter/.npm correctMkdir not in flight; initializing
9731 silly gunzTarPerm extractEntry .github/workflows/ci.yml
9732 silly gunzTarPerm extractEntry .github/dependabot.yml
9733 silly gunzTarPerm extractEntry actualApply.d.ts
9734 silly gunzTarPerm extractEntry applyBind.d.ts
9735 silly gunzTarPerm extractEntry dist/immutable-nonambient.d.ts
9736 silly gunzTarPerm extractEntry dist/immutable.d.ts
9737 verbose correctMkdir /Users/andyporter/.npm correctMkdir not in flight; initializing
9738 verbose correctMkdir /Users/andyporter/.npm correctMkdir not in flight; initializing
9739 verbose correctMkdir /Users/andyporter/.npm correctMkdir not in flight; initializing
9740 verbose correctMkdir /Users/andyporter/.npm correctMkdir not in flight; initializing
9741 verbose correctMkdir /Users/andyporter/.npm correctMkdir not in flight; initializing
9742 verbose correctMkdir /Users/andyporter/.npm correctMkdir not in flight; initializing
9743 silly gunzTarPerm extractEntry lib/Callback.d.ts
9744 silly gunzTarPerm extractEntry lib/Callback.js
9745 verbose correctMkdir /Users/andyporter/.npm correctMkdir not in flight; initializing
9746 silly cache afterAdd async-each-series@0.1.1
9747 verbose afterAdd /Users/andyporter/.npm/async-each-series/0.1.1/package/package.json not in flight; writing
9748 verbose correctMkdir /Users/andyporter/.npm correctMkdir not in flight; initializing
9749 verbose correctMkdir /Users/andyporter/.npm correctMkdir not in flight; initializing
9750 verbose correctMkdir /Users/andyporter/.npm correctMkdir not in flight; initializing
9751 verbose correctMkdir /Users/andyporter/.npm correctMkdir not in flight; initializing
9752 verbose correctMkdir /Users/andyporter/.npm correctMkdir not in flight; initializing
9753 verbose correctMkdir /Users/andyporter/.npm correctMkdir not in flight; initializing
9754 verbose correctMkdir /Users/andyporter/.npm correctMkdir not in flight; initializing
9755 verbose correctMkdir /Users/andyporter/.npm correctMkdir not in flight; initializing
9756 verbose correctMkdir /Users/andyporter/.npm correctMkdir not in flight; initializing
9757 verbose correctMkdir /Users/andyporter/.npm correctMkdir not in flight; initializing
9758 silly gunzTarPerm extractEntry src/done.js
9759 silly gunzTarPerm extractEntry domains/es6-extensions.js
9760 verbose afterAdd /Users/andyporter/.npm/abbrev/1.1.1/package/package.json written
9761 verbose correctMkdir /Users/andyporter/.npm correctMkdir not in flight; initializing
9762 verbose correctMkdir /Users/andyporter/.npm correctMkdir not in flight; initializing
9763 silly gunzTarPerm extractEntry lib/source-node.js
9764 silly gunzTarPerm extractEntry lib/util.js
9765 silly gunzTarPerm extractEntry
9766 silly gunzTarPerm extractEntry
9767 silly gunzTarPerm extractEntry
9768 verbose correctMkdir /Users/andyporter/.npm correctMkdir not in flight; initializing
9769 verbose correctMkdir /Users/andyporter/.npm correctMkdir not in flight; initializing
9770 verbose correctMkdir /Users/andyporter/.npm correctMkdir not in flight; initializing
9771 verbose correctMkdir /Users/andyporter/.npm correctMkdir not in flight; initializing
9772 silly gunzTarPerm extractEntry README.md
9773 silly gunzTarPerm extractEntry index.d.ts
9774 silly gunzTarPerm extractEntry lib/json-buffer/README.md
9775 silly gunzTarPerm extractEntry README.md
9776 verbose correctMkdir /Users/andyporter/.npm correctMkdir not in flight; initializing
9777 verbose correctMkdir /Users/andyporter/.npm correctMkdir not in flight; initializing
9778 verbose correctMkdir /Users/andyporter/.npm correctMkdir not in flight; initializing
9779 verbose correctMkdir /Users/andyporter/.npm correctMkdir not in flight; initializing
9780 verbose correctMkdir /Users/andyporter/.npm correctMkdir not in flight; initializing
9781 silly gunzTarPerm extractEntry encodings/sbcs-data-generated.js
9782 silly gunzTarPerm extractEntry encodings/sbcs-data.js
9783 silly gunzTarPerm extractEntry encodings/tables/big5-added.json
9784 verbose correctMkdir /Users/andyporter/.npm correctMkdir not in flight; initializing
9785 silly gunzTarPerm extractEntry example/fn.js
9786 silly gunzTarPerm extractEntry test/fn.js
9787 silly gunzTarPerm extractEntry src/compiler.js
9788 verbose correctMkdir /Users/andyporter/.npm correctMkdir not in flight; initializing
9789 silly gunzTarPerm extractEntry build/cjs/package.json
9790 silly gunzTarPerm extractEntry build/esm-debug/package.json
9791 silly gunzTarPerm extractEntry build/lib/utils/levenshtein.js
9792 silly gunzTarPerm extractEntry build/lib/utils/maybe-async-result.js
9793 silly gunzTarPerm extractEntry dist/esm/index.d.ts
9794 silly gunzTarPerm extractEntry dist/commonjs/inquirer.d.ts
9795 verbose correctMkdir /Users/andyporter/.npm correctMkdir not in flight; initializing
9796 verbose correctMkdir /Users/andyporter/.npm correctMkdir not in flight; initializing
9797 verbose correctMkdir /Users/andyporter/.npm correctMkdir not in flight; initializing
9798 silly gunzTarPerm extractEntry src/node.js
9799 verbose correctMkdir /Users/andyporter/.npm correctMkdir not in flight; initializing
9800 silly cache afterAdd core-util-is@1.0.3
9801 verbose afterAdd /Users/andyporter/.npm/core-util-is/1.0.3/package/package.json not in flight; writing
9802 verbose correctMkdir /Users/andyporter/.npm correctMkdir not in flight; initializing
9803 verbose correctMkdir /Users/andyporter/.npm correctMkdir not in flight; initializing
9804 verbose correctMkdir /Users/andyporter/.npm correctMkdir not in flight; initializing
9805 verbose correctMkdir /Users/andyporter/.npm correctMkdir not in flight; initializing
9806 verbose correctMkdir /Users/andyporter/.npm correctMkdir not in flight; initializing
9807 verbose correctMkdir /Users/andyporter/.npm correctMkdir not in flight; initializing
9808 silly gunzTarPerm extractEntry test/duplicates/b/1.txt
9809 silly gunzTarPerm extractEntry test/duplicates/b/2.js
9810 verbose correctMkdir /Users/andyporter/.npm correctMkdir not in flight; initializing
9811 silly gunzTarPerm extractEntry src/environment.js
9812 verbose correctMkdir /Users/andyporter/.npm correctMkdir not in flight; initializing
9813 verbose correctMkdir /Users/andyporter/.npm correctMkdir not in flight; initializing
9814 silly gunzTarPerm extractEntry .github/FUNDING.yml
9815 verbose correctMkdir /Users/andyporter/.npm correctMkdir not in flight; initializing
9816 silly gunzTarPerm extractEntry build/userver.js
9817 silly gunzTarPerm extractEntry build/parser-v3/utf8.js
9818 silly gunzTarPerm extractEntry build/esm-debug/globals.js
9819 silly gunzTarPerm extractEntry build/esm/globals.js
9820 silly gunzTarPerm extractEntry build/cjs/globals.node.js
9821 silly gunzTarPerm extractEntry encodings/tables/cp936.json
9822 verbose afterAdd /Users/andyporter/.npm/async-each-series/0.1.1/package/package.json written
9823 verbose correctMkdir /Users/andyporter/.npm correctMkdir not in flight; initializing
9824 verbose correctMkdir /Users/andyporter/.npm correctMkdir not in flight; initializing
9825 verbose correctMkdir /Users/andyporter/.npm correctMkdir not in flight; initializing
9826 silly gunzTarPerm extractEntry lib/rules/index.js
9827 silly gunzTarPerm extractEntry lib/utils/index.js
9828 silly gunzTarPerm extractEntry dist/native-browser.js
9829 silly gunzTarPerm extractEntry dist/commonjs-browser/native.js
9830 verbose correctMkdir /Users/andyporter/.npm correctMkdir not in flight; initializing
9831 silly gunzTarPerm extractEntry dist/parent-namespace.js
9832 silly gunzTarPerm extractEntry dist/socket-types.js
9833 silly gunzTarPerm extractEntry package.json
9834 silly gunzTarPerm extractEntry History.md
9835 verbose correctMkdir /Users/andyporter/.npm correctMkdir not in flight; initializing
9836 silly gunzTarPerm extractEntry recipes/grunt.html.injection/app/index.html
9837 silly gunzTarPerm extractEntry recipes/grunt.html.injection/desc.md
9838 silly gunzTarPerm extractEntry functionApply.d.ts
9839 silly gunzTarPerm extractEntry functionCall.d.ts
9840 silly gunzTarPerm extractEntry mod.js
9841 silly gunzTarPerm extractEntry pow.js
9842 silly cache afterAdd buffer-from@1.1.2
9843 verbose afterAdd /Users/andyporter/.npm/buffer-from/1.1.2/package/package.json not in flight; writing
9844 verbose correctMkdir /Users/andyporter/.npm correctMkdir not in flight; initializing
9845 silly cache afterAdd brace-expansion@1.1.12
9846 verbose afterAdd /Users/andyporter/.npm/brace-expansion/1.1.12/package/package.json not in flight; writing
9847 verbose correctMkdir /Users/andyporter/.npm correctMkdir not in flight; initializing
9848 silly cache afterAdd color-name@1.1.4
9849 verbose afterAdd /Users/andyporter/.npm/color-name/1.1.4/package/package.json not in flight; writing
9850 verbose correctMkdir /Users/andyporter/.npm correctMkdir not in flight; initializing
9851 verbose correctMkdir /Users/andyporter/.npm correctMkdir not in flight; initializing
9852 verbose correctMkdir /Users/andyporter/.npm correctMkdir not in flight; initializing
9853 verbose correctMkdir /Users/andyporter/.npm correctMkdir not in flight; initializing
9854 verbose correctMkdir /Users/andyporter/.npm correctMkdir not in flight; initializing
9855 verbose correctMkdir /Users/andyporter/.npm correctMkdir not in flight; initializing
9856 verbose correctMkdir /Users/andyporter/.npm correctMkdir not in flight; initializing
9857 verbose correctMkdir /Users/andyporter/.npm correctMkdir not in flight; initializing
9858 silly gunzTarPerm extractEntry out/adapters/fs.d.ts
9859 silly gunzTarPerm modified mode [ 'out/adapters/fs.d.ts', 436, 420 ]
9860 silly gunzTarPerm extractEntry out/index.d.ts
9861 silly gunzTarPerm modified mode [ 'out/index.d.ts', 436, 420 ]
9862 verbose correctMkdir /Users/andyporter/.npm correctMkdir not in flight; initializing
9863 silly gunzTarPerm extractEntry dist/async-tasks.js
9864 silly gunzTarPerm extractEntry dist/async.js
9865 silly cache afterAdd a-sync-waterfall@1.0.1
9866 verbose afterAdd /Users/andyporter/.npm/a-sync-waterfall/1.0.1/package/package.json not in flight; writing
9867 verbose correctMkdir /Users/andyporter/.npm correctMkdir not in flight; initializing
9868 silly gunzTarPerm extractEntry build/esm-debug/globals.node.js
9869 silly gunzTarPerm extractEntry dist/immutable.js.flow
9870 verbose correctMkdir /Users/andyporter/.npm correctMkdir not in flight; initializing
9871 verbose correctMkdir /Users/andyporter/.npm correctMkdir not in flight; initializing
9872 verbose correctMkdir /Users/andyporter/.npm correctMkdir not in flight; initializing
9873 silly gunzTarPerm extractEntry _arrayFilter.js
9874 silly gunzTarPerm extractEntry _arrayIncludes.js
9875 verbose correctMkdir /Users/andyporter/.npm correctMkdir not in flight; initializing
9876 verbose correctMkdir /Users/andyporter/.npm correctMkdir not in flight; initializing
9877 silly gunzTarPerm extractEntry out/providers/sync.js
9878 silly gunzTarPerm modified mode [ 'out/providers/sync.js', 436, 420 ]
9879 silly gunzTarPerm extractEntry out/readers/sync.js
9880 silly gunzTarPerm modified mode [ 'out/readers/sync.js', 436, 420 ]
9881 silly gunzTarPerm extractEntry dist/esm/index.js
9882 silly gunzTarPerm extractEntry dist/commonjs/lib/key.js
9883 verbose correctMkdir /Users/andyporter/.npm correctMkdir not in flight; initializing
9884 silly gunzTarPerm extractEntry lib/Callback.js.flow
9885 silly gunzTarPerm extractEntry lib/FileCache.d.ts
9886 verbose correctMkdir /Users/andyporter/.npm correctMkdir not in flight; initializing
9887 verbose correctMkdir /Users/andyporter/.npm correctMkdir not in flight; initializing
9888 silly cache afterAdd array-flatten@1.1.1
9889 verbose afterAdd /Users/andyporter/.npm/array-flatten/1.1.1/package/package.json not in flight; writing
9890 verbose correctMkdir /Users/andyporter/.npm correctMkdir not in flight; initializing
9891 verbose correctMkdir /Users/andyporter/.npm correctMkdir not in flight; initializing
9892 verbose correctMkdir /Users/andyporter/.npm correctMkdir not in flight; initializing
9893 verbose correctMkdir /Users/andyporter/.npm correctMkdir not in flight; initializing
9894 verbose correctMkdir /Users/andyporter/.npm correctMkdir not in flight; initializing
9895 silly gunzTarPerm extractEntry
9896 silly gunzTarPerm extractEntry
9897 verbose afterAdd /Users/andyporter/.npm/core-util-is/1.0.3/package/package.json written
9898 silly cache afterAdd fill-range@7.1.1
9899 verbose afterAdd /Users/andyporter/.npm/fill-range/7.1.1/package/package.json not in flight; writing
9900 verbose correctMkdir /Users/andyporter/.npm correctMkdir not in flight; initializing
9901 silly cache afterAdd concat-stream@1.6.2
9902 verbose afterAdd /Users/andyporter/.npm/concat-stream/1.6.2/package/package.json not in flight; writing
9903 verbose correctMkdir /Users/andyporter/.npm correctMkdir not in flight; initializing
9904 silly cache afterAdd aggregate-error@3.1.0
9905 verbose afterAdd /Users/andyporter/.npm/aggregate-error/3.1.0/package/package.json not in flight; writing
9906 verbose correctMkdir /Users/andyporter/.npm correctMkdir not in flight; initializing
9907 silly cache afterAdd escape-html@1.0.3
9908 verbose afterAdd /Users/andyporter/.npm/escape-html/1.0.3/package/package.json not in flight; writing
9909 verbose correctMkdir /Users/andyporter/.npm correctMkdir not in flight; initializing
9910 silly cache afterAdd destroy@1.2.0
9911 verbose afterAdd /Users/andyporter/.npm/destroy/1.2.0/package/package.json not in flight; writing
9912 verbose correctMkdir /Users/andyporter/.npm correctMkdir not in flight; initializing
9913 verbose correctMkdir /Users/andyporter/.npm correctMkdir not in flight; initializing
9914 verbose correctMkdir /Users/andyporter/.npm correctMkdir not in flight; initializing
9915 verbose correctMkdir /Users/andyporter/.npm correctMkdir not in flight; initializing
9916 silly cache afterAdd has-flag@3.0.0
9917 verbose afterAdd /Users/andyporter/.npm/has-flag/3.0.0/package/package.json not in flight; writing
9918 verbose correctMkdir /Users/andyporter/.npm correctMkdir not in flight; initializing
9919 verbose correctMkdir /Users/andyporter/.npm correctMkdir not in flight; initializing
9920 silly gunzTarPerm extractEntry package.json
9921 silly gunzTarPerm extractEntry CHANGELOG.md
9922 verbose correctMkdir /Users/andyporter/.npm correctMkdir not in flight; initializing
9923 verbose correctMkdir /Users/andyporter/.npm correctMkdir not in flight; initializing
9924 verbose correctMkdir /Users/andyporter/.npm correctMkdir not in flight; initializing
9925 verbose correctMkdir /Users/andyporter/.npm correctMkdir not in flight; initializing
9926 silly cache afterAdd ee-first@1.1.1
9927 verbose afterAdd /Users/andyporter/.npm/ee-first/1.1.1/package/package.json not in flight; writing
9928 verbose correctMkdir /Users/andyporter/.npm correctMkdir not in flight; initializing
9929 silly cache afterAdd is-glob@4.0.3
9930 verbose afterAdd /Users/andyporter/.npm/is-glob/4.0.3/package/package.json not in flight; writing
9931 verbose correctMkdir /Users/andyporter/.npm correctMkdir not in flight; initializing
9932 verbose afterAdd /Users/andyporter/.npm/buffer-from/1.1.2/package/package.json written
9933 verbose afterAdd /Users/andyporter/.npm/color-name/1.1.4/package/package.json written
9934 verbose afterAdd /Users/andyporter/.npm/brace-expansion/1.1.12/package/package.json written
9935 verbose correctMkdir /Users/andyporter/.npm correctMkdir not in flight; initializing
9936 silly gunzTarPerm extractEntry lib/es6-extensions.js
9937 silly gunzTarPerm extractEntry setimmediate/es6-extensions.js
9938 silly gunzTarPerm extractEntry test/global.js
9939 silly gunzTarPerm extractEntry test/has.js
9940 silly gunzTarPerm extractEntry shams.d.ts
9941 silly gunzTarPerm extractEntry .github/FUNDING.yml
9942 silly gunzTarPerm extractEntry dist/esm/inquirer.d.ts
9943 verbose correctMkdir /Users/andyporter/.npm correctMkdir not in flight; initializing
9944 verbose correctMkdir /Users/andyporter/.npm correctMkdir not in flight; initializing
9945 verbose correctMkdir /Users/andyporter/.npm correctMkdir not in flight; initializing
9946 verbose correctMkdir /Users/andyporter/.npm correctMkdir not in flight; initializing
9947 silly cache afterAdd get-port@3.2.0
9948 verbose afterAdd /Users/andyporter/.npm/get-port/3.2.0/package/package.json not in flight; writing
9949 verbose correctMkdir /Users/andyporter/.npm correctMkdir not in flight; initializing
9950 verbose afterAdd /Users/andyporter/.npm/a-sync-waterfall/1.0.1/package/package.json written
9951 verbose correctMkdir /Users/andyporter/.npm correctMkdir not in flight; initializing
9952 verbose correctMkdir /Users/andyporter/.npm correctMkdir not in flight; initializing
9953 silly gunzTarPerm extractEntry build/esm/package.json
9954 silly gunzTarPerm extractEntry package.json
9955 verbose correctMkdir /Users/andyporter/.npm correctMkdir not in flight; initializing
9956 silly fetchAndShaCheck shasum 0aa4312a3b7195d1018013ecc15012a8089ae583
9957 verbose addTmpTarball /var/folders/_4/7hgy5s8d1493hmmc5xj976900000gq/T/npm-47481-492c5c41/registry.npmjs.org/browser-sync-ui/-/browser-sync-ui-3.0.4.tgz not in flight; adding
9958 verbose correctMkdir /Users/andyporter/.npm correctMkdir not in flight; initializing
9959 verbose addTmpTarball validating metadata from /var/folders/_4/7hgy5s8d1493hmmc5xj976900000gq/T/npm-47481-492c5c41/registry.npmjs.org/browser-sync-ui/-/browser-sync-ui-3.0.4.tgz
9960 verbose tar unpack /var/folders/_4/7hgy5s8d1493hmmc5xj976900000gq/T/npm-47481-492c5c41/registry.npmjs.org/browser-sync-ui/-/browser-sync-ui-3.0.4.tgz
9961 verbose tar unpacking to /var/folders/_4/7hgy5s8d1493hmmc5xj976900000gq/T/npm-47481-492c5c41/unpack-70db159d
9962 silly gentlyRm /var/folders/_4/7hgy5s8d1493hmmc5xj976900000gq/T/npm-47481-492c5c41/unpack-70db159d is being purged
9963 verbose gentlyRm don't care about contents; nuking /var/folders/_4/7hgy5s8d1493hmmc5xj976900000gq/T/npm-47481-492c5c41/unpack-70db159d
9964 silly cache afterAdd ignore-by-default@1.0.1
9965 verbose afterAdd /Users/andyporter/.npm/ignore-by-default/1.0.1/package/package.json not in flight; writing
9966 verbose correctMkdir /Users/andyporter/.npm correctMkdir not in flight; initializing
9967 silly cache afterAdd inflight@1.0.6
9968 verbose afterAdd /Users/andyporter/.npm/inflight/1.0.6/package/package.json not in flight; writing
9969 verbose correctMkdir /Users/andyporter/.npm correctMkdir not in flight; initializing
9970 silly cache afterAdd lodash.isfinite@3.3.2
9971 verbose afterAdd /Users/andyporter/.npm/lodash.isfinite/3.3.2/package/package.json not in flight; writing
9972 verbose correctMkdir /Users/andyporter/.npm correctMkdir not in flight; initializing
9973 silly cache afterAdd is-number@7.0.0
9974 verbose afterAdd /Users/andyporter/.npm/is-number/7.0.0/package/package.json not in flight; writing
9975 verbose correctMkdir /Users/andyporter/.npm correctMkdir not in flight; initializing
9976 silly cache afterAdd is-extglob@2.1.1
9977 verbose afterAdd /Users/andyporter/.npm/is-extglob/2.1.1/package/package.json not in flight; writing
9978 verbose correctMkdir /Users/andyporter/.npm correctMkdir not in flight; initializing
9979 verbose correctMkdir /Users/andyporter/.npm correctMkdir not in flight; initializing
9980 verbose afterAdd /Users/andyporter/.npm/array-flatten/1.1.1/package/package.json written
9981 verbose correctMkdir /Users/andyporter/.npm correctMkdir not in flight; initializing
9982 silly gunzTarPerm modes [ '755', '644' ]
9983 silly cache afterAdd shebang-command@2.0.0
9984 verbose afterAdd /Users/andyporter/.npm/shebang-command/2.0.0/package/package.json not in flight; writing
9985 verbose correctMkdir /Users/andyporter/.npm correctMkdir not in flight; initializing
9986 silly cache afterAdd path-to-regexp@0.1.12
9987 verbose afterAdd /Users/andyporter/.npm/path-to-regexp/0.1.12/package/package.json not in flight; writing
9988 verbose correctMkdir /Users/andyporter/.npm correctMkdir not in flight; initializing
9989 silly cache afterAdd dir-glob@3.0.1
9990 verbose afterAdd /Users/andyporter/.npm/dir-glob/3.0.1/package/package.json not in flight; writing
9991 verbose correctMkdir /Users/andyporter/.npm correctMkdir not in flight; initializing
9992 verbose afterAdd /Users/andyporter/.npm/fill-range/7.1.1/package/package.json written
9993 silly gunzTarPerm extractEntry round.js
9994 silly gunzTarPerm extractEntry sign.js
9995 silly gunzTarPerm extractEntry build/transports-uws/websocket.js
9996 silly gunzTarPerm extractEntry build/transports/websocket.js
9997 verbose correctMkdir /Users/andyporter/.npm correctMkdir not in flight; initializing
9998 verbose afterAdd /Users/andyporter/.npm/concat-stream/1.6.2/package/package.json written
9999 verbose afterAdd /Users/andyporter/.npm/aggregate-error/3.1.0/package/package.json written
10000 verbose afterAdd /Users/andyporter/.npm/escape-html/1.0.3/package/package.json written
10001 verbose afterAdd /Users/andyporter/.npm/destroy/1.2.0/package/package.json written
10002 silly gunzTarPerm extractEntry lib/config/load.js
10003 silly gunzTarPerm extractEntry lib/utils/log.js
10004 silly gunzTarPerm extractEntry src/express-app.js
10005 silly gunzTarPerm extractEntry src/filters.js
10006 silly gunzTarPerm extractEntry dist/esm-browser/native.js
10007 silly gunzTarPerm extractEntry dist/esm-node/native.js
10008 silly gunzTarPerm extractEntry build/esm-debug/browser-entrypoint.js
10009 silly gunzTarPerm extractEntry build/esm/browser-entrypoint.js
10010 silly gunzTarPerm extractEntry client-dist/socket.io.esm.min.js
10011 silly gunzTarPerm extractEntry client-dist/socket.io.js
10012 silly gunzTarPerm extractEntry package.json
10013 silly gunzTarPerm modified mode [ 'package.json', 436, 420 ]
10014 silly gunzTarPerm extractEntry README.md
10015 silly gunzTarPerm modified mode [ 'README.md', 436, 420 ]
10016 silly gunzTarPerm extractEntry Readme.md
10017 silly cache afterAdd normalize-path@3.0.0
10018 verbose afterAdd /Users/andyporter/.npm/normalize-path/3.0.0/package/package.json not in flight; writing
10019 verbose correctMkdir /Users/andyporter/.npm correctMkdir not in flight; initializing
10020 silly cache afterAdd run-parallel@1.2.0
10021 verbose afterAdd /Users/andyporter/.npm/run-parallel/1.2.0/package/package.json not in flight; writing
10022 verbose correctMkdir /Users/andyporter/.npm correctMkdir not in flight; initializing
10023 silly cache afterAdd minimatch@3.1.2
10024 verbose afterAdd /Users/andyporter/.npm/minimatch/3.1.2/package/package.json not in flight; writing
10025 verbose correctMkdir /Users/andyporter/.npm correctMkdir not in flight; initializing
10026 silly cache afterAdd ansi-regex@5.0.1
10027 verbose afterAdd /Users/andyporter/.npm/ansi-regex/5.0.1/package/package.json not in flight; writing
10028 verbose correctMkdir /Users/andyporter/.npm correctMkdir not in flight; initializing
10029 silly cache afterAdd array-union@2.1.0
10030 verbose afterAdd /Users/andyporter/.npm/array-union/2.1.0/package/package.json not in flight; writing
10031 verbose correctMkdir /Users/andyporter/.npm correctMkdir not in flight; initializing
10032 silly cache afterAdd object-assign@4.1.1
10033 verbose afterAdd /Users/andyporter/.npm/object-assign/4.1.1/package/package.json not in flight; writing
10034 verbose correctMkdir /Users/andyporter/.npm correctMkdir not in flight; initializing
10035 silly cache afterAdd ms@2.0.0
10036 verbose afterAdd /Users/andyporter/.npm/ms/2.0.0/package/package.json not in flight; writing
10037 verbose correctMkdir /Users/andyporter/.npm correctMkdir not in flight; initializing
10038 silly cache afterAdd once@1.4.0
10039 verbose afterAdd /Users/andyporter/.npm/once/1.4.0/package/package.json not in flight; writing
10040 verbose correctMkdir /Users/andyporter/.npm correctMkdir not in flight; initializing
10041 silly cache afterAdd process-nextick-args@2.0.1
10042 verbose afterAdd /Users/andyporter/.npm/process-nextick-args/2.0.1/package/package.json not in flight; writing
10043 verbose correctMkdir /Users/andyporter/.npm correctMkdir not in flight; initializing
10044 verbose afterAdd /Users/andyporter/.npm/has-flag/3.0.0/package/package.json written
10045 silly gunzTarPerm extractEntry test/duplicates/b/2.json
10046 silly gunzTarPerm extractEntry test/duplicates/c.txt
10047 silly gunzTarPerm extractEntry out/types/index.d.ts
10048 silly gunzTarPerm modified mode [ 'out/types/index.d.ts', 436, 420 ]
10049 silly gunzTarPerm extractEntry out/settings.d.ts
10050 silly gunzTarPerm modified mode [ 'out/settings.d.ts', 436, 420 ]
10051 verbose correctMkdir /Users/andyporter/.npm correctMkdir not in flight; initializing
10052 verbose correctMkdir /Users/andyporter/.npm correctMkdir not in flight; initializing
10053 silly cache afterAdd cli-width@4.1.0
10054 verbose afterAdd /Users/andyporter/.npm/cli-width/4.1.0/package/package.json not in flight; writing
10055 verbose correctMkdir /Users/andyporter/.npm correctMkdir not in flight; initializing
10056 silly cache afterAdd accepts@1.3.8
10057 verbose afterAdd /Users/andyporter/.npm/accepts/1.3.8/package/package.json not in flight; writing
10058 verbose correctMkdir /Users/andyporter/.npm correctMkdir not in flight; initializing
10059 silly cache afterAdd cookie@0.7.2
10060 verbose afterAdd /Users/andyporter/.npm/cookie/0.7.2/package/package.json not in flight; writing
10061 verbose correctMkdir /Users/andyporter/.npm correctMkdir not in flight; initializing
10062 silly cache afterAdd cookie-parser@1.4.7
10063 verbose afterAdd /Users/andyporter/.npm/cookie-parser/1.4.7/package/package.json not in flight; writing
10064 verbose correctMkdir /Users/andyporter/.npm correctMkdir not in flight; initializing
10065 silly cache afterAdd path-is-absolute@1.0.1
10066 verbose afterAdd /Users/andyporter/.npm/path-is-absolute/1.0.1/package/package.json not in flight; writing
10067 verbose correctMkdir /Users/andyporter/.npm correctMkdir not in flight; initializing
10068 silly cache afterAdd content-disposition@0.5.4
10069 verbose afterAdd /Users/andyporter/.npm/content-disposition/0.5.4/package/package.json not in flight; writing
10070 verbose correctMkdir /Users/andyporter/.npm correctMkdir not in flight; initializing
10071 silly cache afterAdd anymatch@3.1.2
10072 verbose afterAdd /Users/andyporter/.npm/anymatch/3.1.2/package/package.json not in flight; writing
10073 verbose correctMkdir /Users/andyporter/.npm correctMkdir not in flight; initializing
10074 silly gunzTarPerm extractEntry recipes/grunt.html.injection/readme.md
10075 silly gunzTarPerm extractEntry recipes/grunt.sass.autoprefixer/package.json
10076 silly cache afterAdd cookie-signature@1.0.6
10077 verbose afterAdd /Users/andyporter/.npm/cookie-signature/1.0.6/package/package.json not in flight; writing
10078 verbose correctMkdir /Users/andyporter/.npm correctMkdir not in flight; initializing
10079 silly cache afterAdd is-wsl@1.1.0
10080 verbose afterAdd /Users/andyporter/.npm/is-wsl/1.1.0/package/package.json not in flight; writing
10081 verbose correctMkdir /Users/andyporter/.npm correctMkdir not in flight; initializing
10082 verbose afterAdd /Users/andyporter/.npm/is-glob/4.0.3/package/package.json written
10083 verbose afterAdd /Users/andyporter/.npm/ee-first/1.1.1/package/package.json written
10084 verbose correctMkdir /Users/andyporter/.npm correctMkdir not in flight; initializing
10085 silly gunzTarPerm extractEntry encodings/tables/cp949.json
10086 silly gunzTarPerm extractEntry _arrayIncludesWith.js
10087 silly gunzTarPerm extractEntry _arrayLikeKeys.js
10088 silly gunzTarPerm extractEntry build/lib/middleware.js
10089 silly gunzTarPerm extractEntry build/lib/utils/obj-filter.js
10090 verbose correctMkdir /Users/andyporter/.npm correctMkdir not in flight; initializing
10091 silly gunzTarPerm extractEntry client-dist/socket.io.min.js
10092 silly gunzTarPerm extractEntry dist/esm/lib/key.js
10093 silly gunzTarPerm extractEntry dist/commonjs/lib/make-theme.js
10094 silly cache afterAdd is-path-cwd@2.2.0
10095 verbose afterAdd /Users/andyporter/.npm/is-path-cwd/2.2.0/package/package.json not in flight; writing
10096 verbose correctMkdir /Users/andyporter/.npm correctMkdir not in flight; initializing
10097 silly cache afterAdd ansi-styles@4.3.0
10098 verbose afterAdd /Users/andyporter/.npm/ansi-styles/4.3.0/package/package.json not in flight; writing
10099 verbose correctMkdir /Users/andyporter/.npm correctMkdir not in flight; initializing
10100 silly cache afterAdd base64id@2.0.0
10101 verbose afterAdd /Users/andyporter/.npm/base64id/2.0.0/package/package.json not in flight; writing
10102 verbose correctMkdir /Users/andyporter/.npm correctMkdir not in flight; initializing
10103 silly gunzTarPerm extractEntry lib/FileCache.js
10104 silly gunzTarPerm extractEntry lib/FileCache.js.flow
10105 silly cache afterAdd del@6.1.1
10106 verbose afterAdd /Users/andyporter/.npm/del/6.1.1/package/package.json not in flight; writing
10107 verbose correctMkdir /Users/andyporter/.npm correctMkdir not in flight; initializing
10108 silly cache afterAdd micromatch@4.0.8
10109 verbose afterAdd /Users/andyporter/.npm/micromatch/4.0.8/package/package.json not in flight; writing
10110 verbose correctMkdir /Users/andyporter/.npm correctMkdir not in flight; initializing
10111 silly cache afterAdd merge2@1.4.1
10112 verbose afterAdd /Users/andyporter/.npm/merge2/1.4.1/package/package.json not in flight; writing
10113 verbose correctMkdir /Users/andyporter/.npm correctMkdir not in flight; initializing
10114 verbose afterAdd /Users/andyporter/.npm/get-port/3.2.0/package/package.json written
10115 silly gunzTarPerm extractEntry index.d.ts
10116 silly gunzTarPerm extractEntry reflectApply.d.ts
10117 silly gunzTarPerm extractEntry encodings/tables/cp950.json
10118 silly fetchAndShaCheck shasum a771716aeae774e2b529f72c0ff2dfd46c9de10e
10119 verbose addTmpTarball /var/folders/_4/7hgy5s8d1493hmmc5xj976900000gq/T/npm-47481-492c5c41/registry.npmjs.org/sass/-/sass-1.89.2.tgz not in flight; adding
10120 verbose correctMkdir /Users/andyporter/.npm correctMkdir not in flight; initializing
10121 verbose addTmpTarball validating metadata from /var/folders/_4/7hgy5s8d1493hmmc5xj976900000gq/T/npm-47481-492c5c41/registry.npmjs.org/sass/-/sass-1.89.2.tgz
10122 verbose tar unpack /var/folders/_4/7hgy5s8d1493hmmc5xj976900000gq/T/npm-47481-492c5c41/registry.npmjs.org/sass/-/sass-1.89.2.tgz
10123 verbose tar unpacking to /var/folders/_4/7hgy5s8d1493hmmc5xj976900000gq/T/npm-47481-492c5c41/unpack-e9ce7e4a
10124 silly gentlyRm /var/folders/_4/7hgy5s8d1493hmmc5xj976900000gq/T/npm-47481-492c5c41/unpack-e9ce7e4a is being purged
10125 verbose gentlyRm don't care about contents; nuking /var/folders/_4/7hgy5s8d1493hmmc5xj976900000gq/T/npm-47481-492c5c41/unpack-e9ce7e4a
10126 silly gunzTarPerm extractEntry
10127 silly gunzTarPerm extractEntry
10128 verbose correctMkdir /Users/andyporter/.npm correctMkdir not in flight; initializing
10129 verbose correctMkdir /Users/andyporter/.npm correctMkdir not in flight; initializing
10130 silly cache afterAdd forwarded@0.2.0
10131 verbose afterAdd /Users/andyporter/.npm/forwarded/0.2.0/package/package.json not in flight; writing
10132 verbose correctMkdir /Users/andyporter/.npm correctMkdir not in flight; initializing
10133 silly cache afterAdd ansi-escapes@4.3.2
10134 verbose afterAdd /Users/andyporter/.npm/ansi-escapes/4.3.2/package/package.json not in flight; writing
10135 verbose correctMkdir /Users/andyporter/.npm correctMkdir not in flight; initializing
10136 silly cache afterAdd mute-stream@2.0.0
10137 verbose afterAdd /Users/andyporter/.npm/mute-stream/2.0.0/package/package.json not in flight; writing
10138 verbose correctMkdir /Users/andyporter/.npm correctMkdir not in flight; initializing
10139 silly cache afterAdd content-type@1.0.5
10140 verbose afterAdd /Users/andyporter/.npm/content-type/1.0.5/package/package.json not in flight; writing
10141 verbose correctMkdir /Users/andyporter/.npm correctMkdir not in flight; initializing
10142 silly cache afterAdd caseless@0.12.0
10143 verbose afterAdd /Users/andyporter/.npm/caseless/0.12.0/package/package.json not in flight; writing
10144 verbose correctMkdir /Users/andyporter/.npm correctMkdir not in flight; initializing
10145 verbose afterAdd /Users/andyporter/.npm/ignore-by-default/1.0.1/package/package.json written
10146 verbose afterAdd /Users/andyporter/.npm/inflight/1.0.6/package/package.json written
10147 verbose afterAdd /Users/andyporter/.npm/lodash.isfinite/3.3.2/package/package.json written
10148 verbose afterAdd /Users/andyporter/.npm/is-number/7.0.0/package/package.json written
10149 verbose afterAdd /Users/andyporter/.npm/is-extglob/2.1.1/package/package.json written
10150 silly gunzTarPerm extractEntry build/esm/globals.node.js
10151 silly gunzTarPerm extractEntry build/cjs/contrib/has-cors.js
10152 silly gunzTarPerm extractEntry build/esm-debug/contrib/has-cors.js
10153 silly gunzTarPerm extractEntry test/holes.js
10154 silly gunzTarPerm extractEntry test/indent-option.js
10155 silly gunzTarPerm modes [ '755', '644' ]
10156 silly cache afterAdd wrap-ansi@7.0.0
10157 verbose afterAdd /Users/andyporter/.npm/wrap-ansi/7.0.0/package/package.json not in flight; writing
10158 verbose correctMkdir /Users/andyporter/.npm correctMkdir not in flight; initializing
10159 silly cache afterAdd encodeurl@1.0.2
10160 verbose afterAdd /Users/andyporter/.npm/encodeurl/1.0.2/package/package.json not in flight; writing
10161 verbose correctMkdir /Users/andyporter/.npm correctMkdir not in flight; initializing
10162 silly cache afterAdd bytes@3.1.2
10163 verbose afterAdd /Users/andyporter/.npm/bytes/3.1.2/package/package.json not in flight; writing
10164 verbose correctMkdir /Users/andyporter/.npm correctMkdir not in flight; initializing
10165 verbose afterAdd /Users/andyporter/.npm/shebang-command/2.0.0/package/package.json written
10166 verbose afterAdd /Users/andyporter/.npm/path-to-regexp/0.1.12/package/package.json written
10167 verbose afterAdd /Users/andyporter/.npm/dir-glob/3.0.1/package/package.json written
10168 verbose correctMkdir /Users/andyporter/.npm correctMkdir not in flight; initializing
10169 silly gunzTarPerm extractEntry dist/commonjs/utils.d.ts
10170 silly gunzTarPerm extractEntry dist/esm/utils.d.ts
10171 silly gunzTarPerm extractEntry README.md
10172 silly gunzTarPerm extractEntry source-map.d.ts
10173 verbose correctMkdir /Users/andyporter/.npm correctMkdir not in flight; initializing
10174 verbose correctMkdir /Users/andyporter/.npm correctMkdir not in flight; initializing
10175 silly cache afterAdd indent-string@4.0.0
10176 verbose afterAdd /Users/andyporter/.npm/indent-string/4.0.0/package/package.json not in flight; writing
10177 verbose correctMkdir /Users/andyporter/.npm correctMkdir not in flight; initializing
10178 silly cache afterAdd is-path-inside@3.0.3
10179 verbose afterAdd /Users/andyporter/.npm/is-path-inside/3.0.3/package/package.json not in flight; writing
10180 verbose correctMkdir /Users/andyporter/.npm correctMkdir not in flight; initializing
10181 verbose correctMkdir /Users/andyporter/.npm correctMkdir not in flight; initializing
10182 silly cache afterAdd merge-descriptors@1.0.3
10183 verbose afterAdd /Users/andyporter/.npm/merge-descriptors/1.0.3/package/package.json not in flight; writing
10184 verbose correctMkdir /Users/andyporter/.npm correctMkdir not in flight; initializing
10185 silly gunzTarPerm extractEntry LICENSE
10186 verbose afterAdd /Users/andyporter/.npm/normalize-path/3.0.0/package/package.json written
10187 verbose afterAdd /Users/andyporter/.npm/run-parallel/1.2.0/package/package.json written
10188 verbose afterAdd /Users/andyporter/.npm/ansi-regex/5.0.1/package/package.json written
10189 verbose afterAdd /Users/andyporter/.npm/minimatch/3.1.2/package/package.json written
10190 silly cache afterAdd is-binary-path@2.1.0
10191 verbose afterAdd /Users/andyporter/.npm/is-binary-path/2.1.0/package/package.json not in flight; writing
10192 verbose correctMkdir /Users/andyporter/.npm correctMkdir not in flight; initializing
10193 verbose afterAdd /Users/andyporter/.npm/array-union/2.1.0/package/package.json written
10194 verbose afterAdd /Users/andyporter/.npm/object-assign/4.1.1/package/package.json written
10195 silly cache afterAdd universalify@0.1.2
10196 verbose afterAdd /Users/andyporter/.npm/universalify/0.1.2/package/package.json not in flight; writing
10197 verbose correctMkdir /Users/andyporter/.npm correctMkdir not in flight; initializing
10198 silly cache afterAdd clean-stack@2.2.0
10199 verbose afterAdd /Users/andyporter/.npm/clean-stack/2.2.0/package/package.json not in flight; writing
10200 verbose correctMkdir /Users/andyporter/.npm correctMkdir not in flight; initializing
10201 verbose afterAdd /Users/andyporter/.npm/once/1.4.0/package/package.json written
10202 verbose afterAdd /Users/andyporter/.npm/ms/2.0.0/package/package.json written
10203 verbose afterAdd /Users/andyporter/.npm/process-nextick-args/2.0.1/package/package.json written
10204 silly cache afterAdd balanced-match@1.0.2
10205 verbose afterAdd /Users/andyporter/.npm/balanced-match/1.0.2/package/package.json not in flight; writing
10206 verbose correctMkdir /Users/andyporter/.npm correctMkdir not in flight; initializing
10207 silly gunzTarPerm extractEntry build/esm/contrib/has-cors.js
10208 verbose correctMkdir /Users/andyporter/.npm correctMkdir not in flight; initializing
10209 verbose correctMkdir /Users/andyporter/.npm correctMkdir not in flight; initializing
10210 verbose correctMkdir /Users/andyporter/.npm correctMkdir not in flight; initializing
10211 silly gunzTarPerm extractEntry dist/bin.js
10212 silly gunzTarPerm extractEntry dist/browser-sync.js
10213 verbose correctMkdir /Users/andyporter/.npm correctMkdir not in flight; initializing
10214 silly cache afterAdd is-fullwidth-code-point@3.0.0
10215 verbose afterAdd /Users/andyporter/.npm/is-fullwidth-code-point/3.0.0/package/package.json not in flight; writing
10216 verbose correctMkdir /Users/andyporter/.npm correctMkdir not in flight; initializing
10217 silly cache afterAdd fs.realpath@1.0.0
10218 verbose afterAdd /Users/andyporter/.npm/fs.realpath/1.0.0/package/package.json not in flight; writing
10219 verbose correctMkdir /Users/andyporter/.npm correctMkdir not in flight; initializing
10220 silly cache afterAdd path-key@3.1.1
10221 verbose afterAdd /Users/andyporter/.npm/path-key/3.1.1/package/package.json not in flight; writing
10222 verbose correctMkdir /Users/andyporter/.npm correctMkdir not in flight; initializing
10223 silly cache afterAdd combined-stream@1.0.8
10224 verbose afterAdd /Users/andyporter/.npm/combined-stream/1.0.8/package/package.json not in flight; writing
10225 verbose correctMkdir /Users/andyporter/.npm correctMkdir not in flight; initializing
10226 silly cache afterAdd wrappy@1.0.2
10227 verbose afterAdd /Users/andyporter/.npm/wrappy/1.0.2/package/package.json not in flight; writing
10228 verbose correctMkdir /Users/andyporter/.npm correctMkdir not in flight; initializing
10229 silly cache afterAdd fresh@0.5.2
10230 verbose afterAdd /Users/andyporter/.npm/fresh/0.5.2/package/package.json not in flight; writing
10231 verbose correctMkdir /Users/andyporter/.npm correctMkdir not in flight; initializing
10232 silly cache afterAdd etag@1.8.1
10233 verbose afterAdd /Users/andyporter/.npm/etag/1.8.1/package/package.json not in flight; writing
10234 verbose correctMkdir /Users/andyporter/.npm correctMkdir not in flight; initializing
10235 silly cache afterAdd inherits@2.0.3
10236 verbose afterAdd /Users/andyporter/.npm/inherits/2.0.3/package/package.json not in flight; writing
10237 verbose correctMkdir /Users/andyporter/.npm correctMkdir not in flight; initializing
10238 silly cache afterAdd finalhandler@1.1.0
10239 verbose afterAdd /Users/andyporter/.npm/finalhandler/1.1.0/package/package.json not in flight; writing
10240 verbose correctMkdir /Users/andyporter/.npm correctMkdir not in flight; initializing
10241 verbose afterAdd /Users/andyporter/.npm/accepts/1.3.8/package/package.json written
10242 verbose afterAdd /Users/andyporter/.npm/cli-width/4.1.0/package/package.json written
10243 verbose afterAdd /Users/andyporter/.npm/cookie/0.7.2/package/package.json written
10244 verbose afterAdd /Users/andyporter/.npm/cookie-parser/1.4.7/package/package.json written
10245 verbose afterAdd /Users/andyporter/.npm/path-is-absolute/1.0.1/package/package.json written
10246 verbose afterAdd /Users/andyporter/.npm/content-disposition/0.5.4/package/package.json written
10247 verbose afterAdd /Users/andyporter/.npm/anymatch/3.1.2/package/package.json written
10248 verbose afterAdd /Users/andyporter/.npm/is-wsl/1.1.0/package/package.json written
10249 verbose afterAdd /Users/andyporter/.npm/cookie-signature/1.0.6/package/package.json written
10250 verbose correctMkdir /Users/andyporter/.npm correctMkdir not in flight; initializing
10251 silly gunzTarPerm extractEntry src/es6-extensions.js
10252 silly gunzTarPerm extractEntry domains/finally.js
10253 silly gunzTarPerm extractEntry src/globals.js
10254 silly gunzTarPerm extractEntry index.js
10255 silly gunzTarPerm extractEntry src/jinja-compat.js
10256 silly gunzTarPerm extractEntry Readme.md
10257 silly gunzTarPerm extractEntry build/cjs/binary.d.ts
10258 silly cache afterAdd on-headers@1.1.0
10259 verbose afterAdd /Users/andyporter/.npm/on-headers/1.1.0/package/package.json not in flight; writing
10260 verbose correctMkdir /Users/andyporter/.npm correctMkdir not in flight; initializing
10261 silly cache afterAdd resp-modifier@6.0.2
10262 verbose afterAdd /Users/andyporter/.npm/resp-modifier/6.0.2/package/package.json not in flight; writing
10263 verbose correctMkdir /Users/andyporter/.npm correctMkdir not in flight; initializing
10264 silly cache afterAdd to-regex-range@5.0.1
10265 verbose afterAdd /Users/andyporter/.npm/to-regex-range/5.0.1/package/package.json not in flight; writing
10266 verbose correctMkdir /Users/andyporter/.npm correctMkdir not in flight; initializing
10267 verbose correctMkdir /Users/andyporter/.npm correctMkdir not in flight; initializing
10268 silly cache afterAdd glob-parent@5.1.2
10269 verbose afterAdd /Users/andyporter/.npm/glob-parent/5.1.2/package/package.json not in flight; writing
10270 verbose correctMkdir /Users/andyporter/.npm correctMkdir not in flight; initializing
10271 silly cache afterAdd http-errors@2.0.0
10272 verbose afterAdd /Users/andyporter/.npm/http-errors/2.0.0/package/package.json not in flight; writing
10273 verbose correctMkdir /Users/andyporter/.npm correctMkdir not in flight; initializing
10274 verbose afterAdd /Users/andyporter/.npm/ansi-styles/4.3.0/package/package.json written
10275 verbose afterAdd /Users/andyporter/.npm/is-path-cwd/2.2.0/package/package.json written
10276 verbose afterAdd /Users/andyporter/.npm/base64id/2.0.0/package/package.json written
10277 verbose afterAdd /Users/andyporter/.npm/del/6.1.1/package/package.json written
10278 silly gunzTarPerm extractEntry package.json
10279 silly gunzTarPerm extractEntry tsconfig.json
10280 verbose afterAdd /Users/andyporter/.npm/micromatch/4.0.8/package/package.json written
10281 verbose afterAdd /Users/andyporter/.npm/merge2/1.4.1/package/package.json written
10282 silly gunzTarPerm extractEntry build/cjs/index.js
10283 silly gunzTarPerm extractEntry lib/monitor/match.js
10284 silly gunzTarPerm extractEntry lib/utils/merge.js
10285 verbose correctMkdir /Users/andyporter/.npm correctMkdir not in flight; initializing
10286 verbose correctMkdir /Users/andyporter/.npm correctMkdir not in flight; initializing
10287 verbose correctMkdir /Users/andyporter/.npm correctMkdir not in flight; initializing
10288 verbose correctMkdir /Users/andyporter/.npm correctMkdir not in flight; initializing
10289 silly cache afterAdd shebang-regex@3.0.0
10290 verbose afterAdd /Users/andyporter/.npm/shebang-regex/3.0.0/package/package.json not in flight; writing
10291 verbose correctMkdir /Users/andyporter/.npm correctMkdir not in flight; initializing
10292 silly cache afterAdd proxy-addr@2.0.7
10293 verbose afterAdd /Users/andyporter/.npm/proxy-addr/2.0.7/package/package.json not in flight; writing
10294 verbose correctMkdir /Users/andyporter/.npm correctMkdir not in flight; initializing
10295 silly cache afterAdd path-type@4.0.0
10296 verbose afterAdd /Users/andyporter/.npm/path-type/4.0.0/package/package.json not in flight; writing
10297 verbose correctMkdir /Users/andyporter/.npm correctMkdir not in flight; initializing
10298 silly cache afterAdd methods@1.1.2
10299 verbose afterAdd /Users/andyporter/.npm/methods/1.1.2/package/package.json not in flight; writing
10300 verbose correctMkdir /Users/andyporter/.npm correctMkdir not in flight; initializing
10301 silly cache afterAdd media-typer@0.3.0
10302 verbose afterAdd /Users/andyporter/.npm/media-typer/0.3.0/package/package.json not in flight; writing
10303 verbose correctMkdir /Users/andyporter/.npm correctMkdir not in flight; initializing
10304 verbose correctMkdir /Users/andyporter/.npm correctMkdir not in flight; initializing
10305 verbose afterAdd /Users/andyporter/.npm/forwarded/0.2.0/package/package.json written
10306 verbose afterAdd /Users/andyporter/.npm/ansi-escapes/4.3.2/package/package.json written
10307 verbose afterAdd /Users/andyporter/.npm/mute-stream/2.0.0/package/package.json written
10308 verbose afterAdd /Users/andyporter/.npm/content-type/1.0.5/package/package.json written
10309 verbose afterAdd /Users/andyporter/.npm/caseless/0.12.0/package/package.json written
10310 silly gunzTarPerm extractEntry build/transports/webtransport.js
10311 silly gunzTarPerm extractEntry package.json
10312 silly gunzTarPerm extractEntry README.md
10313 verbose correctMkdir /Users/andyporter/.npm correctMkdir not in flight; initializing
10314 silly gunzTarPerm extractEntry src/lexer.js
10315 silly gunzTarPerm extractEntry dist/native.js
10316 silly gunzTarPerm extractEntry dist/commonjs-browser/nil.js
10317 silly fetchAndShaCheck shasum 01364ca98e4f5f86102dcb93f7d811d5387d2fec
10318 verbose addTmpTarball /var/folders/_4/7hgy5s8d1493hmmc5xj976900000gq/T/npm-47481-492c5c41/registry.npmjs.org/govuk-frontend/-/govuk-frontend-5.11.0.tgz not in flight; adding
10319 verbose correctMkdir /Users/andyporter/.npm correctMkdir not in flight; initializing
10320 verbose addTmpTarball validating metadata from /var/folders/_4/7hgy5s8d1493hmmc5xj976900000gq/T/npm-47481-492c5c41/registry.npmjs.org/govuk-frontend/-/govuk-frontend-5.11.0.tgz
10321 verbose tar unpack /var/folders/_4/7hgy5s8d1493hmmc5xj976900000gq/T/npm-47481-492c5c41/registry.npmjs.org/govuk-frontend/-/govuk-frontend-5.11.0.tgz
10322 verbose tar unpacking to /var/folders/_4/7hgy5s8d1493hmmc5xj976900000gq/T/npm-47481-492c5c41/unpack-00c26a26
10323 silly gentlyRm /var/folders/_4/7hgy5s8d1493hmmc5xj976900000gq/T/npm-47481-492c5c41/unpack-00c26a26 is being purged
10324 verbose gentlyRm don't care about contents; nuking /var/folders/_4/7hgy5s8d1493hmmc5xj976900000gq/T/npm-47481-492c5c41/unpack-00c26a26
10325 silly cache afterAdd range-parser@1.2.1
10326 verbose afterAdd /Users/andyporter/.npm/range-parser/1.2.1/package/package.json not in flight; writing
10327 verbose correctMkdir /Users/andyporter/.npm correctMkdir not in flight; initializing
10328 silly cache afterAdd raw-body@2.5.3
10329 verbose afterAdd /Users/andyporter/.npm/raw-body/2.5.3/package/package.json not in flight; writing
10330 verbose correctMkdir /Users/andyporter/.npm correctMkdir not in flight; initializing
10331 silly cache afterAdd parseurl@1.3.3
10332 verbose afterAdd /Users/andyporter/.npm/parseurl/1.3.3/package/package.json not in flight; writing
10333 verbose correctMkdir /Users/andyporter/.npm correctMkdir not in flight; initializing
10334 silly cache afterAdd mime-types@2.1.35
10335 verbose afterAdd /Users/andyporter/.npm/mime-types/2.1.35/package/package.json not in flight; writing
10336 verbose correctMkdir /Users/andyporter/.npm correctMkdir not in flight; initializing
10337 silly cache afterAdd server-destroy@1.0.1
10338 verbose afterAdd /Users/andyporter/.npm/server-destroy/1.0.1/package/package.json not in flight; writing
10339 verbose correctMkdir /Users/andyporter/.npm correctMkdir not in flight; initializing
10340 silly cache afterAdd connect-history-api-fallback@1.6.0
10341 verbose afterAdd /Users/andyporter/.npm/connect-history-api-fallback/1.6.0/package/package.json not in flight; writing
10342 verbose correctMkdir /Users/andyporter/.npm correctMkdir not in flight; initializing
10343 silly cache afterAdd on-finished@2.3.0
10344 verbose afterAdd /Users/andyporter/.npm/on-finished/2.3.0/package/package.json not in flight; writing
10345 verbose correctMkdir /Users/andyporter/.npm correctMkdir not in flight; initializing
10346 silly cache afterAdd streamx@2.15.0
10347 verbose afterAdd /Users/andyporter/.npm/streamx/2.15.0/package/package.json not in flight; writing
10348 verbose correctMkdir /Users/andyporter/.npm correctMkdir not in flight; initializing
10349 silly gunzTarPerm extractEntry public/css/components.css
10350 silly gunzTarPerm extractEntry public/css/core.css
10351 verbose afterAdd /Users/andyporter/.npm/wrap-ansi/7.0.0/package/package.json written
10352 verbose afterAdd /Users/andyporter/.npm/bytes/3.1.2/package/package.json written
10353 verbose afterAdd /Users/andyporter/.npm/encodeurl/1.0.2/package/package.json written
10354 silly gunzTarPerm extractEntry build/cjs/transports/index.js
10355 silly gunzTarPerm extractEntry LICENSE
10356 verbose correctMkdir /Users/andyporter/.npm correctMkdir not in flight; initializing
10357 verbose correctMkdir /Users/andyporter/.npm correctMkdir not in flight; initializing
10358 silly gunzTarPerm extractEntry out/providers/sync.d.ts
10359 silly gunzTarPerm modified mode [ 'out/providers/sync.d.ts', 436, 420 ]
10360 silly gunzTarPerm extractEntry out/providers/async.d.ts
10361 silly gunzTarPerm modified mode [ 'out/providers/async.d.ts', 436, 420 ]
10362 silly gunzTarPerm extractEntry out/readers/async.d.ts
10363 silly gunzTarPerm modified mode [ 'out/readers/async.d.ts', 436, 420 ]
10364 silly cache afterAdd strip-ansi@6.0.1
10365 verbose afterAdd /Users/andyporter/.npm/strip-ansi/6.0.1/package/package.json not in flight; writing
10366 verbose correctMkdir /Users/andyporter/.npm correctMkdir not in flight; initializing
10367 silly gunzTarPerm modes [ '755', '644' ]
10368 silly cache afterAdd serve-static@1.16.2
10369 verbose afterAdd /Users/andyporter/.npm/serve-static/1.16.2/package/package.json not in flight; writing
10370 verbose correctMkdir /Users/andyporter/.npm correctMkdir not in flight; initializing
10371 silly cache afterAdd random-bytes@1.0.0
10372 verbose afterAdd /Users/andyporter/.npm/random-bytes/1.0.0/package/package.json not in flight; writing
10373 verbose correctMkdir /Users/andyporter/.npm correctMkdir not in flight; initializing
10374 verbose afterAdd /Users/andyporter/.npm/indent-string/4.0.0/package/package.json written
10375 verbose afterAdd /Users/andyporter/.npm/is-path-inside/3.0.3/package/package.json written
10376 verbose afterAdd /Users/andyporter/.npm/merge-descriptors/1.0.3/package/package.json written
10377 verbose afterAdd /Users/andyporter/.npm/is-binary-path/2.1.0/package/package.json written
10378 verbose afterAdd /Users/andyporter/.npm/clean-stack/2.2.0/package/package.json written
10379 verbose afterAdd /Users/andyporter/.npm/universalify/0.1.2/package/package.json written
10380 silly gunzTarPerm extractEntry lib/Headers.d.ts
10381 silly gunzTarPerm extractEntry lib/Headers.js
10382 verbose afterAdd /Users/andyporter/.npm/balanced-match/1.0.2/package/package.json written
10383 silly gunzTarPerm extractEntry .github/FUNDING.yml
10384 silly gunzTarPerm extractEntry wrapper.mjs
10385 silly gunzTarPerm extractEntry encodings/tables/eucjp.json
10386 silly gunzTarPerm extractEntry encodings/tables/gb18030-ranges.json
10387 silly gunzTarPerm extractEntry encodings/tables/gbk-added.json
10388 silly gunzTarPerm extractEntry encodings/tables/shiftjis.json
10389 silly gunzTarPerm extractEntry encodings/utf16.js
10390 silly gunzTarPerm extractEntry encodings/utf7.js
10391 silly gunzTarPerm extractEntry lib/bom-handling.js
10392 silly gunzTarPerm extractEntry lib/extend-node.js
10393 silly gunzTarPerm extractEntry lib/index.d.ts
10394 silly gunzTarPerm extractEntry lib/index.js
10395 silly gunzTarPerm extractEntry lib/streams.js
10396 silly gunzTarPerm extractEntry _arrayMap.js
10397 silly gunzTarPerm extractEntry test/duplicates/c/3.json
10398 silly gunzTarPerm extractEntry test/duplicates/d.js
10399 silly gunzTarPerm extractEntry src/lib.js
10400 silly gunzTarPerm extractEntry build/lib/parse-command.js
10401 silly gunzTarPerm extractEntry build/lib/utils/process-argv.js
10402 silly gunzTarPerm extractEntry build/lib/utils/set-blocking.js
10403 silly gunzTarPerm extractEntry client-dist/socket.io.msgpack.min.js
10404 silly gunzTarPerm extractEntry dist/socket.js
10405 silly gunzTarPerm extractEntry dist/esm/lib/make-theme.js
10406 silly gunzTarPerm extractEntry dist/commonjs/lib/promise-polyfill.js
10407 silly cache afterAdd string-width@4.2.3
10408 verbose afterAdd /Users/andyporter/.npm/string-width/4.2.3/package/package.json not in flight; writing
10409 verbose correctMkdir /Users/andyporter/.npm correctMkdir not in flight; initializing
10410 silly cache afterAdd easy-extender@2.3.4
10411 verbose afterAdd /Users/andyporter/.npm/easy-extender/2.3.4/package/package.json not in flight; writing
10412 verbose correctMkdir /Users/andyporter/.npm correctMkdir not in flight; initializing
10413 verbose afterAdd /Users/andyporter/.npm/is-fullwidth-code-point/3.0.0/package/package.json written
10414 silly cache afterAdd readdirp@3.6.0
10415 verbose afterAdd /Users/andyporter/.npm/readdirp/3.6.0/package/package.json not in flight; writing
10416 verbose correctMkdir /Users/andyporter/.npm correctMkdir not in flight; initializing
10417 verbose afterAdd /Users/andyporter/.npm/path-key/3.1.1/package/package.json written
10418 verbose afterAdd /Users/andyporter/.npm/fs.realpath/1.0.0/package/package.json written
10419 verbose afterAdd /Users/andyporter/.npm/combined-stream/1.0.8/package/package.json written
10420 verbose afterAdd /Users/andyporter/.npm/fresh/0.5.2/package/package.json written
10421 verbose afterAdd /Users/andyporter/.npm/wrappy/1.0.2/package/package.json written
10422 verbose afterAdd /Users/andyporter/.npm/etag/1.8.1/package/package.json written
10423 verbose afterAdd /Users/andyporter/.npm/inherits/2.0.3/package/package.json written
10424 verbose correctMkdir /Users/andyporter/.npm correctMkdir not in flight; initializing
10425 verbose afterAdd /Users/andyporter/.npm/finalhandler/1.1.0/package/package.json written
10426 silly fetchPackageMetaData safe-buffer@https://registry.npmjs.org/safe-buffer/-/safe-buffer-5.2.1.tgz
10427 silly gunzTarPerm extractEntry build/esm-debug/index.js
10428 verbose correctMkdir /Users/andyporter/.npm correctMkdir not in flight; initializing
10429 silly cache afterAdd get-caller-file@2.0.5
10430 verbose afterAdd /Users/andyporter/.npm/get-caller-file/2.0.5/package/package.json not in flight; writing
10431 verbose correctMkdir /Users/andyporter/.npm correctMkdir not in flight; initializing
10432 silly cache afterAdd supports-color@7.2.0
10433 verbose afterAdd /Users/andyporter/.npm/supports-color/7.2.0/package/package.json not in flight; writing
10434 verbose correctMkdir /Users/andyporter/.npm correctMkdir not in flight; initializing
10435 silly cache afterAdd xmlhttprequest-ssl@2.1.2
10436 verbose afterAdd /Users/andyporter/.npm/xmlhttprequest-ssl/2.1.2/package/package.json not in flight; writing
10437 verbose correctMkdir /Users/andyporter/.npm correctMkdir not in flight; initializing
10438 silly cache afterAdd opn@5.3.0
10439 verbose afterAdd /Users/andyporter/.npm/opn/5.3.0/package/package.json not in flight; writing
10440 verbose correctMkdir /Users/andyporter/.npm correctMkdir not in flight; initializing
10441 verbose correctMkdir /Users/andyporter/.npm correctMkdir not in flight; initializing
10442 silly cache afterAdd queue-microtask@1.2.3
10443 verbose afterAdd /Users/andyporter/.npm/queue-microtask/1.2.3/package/package.json not in flight; writing
10444 verbose correctMkdir /Users/andyporter/.npm correctMkdir not in flight; initializing
10445 verbose afterAdd /Users/andyporter/.npm/on-headers/1.1.0/package/package.json written
10446 verbose correctMkdir /Users/andyporter/.npm correctMkdir not in flight; initializing
10447 verbose afterAdd /Users/andyporter/.npm/resp-modifier/6.0.2/package/package.json written
10448 verbose afterAdd /Users/andyporter/.npm/to-regex-range/5.0.1/package/package.json written
10449 verbose afterAdd /Users/andyporter/.npm/glob-parent/5.1.2/package/package.json written
10450 verbose afterAdd /Users/andyporter/.npm/http-errors/2.0.0/package/package.json written
10451 verbose correctMkdir /Users/andyporter/.npm correctMkdir not in flight; initializing
10452 silly fetchOtherPackageData safe-buffer@https://registry.npmjs.org/safe-buffer/-/safe-buffer-5.2.1.tgz
10453 silly cache add args [ 'safe-buffer@https://registry.npmjs.org/safe-buffer/-/safe-buffer-5.2.1.tgz',
10453 silly cache add   null ]
10454 verbose cache add spec safe-buffer@https://registry.npmjs.org/safe-buffer/-/safe-buffer-5.2.1.tgz
10455 silly gunzTarPerm extractEntry build/lib/usage.js
10456 silly cache afterAdd eazy-logger@4.1.0
10457 verbose afterAdd /Users/andyporter/.npm/eazy-logger/4.1.0/package/package.json not in flight; writing
10458 verbose correctMkdir /Users/andyporter/.npm correctMkdir not in flight; initializing
10459 silly gunzTarPerm extractEntry dist/typed-events.js
10460 silly cache afterAdd @types/qs@6.9.7
10461 verbose afterAdd /Users/andyporter/.npm/@types/qs/6.9.7/package/package.json not in flight; writing
10462 verbose correctMkdir /Users/andyporter/.npm correctMkdir not in flight; initializing
10463 silly cache afterAdd p-map@4.0.0
10464 verbose afterAdd /Users/andyporter/.npm/p-map/4.0.0/package/package.json not in flight; writing
10465 verbose correctMkdir /Users/andyporter/.npm correctMkdir not in flight; initializing
10466 silly cache afterAdd utils-merge@1.0.1
10467 verbose afterAdd /Users/andyporter/.npm/utils-merge/1.0.1/package/package.json not in flight; writing
10468 verbose correctMkdir /Users/andyporter/.npm correctMkdir not in flight; initializing
10469 silly cache afterAdd safe-buffer@5.1.2
10470 verbose afterAdd /Users/andyporter/.npm/safe-buffer/5.1.2/package/package.json not in flight; writing
10471 verbose correctMkdir /Users/andyporter/.npm correctMkdir not in flight; initializing
10472 silly gunzTarPerm extractEntry
10473 silly gunzTarPerm extractEntry
10474 verbose afterAdd /Users/andyporter/.npm/shebang-regex/3.0.0/package/package.json written
10475 verbose afterAdd /Users/andyporter/.npm/proxy-addr/2.0.7/package/package.json written
10476 verbose afterAdd /Users/andyporter/.npm/path-type/4.0.0/package/package.json written
10477 verbose afterAdd /Users/andyporter/.npm/media-typer/0.3.0/package/package.json written
10478 verbose afterAdd /Users/andyporter/.npm/methods/1.1.2/package/package.json written
10479 silly fetchPackageMetaData type-fest@https://registry.npmjs.org/type-fest/-/type-fest-0.21.3.tgz
10480 silly cache add parsed spec Result {
10480 silly cache add   raw: 'safe-buffer@https://registry.npmjs.org/safe-buffer/-/safe-buffer-5.2.1.tgz',
10480 silly cache add   scope: null,
10480 silly cache add   name: 'safe-buffer',
10480 silly cache add   rawSpec: 'https://registry.npmjs.org/safe-buffer/-/safe-buffer-5.2.1.tgz',
10480 silly cache add   spec: 'https://registry.npmjs.org/safe-buffer/-/safe-buffer-5.2.1.tgz',
10480 silly cache add   type: 'remote' }
10481 silly mapToRegistry name safe-buffer@https://registry.npmjs.org/safe-buffer/-/safe-buffer-5.2.1.tgz
10482 silly mapToRegistry using default registry
10483 silly mapToRegistry registry https://registry.npmjs.org/
10484 silly mapToRegistry data Result {
10484 silly mapToRegistry   raw: 'safe-buffer@https://registry.npmjs.org/safe-buffer/-/safe-buffer-5.2.1.tgz',
10484 silly mapToRegistry   scope: null,
10484 silly mapToRegistry   name: 'safe-buffer',
10484 silly mapToRegistry   rawSpec: 'https://registry.npmjs.org/safe-buffer/-/safe-buffer-5.2.1.tgz',
10484 silly mapToRegistry   spec: 'https://registry.npmjs.org/safe-buffer/-/safe-buffer-5.2.1.tgz',
10484 silly mapToRegistry   type: 'remote' }
10485 silly mapToRegistry uri https://registry.npmjs.org/safe-buffer/-/safe-buffer-5.2.1.tgz
10486 verbose addRemoteTarball https://registry.npmjs.org/safe-buffer/-/safe-buffer-5.2.1.tgz not in flight; adding
10487 verbose addRemoteTarball [ 'https://registry.npmjs.org/safe-buffer/-/safe-buffer-5.2.1.tgz',
10487 verbose addRemoteTarball   null ]
10488 silly gunzTarPerm extractEntry recipes/grunt.sass.autoprefixer/Gruntfile.js
10489 silly gunzTarPerm extractEntry recipes/grunt.sass.autoprefixer/app/css/main.css
10490 silly gunzTarPerm extractEntry build/esm-debug/transports/index.js
10491 silly gunzTarPerm extractEntry index.js
10492 silly gunzTarPerm extractEntry example/inspect.js
10493 silly cache afterAdd toidentifier@1.0.1
10494 verbose afterAdd /Users/andyporter/.npm/toidentifier/1.0.1/package/package.json not in flight; writing
10495 verbose correctMkdir /Users/andyporter/.npm correctMkdir not in flight; initializing
10496 silly gunzTarPerm extractEntry build/cjs/index.js
10497 silly gunzTarPerm extractEntry build/esm-debug/index.js
10498 silly cache afterAdd @types/concat-stream@1.6.1
10499 verbose afterAdd /Users/andyporter/.npm/@types/concat-stream/1.6.1/package/package.json not in flight; writing
10500 verbose correctMkdir /Users/andyporter/.npm correctMkdir not in flight; initializing
10501 silly cache afterAdd cors@2.8.5
10502 verbose afterAdd /Users/andyporter/.npm/cors/2.8.5/package/package.json not in flight; writing
10503 verbose correctMkdir /Users/andyporter/.npm correctMkdir not in flight; initializing
10504 silly cache afterAdd slash@3.0.0
10505 verbose afterAdd /Users/andyporter/.npm/slash/3.0.0/package/package.json not in flight; writing
10506 verbose correctMkdir /Users/andyporter/.npm correctMkdir not in flight; initializing
10507 silly cache afterAdd uid-safe@2.1.5
10508 verbose afterAdd /Users/andyporter/.npm/uid-safe/2.1.5/package/package.json not in flight; writing
10509 verbose correctMkdir /Users/andyporter/.npm correctMkdir not in flight; initializing
10510 verbose afterAdd /Users/andyporter/.npm/range-parser/1.2.1/package/package.json written
10511 verbose afterAdd /Users/andyporter/.npm/raw-body/2.5.3/package/package.json written
10512 silly gunzTarPerm extractEntry
10513 verbose afterAdd /Users/andyporter/.npm/parseurl/1.3.3/package/package.json written
10514 verbose afterAdd /Users/andyporter/.npm/connect-history-api-fallback/1.6.0/package/package.json written
10515 verbose afterAdd /Users/andyporter/.npm/streamx/2.15.0/package/package.json written
10516 verbose afterAdd /Users/andyporter/.npm/server-destroy/1.0.1/package/package.json written
10517 verbose afterAdd /Users/andyporter/.npm/mime-types/2.1.35/package/package.json written
10518 verbose afterAdd /Users/andyporter/.npm/on-finished/2.3.0/package/package.json written
10519 silly fetchOtherPackageData type-fest@https://registry.npmjs.org/type-fest/-/type-fest-0.21.3.tgz
10520 silly cache add args [ 'type-fest@https://registry.npmjs.org/type-fest/-/type-fest-0.21.3.tgz',
10520 silly cache add   null ]
10521 verbose cache add spec type-fest@https://registry.npmjs.org/type-fest/-/type-fest-0.21.3.tgz
10522 silly gunzTarPerm extractEntry CHANGELOG.md
10523 silly gunzTarPerm extractEntry README.md
10524 silly cache afterAdd vary@1.1.2
10525 verbose afterAdd /Users/andyporter/.npm/vary/1.1.2/package/package.json not in flight; writing
10526 verbose correctMkdir /Users/andyporter/.npm correctMkdir not in flight; initializing
10527 silly cache afterAdd jsonfile@6.1.0
10528 verbose afterAdd /Users/andyporter/.npm/jsonfile/6.1.0/package/package.json not in flight; writing
10529 verbose correctMkdir /Users/andyporter/.npm correctMkdir not in flight; initializing
10530 silly cache afterAdd unpipe@1.0.0
10531 verbose afterAdd /Users/andyporter/.npm/unpipe/1.0.0/package/package.json not in flight; writing
10532 verbose correctMkdir /Users/andyporter/.npm correctMkdir not in flight; initializing
10533 silly cache afterAdd type-is@1.6.18
10534 verbose afterAdd /Users/andyporter/.npm/type-is/1.6.18/package/package.json not in flight; writing
10535 verbose correctMkdir /Users/andyporter/.npm correctMkdir not in flight; initializing
10536 silly cache afterAdd ansi-colors@4.1.3
10537 verbose afterAdd /Users/andyporter/.npm/ansi-colors/4.1.3/package/package.json not in flight; writing
10538 verbose correctMkdir /Users/andyporter/.npm correctMkdir not in flight; initializing
10539 verbose correctMkdir /Users/andyporter/.npm correctMkdir not in flight; initializing
10540 silly gunzTarPerm extractEntry dist/cli/cli-info.js
10541 silly gunzTarPerm extractEntry dist/cli/cli-options.js
10542 verbose afterAdd /Users/andyporter/.npm/strip-ansi/6.0.1/package/package.json written
10543 verbose afterAdd /Users/andyporter/.npm/serve-static/1.16.2/package/package.json written
10544 verbose afterAdd /Users/andyporter/.npm/random-bytes/1.0.0/package/package.json written
10545 silly cache add parsed spec Result {
10545 silly cache add   raw: 'type-fest@https://registry.npmjs.org/type-fest/-/type-fest-0.21.3.tgz',
10545 silly cache add   scope: null,
10545 silly cache add   name: 'type-fest',
10545 silly cache add   rawSpec: 'https://registry.npmjs.org/type-fest/-/type-fest-0.21.3.tgz',
10545 silly cache add   spec: 'https://registry.npmjs.org/type-fest/-/type-fest-0.21.3.tgz',
10545 silly cache add   type: 'remote' }
10546 silly mapToRegistry name type-fest@https://registry.npmjs.org/type-fest/-/type-fest-0.21.3.tgz
10547 silly mapToRegistry using default registry
10548 silly mapToRegistry registry https://registry.npmjs.org/
10549 silly mapToRegistry data Result {
10549 silly mapToRegistry   raw: 'type-fest@https://registry.npmjs.org/type-fest/-/type-fest-0.21.3.tgz',
10549 silly mapToRegistry   scope: null,
10549 silly mapToRegistry   name: 'type-fest',
10549 silly mapToRegistry   rawSpec: 'https://registry.npmjs.org/type-fest/-/type-fest-0.21.3.tgz',
10549 silly mapToRegistry   spec: 'https://registry.npmjs.org/type-fest/-/type-fest-0.21.3.tgz',
10549 silly mapToRegistry   type: 'remote' }
10550 silly mapToRegistry uri https://registry.npmjs.org/type-fest/-/type-fest-0.21.3.tgz
10551 verbose addRemoteTarball https://registry.npmjs.org/type-fest/-/type-fest-0.21.3.tgz not in flight; adding
10552 verbose addRemoteTarball [ 'https://registry.npmjs.org/type-fest/-/type-fest-0.21.3.tgz',
10552 verbose addRemoteTarball   null ]
10553 info retry fetch attempt 1 at 6:27:59 PM
10554 info attempt registry request try #1 at 6:27:59 PM
10555 http fetch GET https://registry.npmjs.org/safe-buffer/-/safe-buffer-5.2.1.tgz
10556 silly gunzTarPerm extractEntry build/esm-debug/binary.d.ts
10557 silly gunzTarPerm extractEntry build/esm/binary.d.ts
10558 silly cache afterAdd delayed-stream@1.0.0
10559 verbose afterAdd /Users/andyporter/.npm/delayed-stream/1.0.0/package/package.json not in flight; writing
10560 verbose correctMkdir /Users/andyporter/.npm correctMkdir not in flight; initializing
10561 silly cache afterAdd @types/form-data@0.0.33
10562 verbose afterAdd /Users/andyporter/.npm/@types/form-data/0.0.33/package/package.json not in flight; writing
10563 verbose correctMkdir /Users/andyporter/.npm correctMkdir not in flight; initializing
10564 verbose afterAdd /Users/andyporter/.npm/string-width/4.2.3/package/package.json written
10565 silly gunzTarPerm extractEntry dist/govuk/govuk-frontend.min.css
10566 verbose afterAdd /Users/andyporter/.npm/easy-extender/2.3.4/package/package.json written
10567 verbose correctMkdir /Users/andyporter/.npm correctMkdir not in flight; initializing
10568 verbose afterAdd /Users/andyporter/.npm/readdirp/3.6.0/package/package.json written
10569 silly fetchPackageMetaData statuses@https://registry.npmjs.org/statuses/-/statuses-1.3.1.tgz
10570 verbose correctMkdir /Users/andyporter/.npm correctMkdir not in flight; initializing
10571 verbose afterAdd /Users/andyporter/.npm/get-caller-file/2.0.5/package/package.json written
10572 verbose afterAdd /Users/andyporter/.npm/supports-color/7.2.0/package/package.json written
10573 verbose afterAdd /Users/andyporter/.npm/xmlhttprequest-ssl/2.1.2/package/package.json written
10574 verbose afterAdd /Users/andyporter/.npm/opn/5.3.0/package/package.json written
10575 verbose afterAdd /Users/andyporter/.npm/queue-microtask/1.2.3/package/package.json written
10576 silly fetchOtherPackageData statuses@https://registry.npmjs.org/statuses/-/statuses-1.3.1.tgz
10577 silly cache add args [ 'statuses@https://registry.npmjs.org/statuses/-/statuses-1.3.1.tgz',
10577 silly cache add   null ]
10578 verbose cache add spec statuses@https://registry.npmjs.org/statuses/-/statuses-1.3.1.tgz
10579 silly fetchPackageMetaData depd@https://registry.npmjs.org/depd/-/depd-2.0.0.tgz
10580 silly fetchPackageMetaData inherits@https://registry.npmjs.org/inherits/-/inherits-2.0.4.tgz
10581 silly fetchPackageMetaData statuses@https://registry.npmjs.org/statuses/-/statuses-2.0.1.tgz
10582 silly gunzTarPerm extractEntry lib/finally.js
10583 silly gunzTarPerm extractEntry setimmediate/finally.js
10584 silly cache afterAdd ignore@5.2.4
10585 verbose afterAdd /Users/andyporter/.npm/ignore/5.2.4/package/package.json not in flight; writing
10586 verbose correctMkdir /Users/andyporter/.npm correctMkdir not in flight; initializing
10587 silly gunzTarPerm extractEntry dist/esm-browser/nil.js
10588 silly gunzTarPerm extractEntry dist/esm-node/nil.js
10589 verbose correctMkdir /Users/andyporter/.npm correctMkdir not in flight; initializing
10590 silly cache afterAdd parse-cache-control@1.0.1
10591 verbose afterAdd /Users/andyporter/.npm/parse-cache-control/1.0.1/package/package.json not in flight; writing
10592 verbose correctMkdir /Users/andyporter/.npm correctMkdir not in flight; initializing
10593 verbose afterAdd /Users/andyporter/.npm/eazy-logger/4.1.0/package/package.json written
10594 silly gunzTarPerm extractEntry out/readers/common.d.ts
10595 silly gunzTarPerm modified mode [ 'out/readers/common.d.ts', 436, 420 ]
10596 silly gunzTarPerm extractEntry out/index.d.ts
10597 silly gunzTarPerm modified mode [ 'out/index.d.ts', 436, 420 ]
10598 verbose afterAdd /Users/andyporter/.npm/@types/qs/6.9.7/package/package.json written
10599 verbose afterAdd /Users/andyporter/.npm/p-map/4.0.0/package/package.json written
10600 verbose afterAdd /Users/andyporter/.npm/utils-merge/1.0.1/package/package.json written
10601 verbose afterAdd /Users/andyporter/.npm/safe-buffer/5.1.2/package/package.json written
10602 info retry fetch attempt 1 at 6:27:59 PM
10603 info attempt registry request try #1 at 6:27:59 PM
10604 http fetch GET https://registry.npmjs.org/type-fest/-/type-fest-0.21.3.tgz
10605 silly cache add parsed spec Result {
10605 silly cache add   raw: 'statuses@https://registry.npmjs.org/statuses/-/statuses-1.3.1.tgz',
10605 silly cache add   scope: null,
10605 silly cache add   name: 'statuses',
10605 silly cache add   rawSpec: 'https://registry.npmjs.org/statuses/-/statuses-1.3.1.tgz',
10605 silly cache add   spec: 'https://registry.npmjs.org/statuses/-/statuses-1.3.1.tgz',
10605 silly cache add   type: 'remote' }
10606 silly mapToRegistry name statuses@https://registry.npmjs.org/statuses/-/statuses-1.3.1.tgz
10607 silly mapToRegistry using default registry
10608 silly mapToRegistry registry https://registry.npmjs.org/
10609 silly mapToRegistry data Result {
10609 silly mapToRegistry   raw: 'statuses@https://registry.npmjs.org/statuses/-/statuses-1.3.1.tgz',
10609 silly mapToRegistry   scope: null,
10609 silly mapToRegistry   name: 'statuses',
10609 silly mapToRegistry   rawSpec: 'https://registry.npmjs.org/statuses/-/statuses-1.3.1.tgz',
10609 silly mapToRegistry   spec: 'https://registry.npmjs.org/statuses/-/statuses-1.3.1.tgz',
10609 silly mapToRegistry   type: 'remote' }
10610 silly mapToRegistry uri https://registry.npmjs.org/statuses/-/statuses-1.3.1.tgz
10611 verbose addRemoteTarball https://registry.npmjs.org/statuses/-/statuses-1.3.1.tgz not in flight; adding
10612 verbose addRemoteTarball [ 'https://registry.npmjs.org/statuses/-/statuses-1.3.1.tgz',
10612 verbose addRemoteTarball   null ]
10613 silly fetchOtherPackageData depd@https://registry.npmjs.org/depd/-/depd-2.0.0.tgz
10614 silly cache add args [ 'depd@https://registry.npmjs.org/depd/-/depd-2.0.0.tgz',
10614 silly cache add   null ]
10615 verbose cache add spec depd@https://registry.npmjs.org/depd/-/depd-2.0.0.tgz
10616 silly fetchOtherPackageData inherits@https://registry.npmjs.org/inherits/-/inherits-2.0.4.tgz
10617 silly cache add args [ 'inherits@https://registry.npmjs.org/inherits/-/inherits-2.0.4.tgz',
10617 silly cache add   null ]
10618 verbose cache add spec inherits@https://registry.npmjs.org/inherits/-/inherits-2.0.4.tgz
10619 silly fetchOtherPackageData statuses@https://registry.npmjs.org/statuses/-/statuses-2.0.1.tgz
10620 silly cache add args [ 'statuses@https://registry.npmjs.org/statuses/-/statuses-2.0.1.tgz',
10620 silly cache add   null ]
10621 verbose cache add spec statuses@https://registry.npmjs.org/statuses/-/statuses-2.0.1.tgz
10622 silly gunzTarPerm extractEntry lib/Headers.js.flow
10623 silly gunzTarPerm extractEntry lib/HttpVerb.d.ts
10624 silly gunzTarPerm extractEntry bin/nodemon.js
10625 silly gunzTarPerm extractEntry lib/nodemon.js
10626 silly gunzTarPerm extractEntry test/duplicates/d.json
10627 silly gunzTarPerm extractEntry test/extensions.js
10628 http fetch 200 https://registry.npmjs.org/safe-buffer/-/safe-buffer-5.2.1.tgz
10629 silly cache afterAdd color-convert@2.0.1
10630 verbose afterAdd /Users/andyporter/.npm/color-convert/2.0.1/package/package.json not in flight; writing
10631 verbose correctMkdir /Users/andyporter/.npm correctMkdir not in flight; initializing
10632 silly cache afterAdd touch@3.1.0
10633 verbose afterAdd /Users/andyporter/.npm/touch/3.1.0/package/package.json not in flight; writing
10634 verbose correctMkdir /Users/andyporter/.npm correctMkdir not in flight; initializing
10635 silly cache afterAdd binary-extensions@2.2.0
10636 verbose afterAdd /Users/andyporter/.npm/binary-extensions/2.2.0/package/package.json not in flight; writing
10637 verbose correctMkdir /Users/andyporter/.npm correctMkdir not in flight; initializing
10638 silly cache afterAdd yoctocolors-cjs@2.1.3
10639 verbose afterAdd /Users/andyporter/.npm/yoctocolors-cjs/2.1.3/package/package.json not in flight; writing
10640 verbose correctMkdir /Users/andyporter/.npm correctMkdir not in flight; initializing
10641 verbose afterAdd /Users/andyporter/.npm/@types/concat-stream/1.6.1/package/package.json written
10642 verbose afterAdd /Users/andyporter/.npm/toidentifier/1.0.1/package/package.json written
10643 verbose afterAdd /Users/andyporter/.npm/slash/3.0.0/package/package.json written
10644 verbose afterAdd /Users/andyporter/.npm/cors/2.8.5/package/package.json written
10645 verbose afterAdd /Users/andyporter/.npm/uid-safe/2.1.5/package/package.json written
10646 verbose correctMkdir /Users/andyporter/.npm correctMkdir not in flight; initializing
10647 silly fetchPackageMetaData depd@https://registry.npmjs.org/depd/-/depd-2.0.0.tgz
10648 silly fetchPackageMetaData http-errors@https://registry.npmjs.org/http-errors/-/http-errors-2.0.1.tgz
10649 silly fetchPackageMetaData inherits@https://registry.npmjs.org/inherits/-/inherits-2.0.4.tgz
10650 silly fetchPackageMetaData statuses@https://registry.npmjs.org/statuses/-/statuses-2.0.2.tgz
10651 silly gunzTarPerm extractEntry public/css/core.min.css
10652 silly cache add parsed spec Result {
10652 silly cache add   raw: 'depd@https://registry.npmjs.org/depd/-/depd-2.0.0.tgz',
10652 silly cache add   scope: null,
10652 silly cache add   name: 'depd',
10652 silly cache add   rawSpec: 'https://registry.npmjs.org/depd/-/depd-2.0.0.tgz',
10652 silly cache add   spec: 'https://registry.npmjs.org/depd/-/depd-2.0.0.tgz',
10652 silly cache add   type: 'remote' }
10653 silly mapToRegistry name depd@https://registry.npmjs.org/depd/-/depd-2.0.0.tgz
10654 silly mapToRegistry using default registry
10655 silly mapToRegistry registry https://registry.npmjs.org/
10656 silly mapToRegistry data Result {
10656 silly mapToRegistry   raw: 'depd@https://registry.npmjs.org/depd/-/depd-2.0.0.tgz',
10656 silly mapToRegistry   scope: null,
10656 silly mapToRegistry   name: 'depd',
10656 silly mapToRegistry   rawSpec: 'https://registry.npmjs.org/depd/-/depd-2.0.0.tgz',
10656 silly mapToRegistry   spec: 'https://registry.npmjs.org/depd/-/depd-2.0.0.tgz',
10656 silly mapToRegistry   type: 'remote' }
10657 silly mapToRegistry uri https://registry.npmjs.org/depd/-/depd-2.0.0.tgz
10658 verbose addRemoteTarball https://registry.npmjs.org/depd/-/depd-2.0.0.tgz not in flight; adding
10659 verbose addRemoteTarball [ 'https://registry.npmjs.org/depd/-/depd-2.0.0.tgz', null ]
10660 verbose correctMkdir /Users/andyporter/.npm correctMkdir not in flight; initializing
10661 silly cache add parsed spec Result {
10661 silly cache add   raw: 'inherits@https://registry.npmjs.org/inherits/-/inherits-2.0.4.tgz',
10661 silly cache add   scope: null,
10661 silly cache add   name: 'inherits',
10661 silly cache add   rawSpec: 'https://registry.npmjs.org/inherits/-/inherits-2.0.4.tgz',
10661 silly cache add   spec: 'https://registry.npmjs.org/inherits/-/inherits-2.0.4.tgz',
10661 silly cache add   type: 'remote' }
10662 silly mapToRegistry name inherits@https://registry.npmjs.org/inherits/-/inherits-2.0.4.tgz
10663 silly mapToRegistry using default registry
10664 silly mapToRegistry registry https://registry.npmjs.org/
10665 silly mapToRegistry data Result {
10665 silly mapToRegistry   raw: 'inherits@https://registry.npmjs.org/inherits/-/inherits-2.0.4.tgz',
10665 silly mapToRegistry   scope: null,
10665 silly mapToRegistry   name: 'inherits',
10665 silly mapToRegistry   rawSpec: 'https://registry.npmjs.org/inherits/-/inherits-2.0.4.tgz',
10665 silly mapToRegistry   spec: 'https://registry.npmjs.org/inherits/-/inherits-2.0.4.tgz',
10665 silly mapToRegistry   type: 'remote' }
10666 silly mapToRegistry uri https://registry.npmjs.org/inherits/-/inherits-2.0.4.tgz
10667 verbose addRemoteTarball https://registry.npmjs.org/inherits/-/inherits-2.0.4.tgz not in flight; adding
10668 verbose addRemoteTarball [ 'https://registry.npmjs.org/inherits/-/inherits-2.0.4.tgz',
10668 verbose addRemoteTarball   null ]
10669 silly cache add parsed spec Result {
10669 silly cache add   raw: 'statuses@https://registry.npmjs.org/statuses/-/statuses-2.0.1.tgz',
10669 silly cache add   scope: null,
10669 silly cache add   name: 'statuses',
10669 silly cache add   rawSpec: 'https://registry.npmjs.org/statuses/-/statuses-2.0.1.tgz',
10669 silly cache add   spec: 'https://registry.npmjs.org/statuses/-/statuses-2.0.1.tgz',
10669 silly cache add   type: 'remote' }
10670 silly mapToRegistry name statuses@https://registry.npmjs.org/statuses/-/statuses-2.0.1.tgz
10671 silly mapToRegistry using default registry
10672 silly mapToRegistry registry https://registry.npmjs.org/
10673 silly mapToRegistry data Result {
10673 silly mapToRegistry   raw: 'statuses@https://registry.npmjs.org/statuses/-/statuses-2.0.1.tgz',
10673 silly mapToRegistry   scope: null,
10673 silly mapToRegistry   name: 'statuses',
10673 silly mapToRegistry   rawSpec: 'https://registry.npmjs.org/statuses/-/statuses-2.0.1.tgz',
10673 silly mapToRegistry   spec: 'https://registry.npmjs.org/statuses/-/statuses-2.0.1.tgz',
10673 silly mapToRegistry   type: 'remote' }
10674 silly mapToRegistry uri https://registry.npmjs.org/statuses/-/statuses-2.0.1.tgz
10675 verbose addRemoteTarball https://registry.npmjs.org/statuses/-/statuses-2.0.1.tgz not in flight; adding
10676 verbose addRemoteTarball [ 'https://registry.npmjs.org/statuses/-/statuses-2.0.1.tgz',
10676 verbose addRemoteTarball   null ]
10677 silly gunzTarPerm extractEntry build/engine.io.d.ts
10678 silly gunzTarPerm extractEntry build/parser-v3/index.d.ts
10679 silly gunzTarPerm extractEntry _arrayPush.js
10680 silly gunzTarPerm extractEntry _arrayReduce.js
10681 verbose correctMkdir /Users/andyporter/.npm correctMkdir not in flight; initializing
10682 verbose afterAdd /Users/andyporter/.npm/ansi-colors/4.1.3/package/package.json written
10683 verbose afterAdd /Users/andyporter/.npm/vary/1.1.2/package/package.json written
10684 verbose afterAdd /Users/andyporter/.npm/jsonfile/6.1.0/package/package.json written
10685 verbose afterAdd /Users/andyporter/.npm/type-is/1.6.18/package/package.json written
10686 verbose afterAdd /Users/andyporter/.npm/unpipe/1.0.0/package/package.json written
10687 silly gunzTarPerm extractEntry dist/esm/lib/promise-polyfill.js
10688 silly gunzTarPerm extractEntry dist/commonjs/lib/screen-manager.js
10689 silly fetchOtherPackageData depd@https://registry.npmjs.org/depd/-/depd-2.0.0.tgz
10690 silly cache add args [ 'depd@https://registry.npmjs.org/depd/-/depd-2.0.0.tgz',
10690 silly cache add   null ]
10691 verbose cache add spec depd@https://registry.npmjs.org/depd/-/depd-2.0.0.tgz
10692 silly fetchOtherPackageData http-errors@https://registry.npmjs.org/http-errors/-/http-errors-2.0.1.tgz
10693 silly cache add args [ 'http-errors@https://registry.npmjs.org/http-errors/-/http-errors-2.0.1.tgz',
10693 silly cache add   null ]
10694 verbose cache add spec http-errors@https://registry.npmjs.org/http-errors/-/http-errors-2.0.1.tgz
10695 silly fetchOtherPackageData inherits@https://registry.npmjs.org/inherits/-/inherits-2.0.4.tgz
10696 silly cache add args [ 'inherits@https://registry.npmjs.org/inherits/-/inherits-2.0.4.tgz',
10696 silly cache add   null ]
10697 verbose cache add spec inherits@https://registry.npmjs.org/inherits/-/inherits-2.0.4.tgz
10698 silly fetchOtherPackageData statuses@https://registry.npmjs.org/statuses/-/statuses-2.0.2.tgz
10699 silly cache add args [ 'statuses@https://registry.npmjs.org/statuses/-/statuses-2.0.2.tgz',
10699 silly cache add   null ]
10700 verbose cache add spec statuses@https://registry.npmjs.org/statuses/-/statuses-2.0.2.tgz
10701 silly fetchPackageMetaData depd@https://registry.npmjs.org/depd/-/depd-2.0.0.tgz
10702 silly fetchPackageMetaData encodeurl@https://registry.npmjs.org/encodeurl/-/encodeurl-2.0.0.tgz
10703 silly fetchPackageMetaData ms@https://registry.npmjs.org/ms/-/ms-2.1.3.tgz
10704 silly fetchPackageMetaData on-finished@https://registry.npmjs.org/on-finished/-/on-finished-2.4.1.tgz
10705 silly fetchPackageMetaData send@https://registry.npmjs.org/send/-/send-0.19.0.tgz
10706 silly fetchPackageMetaData statuses@https://registry.npmjs.org/statuses/-/statuses-2.0.1.tgz
10707 silly gunzTarPerm extractEntry lib/plugins/remote-debug/overlay-grid/css/grid-overlay-horizontal.css
10708 info retry fetch attempt 1 at 6:28:00 PM
10709 info attempt registry request try #1 at 6:28:00 PM
10710 http fetch GET https://registry.npmjs.org/statuses/-/statuses-1.3.1.tgz
10711 silly cache afterAdd rimraf@3.0.2
10712 verbose afterAdd /Users/andyporter/.npm/rimraf/3.0.2/package/package.json not in flight; writing
10713 verbose correctMkdir /Users/andyporter/.npm correctMkdir not in flight; initializing
10714 silly cache afterAdd string_decoder@1.1.1
10715 verbose afterAdd /Users/andyporter/.npm/string_decoder/1.1.1/package/package.json not in flight; writing
10716 verbose correctMkdir /Users/andyporter/.npm correctMkdir not in flight; initializing
10717 silly gunzTarPerm extractEntry build/lib/validation.js
10718 silly gunzTarPerm extractEntry build/lib/utils/which-module.js
10719 silly fetchPackageMetaData has-flag@https://registry.npmjs.org/has-flag/-/has-flag-4.0.0.tgz
10720 verbose afterAdd /Users/andyporter/.npm/delayed-stream/1.0.0/package/package.json written
10721 verbose afterAdd /Users/andyporter/.npm/@types/form-data/0.0.33/package/package.json written
10722 silly gunzTarPerm extractEntry
10723 silly gunzTarPerm extractEntry
10724 silly gunzTarPerm extractEntry
10725 verbose correctMkdir /Users/andyporter/.npm correctMkdir not in flight; initializing
10726 silly cache add parsed spec Result {
10726 silly cache add   raw: 'depd@https://registry.npmjs.org/depd/-/depd-2.0.0.tgz',
10726 silly cache add   scope: null,
10726 silly cache add   name: 'depd',
10726 silly cache add   rawSpec: 'https://registry.npmjs.org/depd/-/depd-2.0.0.tgz',
10726 silly cache add   spec: 'https://registry.npmjs.org/depd/-/depd-2.0.0.tgz',
10726 silly cache add   type: 'remote' }
10727 silly mapToRegistry name depd@https://registry.npmjs.org/depd/-/depd-2.0.0.tgz
10728 silly mapToRegistry using default registry
10729 silly mapToRegistry registry https://registry.npmjs.org/
10730 silly mapToRegistry data Result {
10730 silly mapToRegistry   raw: 'depd@https://registry.npmjs.org/depd/-/depd-2.0.0.tgz',
10730 silly mapToRegistry   scope: null,
10730 silly mapToRegistry   name: 'depd',
10730 silly mapToRegistry   rawSpec: 'https://registry.npmjs.org/depd/-/depd-2.0.0.tgz',
10730 silly mapToRegistry   spec: 'https://registry.npmjs.org/depd/-/depd-2.0.0.tgz',
10730 silly mapToRegistry   type: 'remote' }
10731 silly mapToRegistry uri https://registry.npmjs.org/depd/-/depd-2.0.0.tgz
10732 verbose addRemoteTarball https://registry.npmjs.org/depd/-/depd-2.0.0.tgz already in flight; waiting
10733 silly cache add parsed spec Result {
10733 silly cache add   raw: 'http-errors@https://registry.npmjs.org/http-errors/-/http-errors-2.0.1.tgz',
10733 silly cache add   scope: null,
10733 silly cache add   name: 'http-errors',
10733 silly cache add   rawSpec: 'https://registry.npmjs.org/http-errors/-/http-errors-2.0.1.tgz',
10733 silly cache add   spec: 'https://registry.npmjs.org/http-errors/-/http-errors-2.0.1.tgz',
10733 silly cache add   type: 'remote' }
10734 silly mapToRegistry name http-errors@https://registry.npmjs.org/http-errors/-/http-errors-2.0.1.tgz
10735 silly mapToRegistry using default registry
10736 silly mapToRegistry registry https://registry.npmjs.org/
10737 silly mapToRegistry data Result {
10737 silly mapToRegistry   raw: 'http-errors@https://registry.npmjs.org/http-errors/-/http-errors-2.0.1.tgz',
10737 silly mapToRegistry   scope: null,
10737 silly mapToRegistry   name: 'http-errors',
10737 silly mapToRegistry   rawSpec: 'https://registry.npmjs.org/http-errors/-/http-errors-2.0.1.tgz',
10737 silly mapToRegistry   spec: 'https://registry.npmjs.org/http-errors/-/http-errors-2.0.1.tgz',
10737 silly mapToRegistry   type: 'remote' }
10738 silly mapToRegistry uri https://registry.npmjs.org/http-errors/-/http-errors-2.0.1.tgz
10739 verbose addRemoteTarball https://registry.npmjs.org/http-errors/-/http-errors-2.0.1.tgz not in flight; adding
10740 verbose addRemoteTarball [ 'https://registry.npmjs.org/http-errors/-/http-errors-2.0.1.tgz',
10740 verbose addRemoteTarball   null ]
10741 silly cache add parsed spec Result {
10741 silly cache add   raw: 'inherits@https://registry.npmjs.org/inherits/-/inherits-2.0.4.tgz',
10741 silly cache add   scope: null,
10741 silly cache add   name: 'inherits',
10741 silly cache add   rawSpec: 'https://registry.npmjs.org/inherits/-/inherits-2.0.4.tgz',
10741 silly cache add   spec: 'https://registry.npmjs.org/inherits/-/inherits-2.0.4.tgz',
10741 silly cache add   type: 'remote' }
10742 silly mapToRegistry name inherits@https://registry.npmjs.org/inherits/-/inherits-2.0.4.tgz
10743 silly mapToRegistry using default registry
10744 silly mapToRegistry registry https://registry.npmjs.org/
10745 silly mapToRegistry data Result {
10745 silly mapToRegistry   raw: 'inherits@https://registry.npmjs.org/inherits/-/inherits-2.0.4.tgz',
10745 silly mapToRegistry   scope: null,
10745 silly mapToRegistry   name: 'inherits',
10745 silly mapToRegistry   rawSpec: 'https://registry.npmjs.org/inherits/-/inherits-2.0.4.tgz',
10745 silly mapToRegistry   spec: 'https://registry.npmjs.org/inherits/-/inherits-2.0.4.tgz',
10745 silly mapToRegistry   type: 'remote' }
10746 silly mapToRegistry uri https://registry.npmjs.org/inherits/-/inherits-2.0.4.tgz
10747 verbose addRemoteTarball https://registry.npmjs.org/inherits/-/inherits-2.0.4.tgz already in flight; waiting
10748 silly cache add parsed spec Result {
10748 silly cache add   raw: 'statuses@https://registry.npmjs.org/statuses/-/statuses-2.0.2.tgz',
10748 silly cache add   scope: null,
10748 silly cache add   name: 'statuses',
10748 silly cache add   rawSpec: 'https://registry.npmjs.org/statuses/-/statuses-2.0.2.tgz',
10748 silly cache add   spec: 'https://registry.npmjs.org/statuses/-/statuses-2.0.2.tgz',
10748 silly cache add   type: 'remote' }
10749 silly mapToRegistry name statuses@https://registry.npmjs.org/statuses/-/statuses-2.0.2.tgz
10750 silly mapToRegistry using default registry
10751 silly mapToRegistry registry https://registry.npmjs.org/
10752 silly mapToRegistry data Result {
10752 silly mapToRegistry   raw: 'statuses@https://registry.npmjs.org/statuses/-/statuses-2.0.2.tgz',
10752 silly mapToRegistry   scope: null,
10752 silly mapToRegistry   name: 'statuses',
10752 silly mapToRegistry   rawSpec: 'https://registry.npmjs.org/statuses/-/statuses-2.0.2.tgz',
10752 silly mapToRegistry   spec: 'https://registry.npmjs.org/statuses/-/statuses-2.0.2.tgz',
10752 silly mapToRegistry   type: 'remote' }
10753 silly mapToRegistry uri https://registry.npmjs.org/statuses/-/statuses-2.0.2.tgz
10754 verbose addRemoteTarball https://registry.npmjs.org/statuses/-/statuses-2.0.2.tgz not in flight; adding
10755 verbose addRemoteTarball [ 'https://registry.npmjs.org/statuses/-/statuses-2.0.2.tgz',
10755 verbose addRemoteTarball   null ]
10756 silly fetchOtherPackageData depd@https://registry.npmjs.org/depd/-/depd-2.0.0.tgz
10757 silly cache add args [ 'depd@https://registry.npmjs.org/depd/-/depd-2.0.0.tgz',
10757 silly cache add   null ]
10758 verbose cache add spec depd@https://registry.npmjs.org/depd/-/depd-2.0.0.tgz
10759 silly fetchOtherPackageData encodeurl@https://registry.npmjs.org/encodeurl/-/encodeurl-2.0.0.tgz
10760 silly cache add args [ 'encodeurl@https://registry.npmjs.org/encodeurl/-/encodeurl-2.0.0.tgz',
10760 silly cache add   null ]
10761 verbose cache add spec encodeurl@https://registry.npmjs.org/encodeurl/-/encodeurl-2.0.0.tgz
10762 silly fetchOtherPackageData ms@https://registry.npmjs.org/ms/-/ms-2.1.3.tgz
10763 silly cache add args [ 'ms@https://registry.npmjs.org/ms/-/ms-2.1.3.tgz', null ]
10764 verbose cache add spec ms@https://registry.npmjs.org/ms/-/ms-2.1.3.tgz
10765 silly fetchOtherPackageData on-finished@https://registry.npmjs.org/on-finished/-/on-finished-2.4.1.tgz
10766 silly cache add args [ 'on-finished@https://registry.npmjs.org/on-finished/-/on-finished-2.4.1.tgz',
10766 silly cache add   null ]
10767 verbose cache add spec on-finished@https://registry.npmjs.org/on-finished/-/on-finished-2.4.1.tgz
10768 silly fetchOtherPackageData send@https://registry.npmjs.org/send/-/send-0.19.0.tgz
10769 silly cache add args [ 'send@https://registry.npmjs.org/send/-/send-0.19.0.tgz',
10769 silly cache add   null ]
10770 verbose cache add spec send@https://registry.npmjs.org/send/-/send-0.19.0.tgz
10771 silly fetchOtherPackageData statuses@https://registry.npmjs.org/statuses/-/statuses-2.0.1.tgz
10772 silly cache add args [ 'statuses@https://registry.npmjs.org/statuses/-/statuses-2.0.1.tgz',
10772 silly cache add   null ]
10773 verbose cache add spec statuses@https://registry.npmjs.org/statuses/-/statuses-2.0.1.tgz
10774 info retry fetch attempt 1 at 6:28:00 PM
10775 info attempt registry request try #1 at 6:28:00 PM
10776 http fetch GET https://registry.npmjs.org/depd/-/depd-2.0.0.tgz
10777 info retry fetch attempt 1 at 6:28:00 PM
10778 info attempt registry request try #1 at 6:28:00 PM
10779 http fetch GET https://registry.npmjs.org/inherits/-/inherits-2.0.4.tgz
10780 info retry fetch attempt 1 at 6:28:00 PM
10781 info attempt registry request try #1 at 6:28:00 PM
10782 http fetch GET https://registry.npmjs.org/statuses/-/statuses-2.0.1.tgz
10783 silly gunzTarPerm extractEntry recipes/grunt.sass.autoprefixer/app/index.html
10784 silly gunzTarPerm extractEntry recipes/grunt.sass.autoprefixer/app/scss/main.scss
10785 verbose correctMkdir /Users/andyporter/.npm correctMkdir not in flight; initializing
10786 http fetch 200 https://registry.npmjs.org/type-fest/-/type-fest-0.21.3.tgz
10787 silly cache afterAdd ipaddr.js@1.9.1
10788 verbose afterAdd /Users/andyporter/.npm/ipaddr.js/1.9.1/package/package.json not in flight; writing
10789 verbose correctMkdir /Users/andyporter/.npm correctMkdir not in flight; initializing
10790 silly cache afterAdd follow-redirects@1.15.11
10791 verbose afterAdd /Users/andyporter/.npm/follow-redirects/1.15.11/package/package.json not in flight; writing
10792 verbose correctMkdir /Users/andyporter/.npm correctMkdir not in flight; initializing
10793 silly cache afterAdd send@0.19.1
10794 verbose afterAdd /Users/andyporter/.npm/send/0.19.1/package/package.json not in flight; writing
10795 verbose correctMkdir /Users/andyporter/.npm correctMkdir not in flight; initializing
10796 silly cache afterAdd graceful-fs@4.2.10
10797 verbose afterAdd /Users/andyporter/.npm/graceful-fs/4.2.10/package/package.json not in flight; writing
10798 verbose correctMkdir /Users/andyporter/.npm correctMkdir not in flight; initializing
10799 silly cache afterAdd detect-libc@1.0.3
10800 verbose afterAdd /Users/andyporter/.npm/detect-libc/1.0.3/package/package.json not in flight; writing
10801 verbose correctMkdir /Users/andyporter/.npm correctMkdir not in flight; initializing
10802 silly gunzTarPerm extractEntry src/loader.js
10803 silly gunzTarPerm extractEntry src/loaders.js
10804 silly fetchOtherPackageData has-flag@https://registry.npmjs.org/has-flag/-/has-flag-4.0.0.tgz
10805 silly cache add args [ 'has-flag@https://registry.npmjs.org/has-flag/-/has-flag-4.0.0.tgz',
10805 silly cache add   null ]
10806 verbose cache add spec has-flag@https://registry.npmjs.org/has-flag/-/has-flag-4.0.0.tgz
10807 verbose correctMkdir /Users/andyporter/.npm correctMkdir not in flight; initializing
10808 silly gunzTarPerm extractEntry dist/uws.js
10809 silly gunzTarPerm extractEntry package.json
10810 silly cache add parsed spec Result {
10810 silly cache add   raw: 'depd@https://registry.npmjs.org/depd/-/depd-2.0.0.tgz',
10810 silly cache add   scope: null,
10810 silly cache add   name: 'depd',
10810 silly cache add   rawSpec: 'https://registry.npmjs.org/depd/-/depd-2.0.0.tgz',
10810 silly cache add   spec: 'https://registry.npmjs.org/depd/-/depd-2.0.0.tgz',
10810 silly cache add   type: 'remote' }
10811 silly mapToRegistry name depd@https://registry.npmjs.org/depd/-/depd-2.0.0.tgz
10812 silly mapToRegistry using default registry
10813 silly mapToRegistry registry https://registry.npmjs.org/
10814 silly mapToRegistry data Result {
10814 silly mapToRegistry   raw: 'depd@https://registry.npmjs.org/depd/-/depd-2.0.0.tgz',
10814 silly mapToRegistry   scope: null,
10814 silly mapToRegistry   name: 'depd',
10814 silly mapToRegistry   rawSpec: 'https://registry.npmjs.org/depd/-/depd-2.0.0.tgz',
10814 silly mapToRegistry   spec: 'https://registry.npmjs.org/depd/-/depd-2.0.0.tgz',
10814 silly mapToRegistry   type: 'remote' }
10815 silly mapToRegistry uri https://registry.npmjs.org/depd/-/depd-2.0.0.tgz
10816 verbose addRemoteTarball https://registry.npmjs.org/depd/-/depd-2.0.0.tgz already in flight; waiting
10817 silly cache add parsed spec Result {
10817 silly cache add   raw: 'encodeurl@https://registry.npmjs.org/encodeurl/-/encodeurl-2.0.0.tgz',
10817 silly cache add   scope: null,
10817 silly cache add   name: 'encodeurl',
10817 silly cache add   rawSpec: 'https://registry.npmjs.org/encodeurl/-/encodeurl-2.0.0.tgz',
10817 silly cache add   spec: 'https://registry.npmjs.org/encodeurl/-/encodeurl-2.0.0.tgz',
10817 silly cache add   type: 'remote' }
10818 silly mapToRegistry name encodeurl@https://registry.npmjs.org/encodeurl/-/encodeurl-2.0.0.tgz
10819 silly mapToRegistry using default registry
10820 silly mapToRegistry registry https://registry.npmjs.org/
10821 silly mapToRegistry data Result {
10821 silly mapToRegistry   raw: 'encodeurl@https://registry.npmjs.org/encodeurl/-/encodeurl-2.0.0.tgz',
10821 silly mapToRegistry   scope: null,
10821 silly mapToRegistry   name: 'encodeurl',
10821 silly mapToRegistry   rawSpec: 'https://registry.npmjs.org/encodeurl/-/encodeurl-2.0.0.tgz',
10821 silly mapToRegistry   spec: 'https://registry.npmjs.org/encodeurl/-/encodeurl-2.0.0.tgz',
10821 silly mapToRegistry   type: 'remote' }
10822 silly mapToRegistry uri https://registry.npmjs.org/encodeurl/-/encodeurl-2.0.0.tgz
10823 verbose addRemoteTarball https://registry.npmjs.org/encodeurl/-/encodeurl-2.0.0.tgz not in flight; adding
10824 verbose addRemoteTarball [ 'https://registry.npmjs.org/encodeurl/-/encodeurl-2.0.0.tgz',
10824 verbose addRemoteTarball   null ]
10825 silly cache add parsed spec Result {
10825 silly cache add   raw: 'ms@https://registry.npmjs.org/ms/-/ms-2.1.3.tgz',
10825 silly cache add   scope: null,
10825 silly cache add   name: 'ms',
10825 silly cache add   rawSpec: 'https://registry.npmjs.org/ms/-/ms-2.1.3.tgz',
10825 silly cache add   spec: 'https://registry.npmjs.org/ms/-/ms-2.1.3.tgz',
10825 silly cache add   type: 'remote' }
10826 silly mapToRegistry name ms@https://registry.npmjs.org/ms/-/ms-2.1.3.tgz
10827 silly mapToRegistry using default registry
10828 silly mapToRegistry registry https://registry.npmjs.org/
10829 silly mapToRegistry data Result {
10829 silly mapToRegistry   raw: 'ms@https://registry.npmjs.org/ms/-/ms-2.1.3.tgz',
10829 silly mapToRegistry   scope: null,
10829 silly mapToRegistry   name: 'ms',
10829 silly mapToRegistry   rawSpec: 'https://registry.npmjs.org/ms/-/ms-2.1.3.tgz',
10829 silly mapToRegistry   spec: 'https://registry.npmjs.org/ms/-/ms-2.1.3.tgz',
10829 silly mapToRegistry   type: 'remote' }
10830 silly mapToRegistry uri https://registry.npmjs.org/ms/-/ms-2.1.3.tgz
10831 verbose addRemoteTarball https://registry.npmjs.org/ms/-/ms-2.1.3.tgz not in flight; adding
10832 verbose addRemoteTarball [ 'https://registry.npmjs.org/ms/-/ms-2.1.3.tgz', null ]
10833 silly cache add parsed spec Result {
10833 silly cache add   raw: 'on-finished@https://registry.npmjs.org/on-finished/-/on-finished-2.4.1.tgz',
10833 silly cache add   scope: null,
10833 silly cache add   name: 'on-finished',
10833 silly cache add   rawSpec: 'https://registry.npmjs.org/on-finished/-/on-finished-2.4.1.tgz',
10833 silly cache add   spec: 'https://registry.npmjs.org/on-finished/-/on-finished-2.4.1.tgz',
10833 silly cache add   type: 'remote' }
10834 silly mapToRegistry name on-finished@https://registry.npmjs.org/on-finished/-/on-finished-2.4.1.tgz
10835 silly mapToRegistry using default registry
10836 silly mapToRegistry registry https://registry.npmjs.org/
10837 silly mapToRegistry data Result {
10837 silly mapToRegistry   raw: 'on-finished@https://registry.npmjs.org/on-finished/-/on-finished-2.4.1.tgz',
10837 silly mapToRegistry   scope: null,
10837 silly mapToRegistry   name: 'on-finished',
10837 silly mapToRegistry   rawSpec: 'https://registry.npmjs.org/on-finished/-/on-finished-2.4.1.tgz',
10837 silly mapToRegistry   spec: 'https://registry.npmjs.org/on-finished/-/on-finished-2.4.1.tgz',
10837 silly mapToRegistry   type: 'remote' }
10838 silly mapToRegistry uri https://registry.npmjs.org/on-finished/-/on-finished-2.4.1.tgz
10839 verbose addRemoteTarball https://registry.npmjs.org/on-finished/-/on-finished-2.4.1.tgz not in flight; adding
10840 verbose addRemoteTarball [ 'https://registry.npmjs.org/on-finished/-/on-finished-2.4.1.tgz',
10840 verbose addRemoteTarball   null ]
10841 silly cache add parsed spec Result {
10841 silly cache add   raw: 'send@https://registry.npmjs.org/send/-/send-0.19.0.tgz',
10841 silly cache add   scope: null,
10841 silly cache add   name: 'send',
10841 silly cache add   rawSpec: 'https://registry.npmjs.org/send/-/send-0.19.0.tgz',
10841 silly cache add   spec: 'https://registry.npmjs.org/send/-/send-0.19.0.tgz',
10841 silly cache add   type: 'remote' }
10842 silly mapToRegistry name send@https://registry.npmjs.org/send/-/send-0.19.0.tgz
10843 silly mapToRegistry using default registry
10844 silly mapToRegistry registry https://registry.npmjs.org/
10845 silly mapToRegistry data Result {
10845 silly mapToRegistry   raw: 'send@https://registry.npmjs.org/send/-/send-0.19.0.tgz',
10845 silly mapToRegistry   scope: null,
10845 silly mapToRegistry   name: 'send',
10845 silly mapToRegistry   rawSpec: 'https://registry.npmjs.org/send/-/send-0.19.0.tgz',
10845 silly mapToRegistry   spec: 'https://registry.npmjs.org/send/-/send-0.19.0.tgz',
10845 silly mapToRegistry   type: 'remote' }
10846 silly mapToRegistry uri https://registry.npmjs.org/send/-/send-0.19.0.tgz
10847 verbose addRemoteTarball https://registry.npmjs.org/send/-/send-0.19.0.tgz not in flight; adding
10848 verbose addRemoteTarball [ 'https://registry.npmjs.org/send/-/send-0.19.0.tgz', null ]
10849 silly cache add parsed spec Result {
10849 silly cache add   raw: 'statuses@https://registry.npmjs.org/statuses/-/statuses-2.0.1.tgz',
10849 silly cache add   scope: null,
10849 silly cache add   name: 'statuses',
10849 silly cache add   rawSpec: 'https://registry.npmjs.org/statuses/-/statuses-2.0.1.tgz',
10849 silly cache add   spec: 'https://registry.npmjs.org/statuses/-/statuses-2.0.1.tgz',
10849 silly cache add   type: 'remote' }
10850 silly mapToRegistry name statuses@https://registry.npmjs.org/statuses/-/statuses-2.0.1.tgz
10851 silly mapToRegistry using default registry
10852 silly mapToRegistry registry https://registry.npmjs.org/
10853 silly mapToRegistry data Result {
10853 silly mapToRegistry   raw: 'statuses@https://registry.npmjs.org/statuses/-/statuses-2.0.1.tgz',
10853 silly mapToRegistry   scope: null,
10853 silly mapToRegistry   name: 'statuses',
10853 silly mapToRegistry   rawSpec: 'https://registry.npmjs.org/statuses/-/statuses-2.0.1.tgz',
10853 silly mapToRegistry   spec: 'https://registry.npmjs.org/statuses/-/statuses-2.0.1.tgz',
10853 silly mapToRegistry   type: 'remote' }
10854 silly mapToRegistry uri https://registry.npmjs.org/statuses/-/statuses-2.0.1.tgz
10855 verbose addRemoteTarball https://registry.npmjs.org/statuses/-/statuses-2.0.1.tgz already in flight; waiting
10856 silly gunzTarPerm extractEntry build/esm/index.js
10857 silly gunzTarPerm extractEntry build/esm/transports/index.js
10858 silly gunzTarPerm extractEntry build/cjs/contrib/parseqs.js
10859 silly gunzTarPerm extractEntry test/inspect.js
10860 silly gunzTarPerm extractEntry test/lowbyte.js
10861 http fetch 200 https://registry.npmjs.org/statuses/-/statuses-1.3.1.tgz
10862 silly cache afterAdd util-deprecate@1.0.2
10863 verbose afterAdd /Users/andyporter/.npm/util-deprecate/1.0.2/package/package.json not in flight; writing
10864 verbose correctMkdir /Users/andyporter/.npm correctMkdir not in flight; initializing
10865 silly cache afterAdd statuses@1.5.0
10866 verbose afterAdd /Users/andyporter/.npm/statuses/1.5.0/package/package.json not in flight; writing
10867 verbose correctMkdir /Users/andyporter/.npm correctMkdir not in flight; initializing
10868 silly cache afterAdd commander@2.20.3
10869 verbose afterAdd /Users/andyporter/.npm/commander/2.20.3/package/package.json not in flight; writing
10870 verbose correctMkdir /Users/andyporter/.npm correctMkdir not in flight; initializing
10871 verbose afterAdd /Users/andyporter/.npm/ignore/5.2.4/package/package.json written
10872 verbose afterAdd /Users/andyporter/.npm/parse-cache-control/1.0.1/package/package.json written
10873 silly cache add parsed spec Result {
10873 silly cache add   raw: 'has-flag@https://registry.npmjs.org/has-flag/-/has-flag-4.0.0.tgz',
10873 silly cache add   scope: null,
10873 silly cache add   name: 'has-flag',
10873 silly cache add   rawSpec: 'https://registry.npmjs.org/has-flag/-/has-flag-4.0.0.tgz',
10873 silly cache add   spec: 'https://registry.npmjs.org/has-flag/-/has-flag-4.0.0.tgz',
10873 silly cache add   type: 'remote' }
10874 silly mapToRegistry name has-flag@https://registry.npmjs.org/has-flag/-/has-flag-4.0.0.tgz
10875 silly mapToRegistry using default registry
10876 silly mapToRegistry registry https://registry.npmjs.org/
10877 silly mapToRegistry data Result {
10877 silly mapToRegistry   raw: 'has-flag@https://registry.npmjs.org/has-flag/-/has-flag-4.0.0.tgz',
10877 silly mapToRegistry   scope: null,
10877 silly mapToRegistry   name: 'has-flag',
10877 silly mapToRegistry   rawSpec: 'https://registry.npmjs.org/has-flag/-/has-flag-4.0.0.tgz',
10877 silly mapToRegistry   spec: 'https://registry.npmjs.org/has-flag/-/has-flag-4.0.0.tgz',
10877 silly mapToRegistry   type: 'remote' }
10878 silly mapToRegistry uri https://registry.npmjs.org/has-flag/-/has-flag-4.0.0.tgz
10879 verbose addRemoteTarball https://registry.npmjs.org/has-flag/-/has-flag-4.0.0.tgz not in flight; adding
10880 verbose addRemoteTarball [ 'https://registry.npmjs.org/has-flag/-/has-flag-4.0.0.tgz',
10880 verbose addRemoteTarball   null ]
10881 info retry fetch attempt 1 at 6:28:00 PM
10882 info attempt registry request try #1 at 6:28:00 PM
10883 http fetch GET https://registry.npmjs.org/http-errors/-/http-errors-2.0.1.tgz
10884 info retry fetch attempt 1 at 6:28:00 PM
10885 info attempt registry request try #1 at 6:28:00 PM
10886 http fetch GET https://registry.npmjs.org/statuses/-/statuses-2.0.2.tgz
10887 silly gunzTarPerm extractEntry sass.default.cjs
10888 http fetch 200 https://registry.npmjs.org/statuses/-/statuses-2.0.1.tgz
10889 http fetch 200 https://registry.npmjs.org/depd/-/depd-2.0.0.tgz
10890 silly cache afterAdd globby@11.1.0
10891 verbose afterAdd /Users/andyporter/.npm/globby/11.1.0/package/package.json not in flight; writing
10892 verbose correctMkdir /Users/andyporter/.npm correctMkdir not in flight; initializing
10893 silly cache afterAdd batch@0.6.1
10894 verbose afterAdd /Users/andyporter/.npm/batch/0.6.1/package/package.json not in flight; writing
10895 verbose correctMkdir /Users/andyporter/.npm correctMkdir not in flight; initializing
10896 silly cache afterAdd connect@3.6.6
10897 verbose afterAdd /Users/andyporter/.npm/connect/3.6.6/package/package.json not in flight; writing
10898 verbose correctMkdir /Users/andyporter/.npm correctMkdir not in flight; initializing
10899 verbose afterAdd /Users/andyporter/.npm/color-convert/2.0.1/package/package.json written
10900 verbose afterAdd /Users/andyporter/.npm/binary-extensions/2.2.0/package/package.json written
10901 verbose afterAdd /Users/andyporter/.npm/yoctocolors-cjs/2.1.3/package/package.json written
10902 verbose afterAdd /Users/andyporter/.npm/touch/3.1.0/package/package.json written
10903 verbose correctMkdir /Users/andyporter/.npm correctMkdir not in flight; initializing
10904 silly gunzTarPerm extractEntry templates/cli-template.js
10905 silly gunzTarPerm extractEntry dist/cli/command.init.js
10906 info retry fetch attempt 1 at 6:28:00 PM
10907 info attempt registry request try #1 at 6:28:00 PM
10908 http fetch GET https://registry.npmjs.org/encodeurl/-/encodeurl-2.0.0.tgz
10909 info retry fetch attempt 1 at 6:28:00 PM
10910 info attempt registry request try #1 at 6:28:00 PM
10911 http fetch GET https://registry.npmjs.org/ms/-/ms-2.1.3.tgz
10912 info retry fetch attempt 1 at 6:28:00 PM
10913 info attempt registry request try #1 at 6:28:00 PM
10914 http fetch GET https://registry.npmjs.org/on-finished/-/on-finished-2.4.1.tgz
10915 info retry fetch attempt 1 at 6:28:00 PM
10916 info attempt registry request try #1 at 6:28:00 PM
10917 http fetch GET https://registry.npmjs.org/send/-/send-0.19.0.tgz
10918 silly gunzTarPerm extractEntry abs.d.ts
10919 silly gunzTarPerm extractEntry floor.d.ts
10920 silly gunzTarPerm extractEntry build/esm-debug/contrib/parseqs.js
10921 silly fetchAndShaCheck shasum a5f13ff79ef3b740fe30aa803fb09f98805d4782
10922 verbose addTmpTarball /var/folders/_4/7hgy5s8d1493hmmc5xj976900000gq/T/npm-47481-492c5c41/registry.npmjs.org/rx/-/rx-4.1.0.tgz not in flight; adding
10923 verbose correctMkdir /Users/andyporter/.npm correctMkdir not in flight; initializing
10924 verbose addTmpTarball validating metadata from /var/folders/_4/7hgy5s8d1493hmmc5xj976900000gq/T/npm-47481-492c5c41/registry.npmjs.org/rx/-/rx-4.1.0.tgz
10925 verbose tar unpack /var/folders/_4/7hgy5s8d1493hmmc5xj976900000gq/T/npm-47481-492c5c41/registry.npmjs.org/rx/-/rx-4.1.0.tgz
10926 verbose tar unpacking to /var/folders/_4/7hgy5s8d1493hmmc5xj976900000gq/T/npm-47481-492c5c41/unpack-00a28c0a
10927 silly gentlyRm /var/folders/_4/7hgy5s8d1493hmmc5xj976900000gq/T/npm-47481-492c5c41/unpack-00a28c0a is being purged
10928 verbose gentlyRm don't care about contents; nuking /var/folders/_4/7hgy5s8d1493hmmc5xj976900000gq/T/npm-47481-492c5c41/unpack-00a28c0a
10929 silly cache afterAdd setprototypeof@1.2.0
10930 verbose afterAdd /Users/andyporter/.npm/setprototypeof/1.2.0/package/package.json not in flight; writing
10931 verbose correctMkdir /Users/andyporter/.npm correctMkdir not in flight; initializing
10932 silly gunzTarPerm extractEntry build/cjs/index.d.ts
10933 silly gunzTarPerm extractEntry build/esm-debug/index.d.ts
10934 silly fetchPackageMetaData universalify@https://registry.npmjs.org/universalify/-/universalify-2.0.0.tgz
10935 info retry fetch attempt 1 at 6:28:00 PM
10936 info attempt registry request try #1 at 6:28:00 PM
10937 http fetch GET https://registry.npmjs.org/has-flag/-/has-flag-4.0.0.tgz
10938 verbose correctMkdir /Users/andyporter/.npm correctMkdir not in flight; initializing
10939 silly gunzTarPerm extractEntry
10940 verbose correctMkdir /Users/andyporter/.npm correctMkdir not in flight; initializing
10941 verbose correctMkdir /Users/andyporter/.npm correctMkdir not in flight; initializing
10942 verbose correctMkdir /Users/andyporter/.npm correctMkdir not in flight; initializing
10943 silly gunzTarPerm extractEntry src/finally.js
10944 silly gunzTarPerm extractEntry domains/index.js
10945 verbose correctMkdir /Users/andyporter/.npm correctMkdir not in flight; initializing
10946 http fetch 200 https://registry.npmjs.org/http-errors/-/http-errors-2.0.1.tgz
10947 http fetch 200 https://registry.npmjs.org/statuses/-/statuses-2.0.2.tgz
10948 silly gunzTarPerm modes [ '755', '644' ]
10949 silly cache afterAdd concat-map@0.0.1
10950 verbose afterAdd /Users/andyporter/.npm/concat-map/0.0.1/package/package.json not in flight; writing
10951 verbose correctMkdir /Users/andyporter/.npm correctMkdir not in flight; initializing
10952 verbose afterAdd /Users/andyporter/.npm/rimraf/3.0.2/package/package.json written
10953 verbose afterAdd /Users/andyporter/.npm/string_decoder/1.1.1/package/package.json written
10954 silly fetchOtherPackageData universalify@https://registry.npmjs.org/universalify/-/universalify-2.0.0.tgz
10955 silly cache add args [ 'universalify@https://registry.npmjs.org/universalify/-/universalify-2.0.0.tgz',
10955 silly cache add   null ]
10956 verbose cache add spec universalify@https://registry.npmjs.org/universalify/-/universalify-2.0.0.tgz
10957 silly gunzTarPerm extractEntry dist/nil.js
10958 silly gunzTarPerm extractEntry dist/commonjs-browser/parse.js
10959 silly gunzTarPerm extractEntry lib/HttpVerb.js
10960 silly gunzTarPerm extractEntry lib/HttpVerb.js.flow
10961 silly cache afterAdd chalk@4.1.2
10962 verbose afterAdd /Users/andyporter/.npm/chalk/4.1.2/package/package.json not in flight; writing
10963 verbose correctMkdir /Users/andyporter/.npm correctMkdir not in flight; initializing
10964 silly fetchAndShaCheck shasum 1eaf9fa9bdb1fdd4ec75f58f9cdb4e6b7827eec6
10965 verbose addTmpTarball /var/folders/_4/7hgy5s8d1493hmmc5xj976900000gq/T/npm-47481-492c5c41/registry.npmjs.org/safe-buffer/-/safe-buffer-5.2.1.tgz not in flight; adding
10966 verbose correctMkdir /Users/andyporter/.npm correctMkdir not in flight; initializing
10967 verbose addTmpTarball validating metadata from /var/folders/_4/7hgy5s8d1493hmmc5xj976900000gq/T/npm-47481-492c5c41/registry.npmjs.org/safe-buffer/-/safe-buffer-5.2.1.tgz
10968 verbose tar unpack /var/folders/_4/7hgy5s8d1493hmmc5xj976900000gq/T/npm-47481-492c5c41/registry.npmjs.org/safe-buffer/-/safe-buffer-5.2.1.tgz
10969 verbose tar unpacking to /var/folders/_4/7hgy5s8d1493hmmc5xj976900000gq/T/npm-47481-492c5c41/unpack-a41d2f5e
10970 silly gentlyRm /var/folders/_4/7hgy5s8d1493hmmc5xj976900000gq/T/npm-47481-492c5c41/unpack-a41d2f5e is being purged
10971 verbose gentlyRm don't care about contents; nuking /var/folders/_4/7hgy5s8d1493hmmc5xj976900000gq/T/npm-47481-492c5c41/unpack-a41d2f5e
10972 verbose afterAdd /Users/andyporter/.npm/ipaddr.js/1.9.1/package/package.json written
10973 verbose afterAdd /Users/andyporter/.npm/follow-redirects/1.15.11/package/package.json written
10974 verbose afterAdd /Users/andyporter/.npm/send/0.19.1/package/package.json written
10975 verbose afterAdd /Users/andyporter/.npm/graceful-fs/4.2.10/package/package.json written
10976 verbose afterAdd /Users/andyporter/.npm/detect-libc/1.0.3/package/package.json written
10977 silly cache add parsed spec Result {
10977 silly cache add   raw: 'universalify@https://registry.npmjs.org/universalify/-/universalify-2.0.0.tgz',
10977 silly cache add   scope: null,
10977 silly cache add   name: 'universalify',
10977 silly cache add   rawSpec: 'https://registry.npmjs.org/universalify/-/universalify-2.0.0.tgz',
10977 silly cache add   spec: 'https://registry.npmjs.org/universalify/-/universalify-2.0.0.tgz',
10977 silly cache add   type: 'remote' }
10978 silly mapToRegistry name universalify@https://registry.npmjs.org/universalify/-/universalify-2.0.0.tgz
10979 silly mapToRegistry using default registry
10980 silly mapToRegistry registry https://registry.npmjs.org/
10981 silly mapToRegistry data Result {
10981 silly mapToRegistry   raw: 'universalify@https://registry.npmjs.org/universalify/-/universalify-2.0.0.tgz',
10981 silly mapToRegistry   scope: null,
10981 silly mapToRegistry   name: 'universalify',
10981 silly mapToRegistry   rawSpec: 'https://registry.npmjs.org/universalify/-/universalify-2.0.0.tgz',
10981 silly mapToRegistry   spec: 'https://registry.npmjs.org/universalify/-/universalify-2.0.0.tgz',
10981 silly mapToRegistry   type: 'remote' }
10982 silly mapToRegistry uri https://registry.npmjs.org/universalify/-/universalify-2.0.0.tgz
10983 verbose addRemoteTarball https://registry.npmjs.org/universalify/-/universalify-2.0.0.tgz not in flight; adding
10984 verbose addRemoteTarball [ 'https://registry.npmjs.org/universalify/-/universalify-2.0.0.tgz',
10984 verbose addRemoteTarball   null ]
10985 silly gunzTarPerm extractEntry build/esm/index.js
10986 silly gunzTarPerm extractEntry out/providers/index.d.ts
10987 silly gunzTarPerm modified mode [ 'out/providers/index.d.ts', 436, 420 ]
10988 silly gunzTarPerm extractEntry out/types/index.d.ts
10989 silly gunzTarPerm modified mode [ 'out/types/index.d.ts', 436, 420 ]
10990 silly gunzTarPerm extractEntry lib/cli/parse.js
10991 silly gunzTarPerm extractEntry lib/rules/parse.js
10992 silly gunzTarPerm extractEntry lib/monitor/run.js
10993 silly gunzTarPerm extractEntry lib/monitor/signals.js
10994 silly gunzTarPerm extractEntry lib/spawn.js
10995 silly gunzTarPerm extractEntry lib/version.js
10996 silly gunzTarPerm extractEntry lib/monitor/watch.js
10997 silly gunzTarPerm extractEntry .prettierrc.json
10998 silly gunzTarPerm extractEntry package.json
10999 silly gunzTarPerm extractEntry README.md
11000 silly gunzTarPerm extractEntry doc/cli/authors.txt
11001 silly gunzTarPerm extractEntry doc/cli/config.txt
11002 silly gunzTarPerm extractEntry doc/cli/help.txt
11003 silly gunzTarPerm extractEntry doc/cli/logo.txt
11004 silly gunzTarPerm extractEntry doc/cli/options.txt
11005 silly gunzTarPerm extractEntry doc/cli/topics.txt
11006 silly gunzTarPerm extractEntry doc/cli/usage.txt
11007 silly gunzTarPerm extractEntry doc/cli/whoami.txt
11008 silly cache afterAdd which@2.0.2
11009 verbose afterAdd /Users/andyporter/.npm/which/2.0.2/package/package.json not in flight; writing
11010 verbose correctMkdir /Users/andyporter/.npm correctMkdir not in flight; initializing
11011 http fetch 200 https://registry.npmjs.org/encodeurl/-/encodeurl-2.0.0.tgz
11012 http fetch 200 https://registry.npmjs.org/send/-/send-0.19.0.tgz
11013 http fetch 200 https://registry.npmjs.org/on-finished/-/on-finished-2.4.1.tgz
11014 http fetch 200 https://registry.npmjs.org/ms/-/ms-2.1.3.tgz
11015 silly cache afterAdd requires-port@1.0.0
11016 verbose afterAdd /Users/andyporter/.npm/requires-port/1.0.0/package/package.json not in flight; writing
11017 verbose correctMkdir /Users/andyporter/.npm correctMkdir not in flight; initializing
11018 silly gunzTarPerm modes [ '755', '644' ]
11019 verbose afterAdd /Users/andyporter/.npm/util-deprecate/1.0.2/package/package.json written
11020 verbose afterAdd /Users/andyporter/.npm/statuses/1.5.0/package/package.json written
11021 verbose afterAdd /Users/andyporter/.npm/commander/2.20.3/package/package.json written
11022 silly gunzTarPerm extractEntry build/transports-uws/index.d.ts
11023 silly gunzTarPerm extractEntry build/transports/index.d.ts
11024 silly gunzTarPerm extractEntry _arrayReduceRight.js
11025 silly gunzTarPerm extractEntry _arraySample.js
11026 http fetch 200 https://registry.npmjs.org/has-flag/-/has-flag-4.0.0.tgz
11027 silly gunzTarPerm extractEntry test/filter.js
11028 silly gunzTarPerm extractEntry test/index.js
11029 silly cache afterAdd require-directory@2.1.1
11030 verbose afterAdd /Users/andyporter/.npm/require-directory/2.1.1/package/package.json not in flight; writing
11031 verbose correctMkdir /Users/andyporter/.npm correctMkdir not in flight; initializing
11032 silly cache afterAdd fast-fifo@1.2.0
11033 verbose afterAdd /Users/andyporter/.npm/fast-fifo/1.2.0/package/package.json not in flight; writing
11034 verbose correctMkdir /Users/andyporter/.npm correctMkdir not in flight; initializing
11035 verbose afterAdd /Users/andyporter/.npm/globby/11.1.0/package/package.json written
11036 verbose afterAdd /Users/andyporter/.npm/batch/0.6.1/package/package.json written
11037 verbose afterAdd /Users/andyporter/.npm/connect/3.6.6/package/package.json written
11038 verbose correctMkdir /Users/andyporter/.npm correctMkdir not in flight; initializing
11039 info retry fetch attempt 1 at 6:28:00 PM
11040 info attempt registry request try #1 at 6:28:00 PM
11041 http fetch GET https://registry.npmjs.org/universalify/-/universalify-2.0.0.tgz
11042 silly gunzTarPerm extractEntry dist/esm/lib/screen-manager.js
11043 silly gunzTarPerm extractEntry dist/commonjs/lib/Separator.js
11044 silly gunzTarPerm extractEntry recipes/grunt.sass.autoprefixer/desc.md
11045 silly gunzTarPerm extractEntry recipes/grunt.sass.autoprefixer/readme.md
11046 silly cache afterAdd isarray@1.0.0
11047 verbose afterAdd /Users/andyporter/.npm/isarray/1.0.0/package/package.json not in flight; writing
11048 verbose correctMkdir /Users/andyporter/.npm correctMkdir not in flight; initializing
11049 silly cache afterAdd asap@2.0.6
11050 verbose afterAdd /Users/andyporter/.npm/asap/2.0.6/package/package.json not in flight; writing
11051 verbose correctMkdir /Users/andyporter/.npm correctMkdir not in flight; initializing
11052 silly cache afterAdd safer-buffer@2.1.2
11053 verbose afterAdd /Users/andyporter/.npm/safer-buffer/2.1.2/package/package.json not in flight; writing
11054 verbose correctMkdir /Users/andyporter/.npm correctMkdir not in flight; initializing
11055 verbose afterAdd /Users/andyporter/.npm/setprototypeof/1.2.0/package/package.json written
11056 silly cache afterAdd csrf-csrf@2.3.0
11057 verbose afterAdd /Users/andyporter/.npm/csrf-csrf/2.3.0/package/package.json not in flight; writing
11058 verbose correctMkdir /Users/andyporter/.npm correctMkdir not in flight; initializing
11059 silly fetchAndShaCheck shasum faf51b9eb74aaef3b3acf4ad5f61abf24cb7b93e
11060 verbose addTmpTarball /var/folders/_4/7hgy5s8d1493hmmc5xj976900000gq/T/npm-47481-492c5c41/registry.npmjs.org/statuses/-/statuses-1.3.1.tgz not in flight; adding
11061 verbose correctMkdir /Users/andyporter/.npm correctMkdir not in flight; initializing
11062 verbose addTmpTarball validating metadata from /var/folders/_4/7hgy5s8d1493hmmc5xj976900000gq/T/npm-47481-492c5c41/registry.npmjs.org/statuses/-/statuses-1.3.1.tgz
11063 verbose tar unpack /var/folders/_4/7hgy5s8d1493hmmc5xj976900000gq/T/npm-47481-492c5c41/registry.npmjs.org/statuses/-/statuses-1.3.1.tgz
11064 verbose tar unpacking to /var/folders/_4/7hgy5s8d1493hmmc5xj976900000gq/T/npm-47481-492c5c41/unpack-e8877b81
11065 silly gentlyRm /var/folders/_4/7hgy5s8d1493hmmc5xj976900000gq/T/npm-47481-492c5c41/unpack-e8877b81 is being purged
11066 verbose gentlyRm don't care about contents; nuking /var/folders/_4/7hgy5s8d1493hmmc5xj976900000gq/T/npm-47481-492c5c41/unpack-e8877b81
11067 verbose afterAdd /Users/andyporter/.npm/concat-map/0.0.1/package/package.json written
11068 silly gunzTarPerm extractEntry src/node-loaders.js
11069 silly gunzTarPerm extractEntry src/nodes.js
11070 silly fetchPackageMetaData glob@https://registry.npmjs.org/glob/-/glob-7.2.3.tgz
11071 silly gunzTarPerm extractEntry build/lib/yargs-factory.js
11072 silly gunzTarPerm extractEntry build/lib/typings/yargs-parser-types.js
11073 silly gunzTarPerm extractEntry client-dist/socket.io.esm.min.js.map
11074 verbose correctMkdir /Users/andyporter/.npm correctMkdir not in flight; initializing
11075 silly gunzTarPerm extractEntry lib/plugins/remote-debug/overlay-grid/css/grid-overlay-vertical.css
11076 silly gunzTarPerm extractEntry lib/plugins/remote-debug/css/pesticide-depth.css
11077 silly gunzTarPerm extractEntry test/number.js
11078 silly gunzTarPerm extractEntry test/quoteStyle.js
11079 silly gunzTarPerm modes [ '755', '644' ]
11080 silly fetchAndShaCheck shasum 55cb000ccf1d48728bd23c685a063998cf1a1b63
11081 verbose addTmpTarball /var/folders/_4/7hgy5s8d1493hmmc5xj976900000gq/T/npm-47481-492c5c41/registry.npmjs.org/statuses/-/statuses-2.0.1.tgz not in flight; adding
11082 verbose correctMkdir /Users/andyporter/.npm correctMkdir not in flight; initializing
11083 verbose addTmpTarball validating metadata from /var/folders/_4/7hgy5s8d1493hmmc5xj976900000gq/T/npm-47481-492c5c41/registry.npmjs.org/statuses/-/statuses-2.0.1.tgz
11084 verbose tar unpack /var/folders/_4/7hgy5s8d1493hmmc5xj976900000gq/T/npm-47481-492c5c41/registry.npmjs.org/statuses/-/statuses-2.0.1.tgz
11085 verbose tar unpacking to /var/folders/_4/7hgy5s8d1493hmmc5xj976900000gq/T/npm-47481-492c5c41/unpack-68102b1e
11086 silly gentlyRm /var/folders/_4/7hgy5s8d1493hmmc5xj976900000gq/T/npm-47481-492c5c41/unpack-68102b1e is being purged
11087 verbose gentlyRm don't care about contents; nuking /var/folders/_4/7hgy5s8d1493hmmc5xj976900000gq/T/npm-47481-492c5c41/unpack-68102b1e
11088 silly fetchAndShaCheck shasum b696163cc757560d09cf22cc8fad1571b79e76df
11089 verbose addTmpTarball /var/folders/_4/7hgy5s8d1493hmmc5xj976900000gq/T/npm-47481-492c5c41/registry.npmjs.org/depd/-/depd-2.0.0.tgz not in flight; adding
11090 verbose correctMkdir /Users/andyporter/.npm correctMkdir not in flight; initializing
11091 verbose addTmpTarball validating metadata from /var/folders/_4/7hgy5s8d1493hmmc5xj976900000gq/T/npm-47481-492c5c41/registry.npmjs.org/depd/-/depd-2.0.0.tgz
11092 verbose tar unpack /var/folders/_4/7hgy5s8d1493hmmc5xj976900000gq/T/npm-47481-492c5c41/registry.npmjs.org/depd/-/depd-2.0.0.tgz
11093 verbose tar unpacking to /var/folders/_4/7hgy5s8d1493hmmc5xj976900000gq/T/npm-47481-492c5c41/unpack-29d454b9
11094 silly gentlyRm /var/folders/_4/7hgy5s8d1493hmmc5xj976900000gq/T/npm-47481-492c5c41/unpack-29d454b9 is being purged
11095 verbose gentlyRm don't care about contents; nuking /var/folders/_4/7hgy5s8d1493hmmc5xj976900000gq/T/npm-47481-492c5c41/unpack-29d454b9
11096 silly gunzTarPerm extractEntry package.json
11097 verbose afterAdd /Users/andyporter/.npm/chalk/4.1.2/package/package.json written
11098 silly fetchOtherPackageData glob@https://registry.npmjs.org/glob/-/glob-7.2.3.tgz
11099 silly cache add args [ 'glob@https://registry.npmjs.org/glob/-/glob-7.2.3.tgz',
11099 silly cache add   null ]
11100 verbose cache add spec glob@https://registry.npmjs.org/glob/-/glob-7.2.3.tgz
11101 silly gunzTarPerm extractEntry isFinite.d.ts
11102 silly gunzTarPerm extractEntry isInteger.d.ts
11103 silly gunzTarPerm extractEntry sass.dart.js
11104 verbose afterAdd /Users/andyporter/.npm/which/2.0.2/package/package.json written
11105 silly fetchAndShaCheck shasum d260a24b0198436e133fa26a524a6d65fa3b2e37
11106 verbose addTmpTarball /var/folders/_4/7hgy5s8d1493hmmc5xj976900000gq/T/npm-47481-492c5c41/registry.npmjs.org/type-fest/-/type-fest-0.21.3.tgz not in flight; adding
11107 verbose correctMkdir /Users/andyporter/.npm correctMkdir not in flight; initializing
11108 verbose addTmpTarball validating metadata from /var/folders/_4/7hgy5s8d1493hmmc5xj976900000gq/T/npm-47481-492c5c41/registry.npmjs.org/type-fest/-/type-fest-0.21.3.tgz
11109 verbose tar unpack /var/folders/_4/7hgy5s8d1493hmmc5xj976900000gq/T/npm-47481-492c5c41/registry.npmjs.org/type-fest/-/type-fest-0.21.3.tgz
11110 verbose tar unpacking to /var/folders/_4/7hgy5s8d1493hmmc5xj976900000gq/T/npm-47481-492c5c41/unpack-1416b22b
11111 silly gentlyRm /var/folders/_4/7hgy5s8d1493hmmc5xj976900000gq/T/npm-47481-492c5c41/unpack-1416b22b is being purged
11112 verbose gentlyRm don't care about contents; nuking /var/folders/_4/7hgy5s8d1493hmmc5xj976900000gq/T/npm-47481-492c5c41/unpack-1416b22b
11113 silly gunzTarPerm modes [ '755', '644' ]
11114 silly gunzTarPerm modes [ '755', '644' ]
11115 http fetch 200 https://registry.npmjs.org/universalify/-/universalify-2.0.0.tgz
11116 silly cache afterAdd nopt@1.0.10
11117 verbose afterAdd /Users/andyporter/.npm/nopt/1.0.10/package/package.json not in flight; writing
11118 verbose correctMkdir /Users/andyporter/.npm correctMkdir not in flight; initializing
11119 verbose afterAdd /Users/andyporter/.npm/requires-port/1.0.0/package/package.json written
11120 silly cache add parsed spec Result {
11120 silly cache add   raw: 'glob@https://registry.npmjs.org/glob/-/glob-7.2.3.tgz',
11120 silly cache add   scope: null,
11120 silly cache add   name: 'glob',
11120 silly cache add   rawSpec: 'https://registry.npmjs.org/glob/-/glob-7.2.3.tgz',
11120 silly cache add   spec: 'https://registry.npmjs.org/glob/-/glob-7.2.3.tgz',
11120 silly cache add   type: 'remote' }
11121 silly mapToRegistry name glob@https://registry.npmjs.org/glob/-/glob-7.2.3.tgz
11122 silly mapToRegistry using default registry
11123 silly mapToRegistry registry https://registry.npmjs.org/
11124 silly mapToRegistry data Result {
11124 silly mapToRegistry   raw: 'glob@https://registry.npmjs.org/glob/-/glob-7.2.3.tgz',
11124 silly mapToRegistry   scope: null,
11124 silly mapToRegistry   name: 'glob',
11124 silly mapToRegistry   rawSpec: 'https://registry.npmjs.org/glob/-/glob-7.2.3.tgz',
11124 silly mapToRegistry   spec: 'https://registry.npmjs.org/glob/-/glob-7.2.3.tgz',
11124 silly mapToRegistry   type: 'remote' }
11125 silly mapToRegistry uri https://registry.npmjs.org/glob/-/glob-7.2.3.tgz
11126 verbose addRemoteTarball https://registry.npmjs.org/glob/-/glob-7.2.3.tgz not in flight; adding
11127 verbose addRemoteTarball [ 'https://registry.npmjs.org/glob/-/glob-7.2.3.tgz', null ]
11128 silly gunzTarPerm extractEntry dist/cli/command.recipe.js
11129 silly gunzTarPerm extractEntry dist/cli/command.reload.js
11130 verbose correctMkdir /Users/andyporter/.npm correctMkdir not in flight; initializing
11131 verbose correctMkdir /Users/andyporter/.npm correctMkdir not in flight; initializing
11132 verbose correctMkdir /Users/andyporter/.npm correctMkdir not in flight; initializing
11133 silly gunzTarPerm extractEntry build/esm/contrib/parseqs.js
11134 silly gunzTarPerm extractEntry build/cjs/contrib/parseuri.js
11135 silly gunzTarPerm extractEntry index.js
11136 silly gunzTarPerm extractEntry lib/index.js
11137 silly cache afterAdd @socket.io/component-emitter@3.1.0
11138 verbose afterAdd /Users/andyporter/.npm/@socket.io/component-emitter/3.1.0/package/package.json not in flight; writing
11139 verbose correctMkdir /Users/andyporter/.npm correctMkdir not in flight; initializing
11140 silly cache afterAdd portscanner@2.2.0
11141 verbose afterAdd /Users/andyporter/.npm/portscanner/2.2.0/package/package.json not in flight; writing
11142 verbose correctMkdir /Users/andyporter/.npm correctMkdir not in flight; initializing
11143 silly gunzTarPerm modes [ '755', '644' ]
11144 silly cache afterAdd browser-sync-client@3.0.4
11145 verbose afterAdd /Users/andyporter/.npm/browser-sync-client/3.0.4/package/package.json not in flight; writing
11146 verbose correctMkdir /Users/andyporter/.npm correctMkdir not in flight; initializing
11147 verbose correctMkdir /Users/andyporter/.npm correctMkdir not in flight; initializing
11148 silly fetchAndShaCheck shasum 8f75eecef765b5e1cfcdc080da59409ed424e382
11149 verbose addTmpTarball /var/folders/_4/7hgy5s8d1493hmmc5xj976900000gq/T/npm-47481-492c5c41/registry.npmjs.org/statuses/-/statuses-2.0.2.tgz not in flight; adding
11150 verbose correctMkdir /Users/andyporter/.npm correctMkdir not in flight; initializing
11151 verbose addTmpTarball validating metadata from /var/folders/_4/7hgy5s8d1493hmmc5xj976900000gq/T/npm-47481-492c5c41/registry.npmjs.org/statuses/-/statuses-2.0.2.tgz
11152 verbose tar unpack /var/folders/_4/7hgy5s8d1493hmmc5xj976900000gq/T/npm-47481-492c5c41/registry.npmjs.org/statuses/-/statuses-2.0.2.tgz
11153 verbose tar unpacking to /var/folders/_4/7hgy5s8d1493hmmc5xj976900000gq/T/npm-47481-492c5c41/unpack-13c8f140
11154 silly gentlyRm /var/folders/_4/7hgy5s8d1493hmmc5xj976900000gq/T/npm-47481-492c5c41/unpack-13c8f140 is being purged
11155 verbose gentlyRm don't care about contents; nuking /var/folders/_4/7hgy5s8d1493hmmc5xj976900000gq/T/npm-47481-492c5c41/unpack-13c8f140
11156 silly fetchAndShaCheck shasum 36d2f65bc909c8790018dd36fb4d93da6caae06b
11157 verbose addTmpTarball /var/folders/_4/7hgy5s8d1493hmmc5xj976900000gq/T/npm-47481-492c5c41/registry.npmjs.org/http-errors/-/http-errors-2.0.1.tgz not in flight; adding
11158 verbose correctMkdir /Users/andyporter/.npm correctMkdir not in flight; initializing
11159 verbose addTmpTarball validating metadata from /var/folders/_4/7hgy5s8d1493hmmc5xj976900000gq/T/npm-47481-492c5c41/registry.npmjs.org/http-errors/-/http-errors-2.0.1.tgz
11160 verbose tar unpack /var/folders/_4/7hgy5s8d1493hmmc5xj976900000gq/T/npm-47481-492c5c41/registry.npmjs.org/http-errors/-/http-errors-2.0.1.tgz
11161 verbose tar unpacking to /var/folders/_4/7hgy5s8d1493hmmc5xj976900000gq/T/npm-47481-492c5c41/unpack-d4781a10
11162 silly gentlyRm /var/folders/_4/7hgy5s8d1493hmmc5xj976900000gq/T/npm-47481-492c5c41/unpack-d4781a10 is being purged
11163 verbose gentlyRm don't care about contents; nuking /var/folders/_4/7hgy5s8d1493hmmc5xj976900000gq/T/npm-47481-492c5c41/unpack-d4781a10
11164 verbose afterAdd /Users/andyporter/.npm/fast-fifo/1.2.0/package/package.json written
11165 verbose afterAdd /Users/andyporter/.npm/require-directory/2.1.1/package/package.json written
11166 silly gunzTarPerm extractEntry LICENSE
11167 silly fetchPackageMetaData depd@https://registry.npmjs.org/depd/-/depd-2.0.0.tgz
11168 silly fetchPackageMetaData encodeurl@https://registry.npmjs.org/encodeurl/-/encodeurl-2.0.0.tgz
11169 silly fetchPackageMetaData ms@https://registry.npmjs.org/ms/-/ms-2.1.3.tgz
11170 silly fetchPackageMetaData on-finished@https://registry.npmjs.org/on-finished/-/on-finished-2.4.1.tgz
11171 silly fetchPackageMetaData statuses@https://registry.npmjs.org/statuses/-/statuses-2.0.1.tgz
11172 silly gunzTarPerm extractEntry build/esm/index.d.ts
11173 silly gunzTarPerm extractEntry build/cjs/is-binary.d.ts
11174 silly gunzTarPerm extractEntry
11175 silly gunzTarPerm extractEntry
11176 silly gunzTarPerm extractEntry lib/ICache.d.ts
11177 silly gunzTarPerm extractEntry lib/ICache.js
11178 silly cache afterAdd fsevents@2.3.2
11179 verbose afterAdd /Users/andyporter/.npm/fsevents/2.3.2/package/package.json not in flight; writing
11180 verbose correctMkdir /Users/andyporter/.npm correctMkdir not in flight; initializing
11181 silly gunzTarPerm modes [ '755', '644' ]
11182 silly gunzTarPerm modes [ '755', '644' ]
11183 silly fetchAndShaCheck shasum 574c8138ce1d2b5861f0b44579dbadd60c6615b2
11184 verbose addTmpTarball /var/folders/_4/7hgy5s8d1493hmmc5xj976900000gq/T/npm-47481-492c5c41/registry.npmjs.org/ms/-/ms-2.1.3.tgz not in flight; adding
11185 verbose correctMkdir /Users/andyporter/.npm correctMkdir not in flight; initializing
11186 verbose addTmpTarball validating metadata from /var/folders/_4/7hgy5s8d1493hmmc5xj976900000gq/T/npm-47481-492c5c41/registry.npmjs.org/ms/-/ms-2.1.3.tgz
11187 verbose tar unpack /var/folders/_4/7hgy5s8d1493hmmc5xj976900000gq/T/npm-47481-492c5c41/registry.npmjs.org/ms/-/ms-2.1.3.tgz
11188 verbose tar unpacking to /var/folders/_4/7hgy5s8d1493hmmc5xj976900000gq/T/npm-47481-492c5c41/unpack-903651eb
11189 silly gentlyRm /var/folders/_4/7hgy5s8d1493hmmc5xj976900000gq/T/npm-47481-492c5c41/unpack-903651eb is being purged
11190 verbose gentlyRm don't care about contents; nuking /var/folders/_4/7hgy5s8d1493hmmc5xj976900000gq/T/npm-47481-492c5c41/unpack-903651eb
11191 verbose afterAdd /Users/andyporter/.npm/isarray/1.0.0/package/package.json written
11192 verbose afterAdd /Users/andyporter/.npm/asap/2.0.6/package/package.json written
11193 verbose afterAdd /Users/andyporter/.npm/safer-buffer/2.1.2/package/package.json written
11194 verbose correctMkdir /Users/andyporter/.npm correctMkdir not in flight; initializing
11195 silly fetchOtherPackageData depd@https://registry.npmjs.org/depd/-/depd-2.0.0.tgz
11196 silly cache add args [ 'depd@https://registry.npmjs.org/depd/-/depd-2.0.0.tgz',
11196 silly cache add   null ]
11197 verbose cache add spec depd@https://registry.npmjs.org/depd/-/depd-2.0.0.tgz
11198 silly fetchOtherPackageData encodeurl@https://registry.npmjs.org/encodeurl/-/encodeurl-2.0.0.tgz
11199 silly cache add args [ 'encodeurl@https://registry.npmjs.org/encodeurl/-/encodeurl-2.0.0.tgz',
11199 silly cache add   null ]
11200 verbose cache add spec encodeurl@https://registry.npmjs.org/encodeurl/-/encodeurl-2.0.0.tgz
11201 silly fetchOtherPackageData ms@https://registry.npmjs.org/ms/-/ms-2.1.3.tgz
11202 silly cache add args [ 'ms@https://registry.npmjs.org/ms/-/ms-2.1.3.tgz', null ]
11203 verbose cache add spec ms@https://registry.npmjs.org/ms/-/ms-2.1.3.tgz
11204 silly fetchOtherPackageData on-finished@https://registry.npmjs.org/on-finished/-/on-finished-2.4.1.tgz
11205 silly cache add args [ 'on-finished@https://registry.npmjs.org/on-finished/-/on-finished-2.4.1.tgz',
11205 silly cache add   null ]
11206 verbose cache add spec on-finished@https://registry.npmjs.org/on-finished/-/on-finished-2.4.1.tgz
11207 silly fetchOtherPackageData statuses@https://registry.npmjs.org/statuses/-/statuses-2.0.1.tgz
11208 silly cache add args [ 'statuses@https://registry.npmjs.org/statuses/-/statuses-2.0.1.tgz',
11208 silly cache add   null ]
11209 verbose cache add spec statuses@https://registry.npmjs.org/statuses/-/statuses-2.0.1.tgz
11210 silly gunzTarPerm extractEntry dist/esm-browser/parse.js
11211 silly gunzTarPerm extractEntry dist/esm-node/parse.js
11212 silly gunzTarPerm extractEntry build/cjs/manager.js
11213 silly gunzTarPerm extractEntry build/esm-debug/manager.js
11214 silly gunzTarPerm extractEntry dist/govuk/components/cookie-banner/template-accepted-confirmation-banner.html
11215 verbose afterAdd /Users/andyporter/.npm/csrf-csrf/2.3.0/package/package.json written
11216 silly fetchAndShaCheck shasum 7b8ea898077d7e409d3ac45474ea38eaf0857a58
11217 verbose addTmpTarball /var/folders/_4/7hgy5s8d1493hmmc5xj976900000gq/T/npm-47481-492c5c41/registry.npmjs.org/encodeurl/-/encodeurl-2.0.0.tgz not in flight; adding
11218 verbose correctMkdir /Users/andyporter/.npm correctMkdir not in flight; initializing
11219 verbose addTmpTarball validating metadata from /var/folders/_4/7hgy5s8d1493hmmc5xj976900000gq/T/npm-47481-492c5c41/registry.npmjs.org/encodeurl/-/encodeurl-2.0.0.tgz
11220 verbose tar unpack /var/folders/_4/7hgy5s8d1493hmmc5xj976900000gq/T/npm-47481-492c5c41/registry.npmjs.org/encodeurl/-/encodeurl-2.0.0.tgz
11221 verbose tar unpacking to /var/folders/_4/7hgy5s8d1493hmmc5xj976900000gq/T/npm-47481-492c5c41/unpack-3cf8fe2b
11222 silly gentlyRm /var/folders/_4/7hgy5s8d1493hmmc5xj976900000gq/T/npm-47481-492c5c41/unpack-3cf8fe2b is being purged
11223 verbose gentlyRm don't care about contents; nuking /var/folders/_4/7hgy5s8d1493hmmc5xj976900000gq/T/npm-47481-492c5c41/unpack-3cf8fe2b
11224 silly fetchAndShaCheck shasum bbc5a388c8ea6c048967049dbeac0e4a3f09d7f8
11225 verbose addTmpTarball /var/folders/_4/7hgy5s8d1493hmmc5xj976900000gq/T/npm-47481-492c5c41/registry.npmjs.org/send/-/send-0.19.0.tgz not in flight; adding
11226 verbose correctMkdir /Users/andyporter/.npm correctMkdir not in flight; initializing
11227 verbose addTmpTarball validating metadata from /var/folders/_4/7hgy5s8d1493hmmc5xj976900000gq/T/npm-47481-492c5c41/registry.npmjs.org/send/-/send-0.19.0.tgz
11228 verbose tar unpack /var/folders/_4/7hgy5s8d1493hmmc5xj976900000gq/T/npm-47481-492c5c41/registry.npmjs.org/send/-/send-0.19.0.tgz
11229 verbose tar unpacking to /var/folders/_4/7hgy5s8d1493hmmc5xj976900000gq/T/npm-47481-492c5c41/unpack-531e7148
11230 silly gentlyRm /var/folders/_4/7hgy5s8d1493hmmc5xj976900000gq/T/npm-47481-492c5c41/unpack-531e7148 is being purged
11231 verbose gentlyRm don't care about contents; nuking /var/folders/_4/7hgy5s8d1493hmmc5xj976900000gq/T/npm-47481-492c5c41/unpack-531e7148
11232 silly fetchAndShaCheck shasum 944771fd9c81c81265c4d6941860da06bb59479b
11233 verbose addTmpTarball /var/folders/_4/7hgy5s8d1493hmmc5xj976900000gq/T/npm-47481-492c5c41/registry.npmjs.org/has-flag/-/has-flag-4.0.0.tgz not in flight; adding
11234 verbose correctMkdir /Users/andyporter/.npm correctMkdir not in flight; initializing
11235 verbose addTmpTarball validating metadata from /var/folders/_4/7hgy5s8d1493hmmc5xj976900000gq/T/npm-47481-492c5c41/registry.npmjs.org/has-flag/-/has-flag-4.0.0.tgz
11236 verbose tar unpack /var/folders/_4/7hgy5s8d1493hmmc5xj976900000gq/T/npm-47481-492c5c41/registry.npmjs.org/has-flag/-/has-flag-4.0.0.tgz
11237 verbose tar unpacking to /var/folders/_4/7hgy5s8d1493hmmc5xj976900000gq/T/npm-47481-492c5c41/unpack-d708e439
11238 silly gentlyRm /var/folders/_4/7hgy5s8d1493hmmc5xj976900000gq/T/npm-47481-492c5c41/unpack-d708e439 is being purged
11239 verbose gentlyRm don't care about contents; nuking /var/folders/_4/7hgy5s8d1493hmmc5xj976900000gq/T/npm-47481-492c5c41/unpack-d708e439
11240 silly fetchAndShaCheck shasum 58c8c44116e54845ad57f14ab10b03533184ac3f
11241 verbose addTmpTarball /var/folders/_4/7hgy5s8d1493hmmc5xj976900000gq/T/npm-47481-492c5c41/registry.npmjs.org/on-finished/-/on-finished-2.4.1.tgz not in flight; adding
11242 verbose correctMkdir /Users/andyporter/.npm correctMkdir not in flight; initializing
11243 verbose addTmpTarball validating metadata from /var/folders/_4/7hgy5s8d1493hmmc5xj976900000gq/T/npm-47481-492c5c41/registry.npmjs.org/on-finished/-/on-finished-2.4.1.tgz
11244 verbose tar unpack /var/folders/_4/7hgy5s8d1493hmmc5xj976900000gq/T/npm-47481-492c5c41/registry.npmjs.org/on-finished/-/on-finished-2.4.1.tgz
11245 verbose tar unpacking to /var/folders/_4/7hgy5s8d1493hmmc5xj976900000gq/T/npm-47481-492c5c41/unpack-c60b3806
11246 silly gentlyRm /var/folders/_4/7hgy5s8d1493hmmc5xj976900000gq/T/npm-47481-492c5c41/unpack-c60b3806 is being purged
11247 verbose gentlyRm don't care about contents; nuking /var/folders/_4/7hgy5s8d1493hmmc5xj976900000gq/T/npm-47481-492c5c41/unpack-c60b3806
11248 silly gunzTarPerm extractEntry test/mapKey.js
11249 silly gunzTarPerm extractEntry test/mapValue.js
11250 silly gunzTarPerm extractEntry index.js
11251 silly gunzTarPerm extractEntry component.json
11252 silly gunzTarPerm modes [ '755', '644' ]
11253 silly cache add parsed spec Result {
11253 silly cache add   raw: 'depd@https://registry.npmjs.org/depd/-/depd-2.0.0.tgz',
11253 silly cache add   scope: null,
11253 silly cache add   name: 'depd',
11253 silly cache add   rawSpec: 'https://registry.npmjs.org/depd/-/depd-2.0.0.tgz',
11253 silly cache add   spec: 'https://registry.npmjs.org/depd/-/depd-2.0.0.tgz',
11253 silly cache add   type: 'remote' }
11254 silly mapToRegistry name depd@https://registry.npmjs.org/depd/-/depd-2.0.0.tgz
11255 silly mapToRegistry using default registry
11256 silly mapToRegistry registry https://registry.npmjs.org/
11257 silly mapToRegistry data Result {
11257 silly mapToRegistry   raw: 'depd@https://registry.npmjs.org/depd/-/depd-2.0.0.tgz',
11257 silly mapToRegistry   scope: null,
11257 silly mapToRegistry   name: 'depd',
11257 silly mapToRegistry   rawSpec: 'https://registry.npmjs.org/depd/-/depd-2.0.0.tgz',
11257 silly mapToRegistry   spec: 'https://registry.npmjs.org/depd/-/depd-2.0.0.tgz',
11257 silly mapToRegistry   type: 'remote' }
11258 silly mapToRegistry uri https://registry.npmjs.org/depd/-/depd-2.0.0.tgz
11259 verbose addRemoteTarball https://registry.npmjs.org/depd/-/depd-2.0.0.tgz already in flight; waiting
11260 silly cache add parsed spec Result {
11260 silly cache add   raw: 'encodeurl@https://registry.npmjs.org/encodeurl/-/encodeurl-2.0.0.tgz',
11260 silly cache add   scope: null,
11260 silly cache add   name: 'encodeurl',
11260 silly cache add   rawSpec: 'https://registry.npmjs.org/encodeurl/-/encodeurl-2.0.0.tgz',
11260 silly cache add   spec: 'https://registry.npmjs.org/encodeurl/-/encodeurl-2.0.0.tgz',
11260 silly cache add   type: 'remote' }
11261 silly mapToRegistry name encodeurl@https://registry.npmjs.org/encodeurl/-/encodeurl-2.0.0.tgz
11262 silly mapToRegistry using default registry
11263 silly mapToRegistry registry https://registry.npmjs.org/
11264 silly mapToRegistry data Result {
11264 silly mapToRegistry   raw: 'encodeurl@https://registry.npmjs.org/encodeurl/-/encodeurl-2.0.0.tgz',
11264 silly mapToRegistry   scope: null,
11264 silly mapToRegistry   name: 'encodeurl',
11264 silly mapToRegistry   rawSpec: 'https://registry.npmjs.org/encodeurl/-/encodeurl-2.0.0.tgz',
11264 silly mapToRegistry   spec: 'https://registry.npmjs.org/encodeurl/-/encodeurl-2.0.0.tgz',
11264 silly mapToRegistry   type: 'remote' }
11265 silly mapToRegistry uri https://registry.npmjs.org/encodeurl/-/encodeurl-2.0.0.tgz
11266 verbose addRemoteTarball https://registry.npmjs.org/encodeurl/-/encodeurl-2.0.0.tgz already in flight; waiting
11267 silly cache add parsed spec Result {
11267 silly cache add   raw: 'ms@https://registry.npmjs.org/ms/-/ms-2.1.3.tgz',
11267 silly cache add   scope: null,
11267 silly cache add   name: 'ms',
11267 silly cache add   rawSpec: 'https://registry.npmjs.org/ms/-/ms-2.1.3.tgz',
11267 silly cache add   spec: 'https://registry.npmjs.org/ms/-/ms-2.1.3.tgz',
11267 silly cache add   type: 'remote' }
11268 silly mapToRegistry name ms@https://registry.npmjs.org/ms/-/ms-2.1.3.tgz
11269 silly mapToRegistry using default registry
11270 silly mapToRegistry registry https://registry.npmjs.org/
11271 silly mapToRegistry data Result {
11271 silly mapToRegistry   raw: 'ms@https://registry.npmjs.org/ms/-/ms-2.1.3.tgz',
11271 silly mapToRegistry   scope: null,
11271 silly mapToRegistry   name: 'ms',
11271 silly mapToRegistry   rawSpec: 'https://registry.npmjs.org/ms/-/ms-2.1.3.tgz',
11271 silly mapToRegistry   spec: 'https://registry.npmjs.org/ms/-/ms-2.1.3.tgz',
11271 silly mapToRegistry   type: 'remote' }
11272 silly mapToRegistry uri https://registry.npmjs.org/ms/-/ms-2.1.3.tgz
11273 verbose addRemoteTarball https://registry.npmjs.org/ms/-/ms-2.1.3.tgz already in flight; waiting
11274 silly cache add parsed spec Result {
11274 silly cache add   raw: 'on-finished@https://registry.npmjs.org/on-finished/-/on-finished-2.4.1.tgz',
11274 silly cache add   scope: null,
11274 silly cache add   name: 'on-finished',
11274 silly cache add   rawSpec: 'https://registry.npmjs.org/on-finished/-/on-finished-2.4.1.tgz',
11274 silly cache add   spec: 'https://registry.npmjs.org/on-finished/-/on-finished-2.4.1.tgz',
11274 silly cache add   type: 'remote' }
11275 silly mapToRegistry name on-finished@https://registry.npmjs.org/on-finished/-/on-finished-2.4.1.tgz
11276 silly mapToRegistry using default registry
11277 silly mapToRegistry registry https://registry.npmjs.org/
11278 silly mapToRegistry data Result {
11278 silly mapToRegistry   raw: 'on-finished@https://registry.npmjs.org/on-finished/-/on-finished-2.4.1.tgz',
11278 silly mapToRegistry   scope: null,
11278 silly mapToRegistry   name: 'on-finished',
11278 silly mapToRegistry   rawSpec: 'https://registry.npmjs.org/on-finished/-/on-finished-2.4.1.tgz',
11278 silly mapToRegistry   spec: 'https://registry.npmjs.org/on-finished/-/on-finished-2.4.1.tgz',
11278 silly mapToRegistry   type: 'remote' }
11279 silly mapToRegistry uri https://registry.npmjs.org/on-finished/-/on-finished-2.4.1.tgz
11280 verbose addRemoteTarball https://registry.npmjs.org/on-finished/-/on-finished-2.4.1.tgz already in flight; waiting
11281 silly cache add parsed spec Result {
11281 silly cache add   raw: 'statuses@https://registry.npmjs.org/statuses/-/statuses-2.0.1.tgz',
11281 silly cache add   scope: null,
11281 silly cache add   name: 'statuses',
11281 silly cache add   rawSpec: 'https://registry.npmjs.org/statuses/-/statuses-2.0.1.tgz',
11281 silly cache add   spec: 'https://registry.npmjs.org/statuses/-/statuses-2.0.1.tgz',
11281 silly cache add   type: 'remote' }
11282 silly mapToRegistry name statuses@https://registry.npmjs.org/statuses/-/statuses-2.0.1.tgz
11283 silly mapToRegistry using default registry
11284 silly mapToRegistry registry https://registry.npmjs.org/
11285 silly mapToRegistry data Result {
11285 silly mapToRegistry   raw: 'statuses@https://registry.npmjs.org/statuses/-/statuses-2.0.1.tgz',
11285 silly mapToRegistry   scope: null,
11285 silly mapToRegistry   name: 'statuses',
11285 silly mapToRegistry   rawSpec: 'https://registry.npmjs.org/statuses/-/statuses-2.0.1.tgz',
11285 silly mapToRegistry   spec: 'https://registry.npmjs.org/statuses/-/statuses-2.0.1.tgz',
11285 silly mapToRegistry   type: 'remote' }
11286 silly mapToRegistry uri https://registry.npmjs.org/statuses/-/statuses-2.0.1.tgz
11287 verbose addRemoteTarball https://registry.npmjs.org/statuses/-/statuses-2.0.1.tgz already in flight; waiting
11288 info retry fetch attempt 1 at 6:28:00 PM
11289 info attempt registry request try #1 at 6:28:00 PM
11290 http fetch GET https://registry.npmjs.org/glob/-/glob-7.2.3.tgz
11291 verbose correctMkdir /Users/andyporter/.npm correctMkdir not in flight; initializing
11292 silly gunzTarPerm extractEntry out/readers/reader.d.ts
11293 silly gunzTarPerm modified mode [ 'out/readers/reader.d.ts', 436, 420 ]
11294 silly gunzTarPerm extractEntry out/settings.d.ts
11295 silly gunzTarPerm modified mode [ 'out/settings.d.ts', 436, 420 ]
11296 silly gunzTarPerm extractEntry client-dist/socket.io.js.map
11297 silly gunzTarPerm extractEntry
11298 silly gunzTarPerm extractEntry build/transports/polling-jsonp.d.ts
11299 silly gunzTarPerm extractEntry build/transports-uws/polling.d.ts
11300 verbose correctMkdir /Users/andyporter/.npm correctMkdir not in flight; initializing
11301 silly gunzTarPerm modes [ '755', '644' ]
11302 silly gunzTarPerm modes [ '755', '644' ]
11303 silly cache afterAdd cliui@7.0.4
11304 verbose afterAdd /Users/andyporter/.npm/cliui/7.0.4/package/package.json not in flight; writing
11305 verbose correctMkdir /Users/andyporter/.npm correctMkdir not in flight; initializing
11306 silly gunzTarPerm modes [ '755', '644' ]
11307 silly gunzTarPerm modes [ '755', '644' ]
11308 silly cache afterAdd tar-stream@3.1.7
11309 verbose afterAdd /Users/andyporter/.npm/tar-stream/3.1.7/package/package.json not in flight; writing
11310 verbose correctMkdir /Users/andyporter/.npm correctMkdir not in flight; initializing
11311 verbose correctMkdir /Users/andyporter/.npm correctMkdir not in flight; initializing
11312 verbose correctMkdir /Users/andyporter/.npm correctMkdir not in flight; initializing
11313 silly gunzTarPerm extractEntry _arraySampleSize.js
11314 silly gunzTarPerm extractEntry _arrayShuffle.js
11315 silly gunzTarPerm extractEntry package.json
11316 silly gunzTarPerm modified mode [ 'package.json', 438, 420 ]
11317 silly cache afterAdd eventemitter3@4.0.7
11318 verbose afterAdd /Users/andyporter/.npm/eventemitter3/4.0.7/package/package.json not in flight; writing
11319 verbose correctMkdir /Users/andyporter/.npm correctMkdir not in flight; initializing
11320 verbose afterAdd /Users/andyporter/.npm/nopt/1.0.10/package/package.json written
11321 silly gunzTarPerm extractEntry index.js
11322 silly gunzTarPerm extractEntry package.json
11323 silly gunzTarPerm extractEntry dist/esm/lib/Separator.js
11324 silly gunzTarPerm extractEntry dist/commonjs/lib/theme.js
11325 verbose afterAdd /Users/andyporter/.npm/@socket.io/component-emitter/3.1.0/package/package.json written
11326 verbose afterAdd /Users/andyporter/.npm/portscanner/2.2.0/package/package.json written
11327 silly gunzTarPerm extractEntry LICENSE
11328 silly gunzTarPerm modified mode [ 'LICENSE', 438, 420 ]
11329 silly gunzTarPerm extractEntry package.json
11330 verbose afterAdd /Users/andyporter/.npm/browser-sync-client/3.0.4/package/package.json written
11331 verbose correctMkdir /Users/andyporter/.npm correctMkdir not in flight; initializing
11332 silly gunzTarPerm extractEntry lib/plugins/remote-debug/css/pesticide.css
11333 silly gunzTarPerm extractEntry lib/plugins/remote-debug/css/pesticide.min.css
11334 silly gunzTarPerm extractEntry public/fonts/source-sans/sourcesanspro-bold-webfont.eot
11335 silly gunzTarPerm extractEntry recipes/gulp.browserify/package.json
11336 silly gunzTarPerm extractEntry recipes/gulp.browserify/gulpfile.js
11337 http fetch 200 https://registry.npmjs.org/glob/-/glob-7.2.3.tgz
11338 silly gunzTarPerm extractEntry license
11339 verbose afterAdd /Users/andyporter/.npm/fsevents/2.3.2/package/package.json written
11340 silly fetchAndShaCheck shasum 75a4984efedc4b08975c5aeb73f530d02df25717
11341 verbose addTmpTarball /var/folders/_4/7hgy5s8d1493hmmc5xj976900000gq/T/npm-47481-492c5c41/registry.npmjs.org/universalify/-/universalify-2.0.0.tgz not in flight; adding
11342 verbose correctMkdir /Users/andyporter/.npm correctMkdir not in flight; initializing
11343 verbose addTmpTarball validating metadata from /var/folders/_4/7hgy5s8d1493hmmc5xj976900000gq/T/npm-47481-492c5c41/registry.npmjs.org/universalify/-/universalify-2.0.0.tgz
11344 verbose tar unpack /var/folders/_4/7hgy5s8d1493hmmc5xj976900000gq/T/npm-47481-492c5c41/registry.npmjs.org/universalify/-/universalify-2.0.0.tgz
11345 verbose tar unpacking to /var/folders/_4/7hgy5s8d1493hmmc5xj976900000gq/T/npm-47481-492c5c41/unpack-bda6b1a9
11346 silly gentlyRm /var/folders/_4/7hgy5s8d1493hmmc5xj976900000gq/T/npm-47481-492c5c41/unpack-bda6b1a9 is being purged
11347 verbose gentlyRm don't care about contents; nuking /var/folders/_4/7hgy5s8d1493hmmc5xj976900000gq/T/npm-47481-492c5c41/unpack-bda6b1a9
11348 silly cache afterAdd isexe@2.0.0
11349 verbose afterAdd /Users/andyporter/.npm/isexe/2.0.0/package/package.json not in flight; writing
11350 verbose correctMkdir /Users/andyporter/.npm correctMkdir not in flight; initializing
11351 silly cache afterAdd emoji-regex@8.0.0
11352 verbose afterAdd /Users/andyporter/.npm/emoji-regex/8.0.0/package/package.json not in flight; writing
11353 verbose correctMkdir /Users/andyporter/.npm correctMkdir not in flight; initializing
11354 silly cache afterAdd queue-tick@1.0.1
11355 verbose afterAdd /Users/andyporter/.npm/queue-tick/1.0.1/package/package.json not in flight; writing
11356 verbose correctMkdir /Users/andyporter/.npm correctMkdir not in flight; initializing
11357 verbose correctMkdir /Users/andyporter/.npm correctMkdir not in flight; initializing
11358 silly gunzTarPerm extractEntry browser/nunjucks-slim.js
11359 silly gunzTarPerm extractEntry browser/nunjucks-slim.min.js
11360 silly gunzTarPerm extractEntry build/lib/yerror.js
11361 silly gunzTarPerm extractEntry locales/be.json
11362 silly gunzTarPerm extractEntry isNaN.d.ts
11363 silly gunzTarPerm extractEntry isNegativeZero.d.ts
11364 silly gunzTarPerm extractEntry test-core-js.js
11365 silly gunzTarPerm extractEntry test/toStringTag.js
11366 silly cache afterAdd form-data@2.5.5
11367 verbose afterAdd /Users/andyporter/.npm/form-data/2.5.5/package/package.json not in flight; writing
11368 verbose correctMkdir /Users/andyporter/.npm correctMkdir not in flight; initializing
11369 silly cache afterAdd cross-spawn@7.0.6
11370 verbose afterAdd /Users/andyporter/.npm/cross-spawn/7.0.6/package/package.json not in flight; writing
11371 verbose correctMkdir /Users/andyporter/.npm correctMkdir not in flight; initializing
11372 silly gunzTarPerm modes [ '755', '644' ]
11373 silly cache afterAdd http-response-object@3.0.2
11374 verbose afterAdd /Users/andyporter/.npm/http-response-object/3.0.2/package/package.json not in flight; writing
11375 verbose correctMkdir /Users/andyporter/.npm correctMkdir not in flight; initializing
11376 silly gunzTarPerm extractEntry LICENSE
11377 silly gunzTarPerm extractEntry LICENSE
11378 silly gunzTarPerm extractEntry dist/cli/command.start.js
11379 silly gunzTarPerm extractEntry dist/config.js
11380 silly gunzTarPerm extractEntry public/fonts/source-sans/sourcesanspro-it-webfont.eot
11381 silly gunzTarPerm extractEntry setimmediate/index.js
11382 silly gunzTarPerm extractEntry src/index.js
11383 silly gunzTarPerm extractEntry README.md
11384 silly gunzTarPerm modified mode [ 'README.md', 438, 420 ]
11385 silly gunzTarPerm extractEntry LICENSE
11386 silly gunzTarPerm modified mode [ 'LICENSE', 438, 420 ]
11387 verbose correctMkdir /Users/andyporter/.npm correctMkdir not in flight; initializing
11388 silly cache afterAdd mime-db@1.52.0
11389 verbose afterAdd /Users/andyporter/.npm/mime-db/1.52.0/package/package.json not in flight; writing
11390 verbose correctMkdir /Users/andyporter/.npm correctMkdir not in flight; initializing
11391 verbose afterAdd /Users/andyporter/.npm/cliui/7.0.4/package/package.json written
11392 silly gunzTarPerm extractEntry index.js
11393 verbose afterAdd /Users/andyporter/.npm/tar-stream/3.1.7/package/package.json written
11394 silly gunzTarPerm extractEntry build/esm-debug/is-binary.d.ts
11395 silly gunzTarPerm extractEntry build/esm/is-binary.d.ts
11396 verbose correctMkdir /Users/andyporter/.npm correctMkdir not in flight; initializing
11397 silly gunzTarPerm extractEntry lib/ICache.js.flow
11398 silly gunzTarPerm extractEntry lib/index.d.ts
11399 silly gunzTarPerm extractEntry build/esm-debug/contrib/parseuri.js
11400 silly gunzTarPerm extractEntry build/esm/contrib/parseuri.js
11401 verbose correctMkdir /Users/andyporter/.npm correctMkdir not in flight; initializing
11402 silly gunzTarPerm extractEntry LICENSE
11403 silly gunzTarPerm extractEntry index.js
11404 silly gunzTarPerm modified mode [ 'index.js', 438, 420 ]
11405 silly gunzTarPerm extractEntry codes.json
11406 silly gunzTarPerm modified mode [ 'codes.json', 438, 420 ]
11407 silly gunzTarPerm extractEntry History.md
11408 silly gunzTarPerm extractEntry index.js
11409 silly gunzTarPerm extractEntry LICENSE
11410 silly cache afterAdd chokidar@3.6.0
11411 verbose afterAdd /Users/andyporter/.npm/chokidar/3.6.0/package/package.json not in flight; writing
11412 verbose correctMkdir /Users/andyporter/.npm correctMkdir not in flight; initializing
11413 verbose correctMkdir /Users/andyporter/.npm correctMkdir not in flight; initializing
11414 silly gunzTarPerm extractEntry LICENSE
11415 silly gunzTarPerm extractEntry package.json
11416 verbose afterAdd /Users/andyporter/.npm/eventemitter3/4.0.7/package/package.json written
11417 silly gunzTarPerm extractEntry dist/parse.js
11418 silly gunzTarPerm extractEntry dist/commonjs-browser/regex.js
11419 silly gunzTarPerm extractEntry build/esm/manager.js
11420 silly gunzTarPerm extractEntry build/cjs/on.js
11421 verbose correctMkdir /Users/andyporter/.npm correctMkdir not in flight; initializing
11422 silly gunzTarPerm extractEntry package.json
11423 silly gunzTarPerm extractEntry readme.md
11424 silly fetchPackageMetaData async@https://registry.npmjs.org/async/-/async-2.6.4.tgz
11425 silly gunzTarPerm extractEntry out/providers/stream.d.ts
11426 silly gunzTarPerm modified mode [ 'out/providers/stream.d.ts', 436, 420 ]
11427 silly gunzTarPerm extractEntry out/providers/sync.d.ts
11428 silly gunzTarPerm modified mode [ 'out/providers/sync.d.ts', 436, 420 ]
11429 silly gunzTarPerm extractEntry
11430 silly gunzTarPerm extractEntry
11431 silly gunzTarPerm extractEntry
11432 silly cache afterAdd ua-parser-js@1.0.35
11433 verbose afterAdd /Users/andyporter/.npm/ua-parser-js/1.0.35/package/package.json not in flight; writing
11434 verbose correctMkdir /Users/andyporter/.npm correctMkdir not in flight; initializing
11435 silly fetchOtherPackageData async@https://registry.npmjs.org/async/-/async-2.6.4.tgz
11436 silly cache add args [ 'async@https://registry.npmjs.org/async/-/async-2.6.4.tgz',
11436 silly cache add   null ]
11437 verbose cache add spec async@https://registry.npmjs.org/async/-/async-2.6.4.tgz
11438 silly gunzTarPerm extractEntry .jamignore
11439 silly gunzTarPerm extractEntry .jscsrc
11440 verbose afterAdd /Users/andyporter/.npm/emoji-regex/8.0.0/package/package.json written
11441 verbose afterAdd /Users/andyporter/.npm/queue-tick/1.0.1/package/package.json written
11442 silly gunzTarPerm extractEntry index.js
11443 silly gunzTarPerm extractEntry codes.json
11444 verbose afterAdd /Users/andyporter/.npm/isexe/2.0.0/package/package.json written
11445 silly gunzTarPerm extractEntry index.js
11446 silly gunzTarPerm extractEntry package.json
11447 silly cache add parsed spec Result {
11447 silly cache add   raw: 'async@https://registry.npmjs.org/async/-/async-2.6.4.tgz',
11447 silly cache add   scope: null,
11447 silly cache add   name: 'async',
11447 silly cache add   rawSpec: 'https://registry.npmjs.org/async/-/async-2.6.4.tgz',
11447 silly cache add   spec: 'https://registry.npmjs.org/async/-/async-2.6.4.tgz',
11447 silly cache add   type: 'remote' }
11448 silly mapToRegistry name async@https://registry.npmjs.org/async/-/async-2.6.4.tgz
11449 silly mapToRegistry using default registry
11450 silly mapToRegistry registry https://registry.npmjs.org/
11451 silly mapToRegistry data Result {
11451 silly mapToRegistry   raw: 'async@https://registry.npmjs.org/async/-/async-2.6.4.tgz',
11451 silly mapToRegistry   scope: null,
11451 silly mapToRegistry   name: 'async',
11451 silly mapToRegistry   rawSpec: 'https://registry.npmjs.org/async/-/async-2.6.4.tgz',
11451 silly mapToRegistry   spec: 'https://registry.npmjs.org/async/-/async-2.6.4.tgz',
11451 silly mapToRegistry   type: 'remote' }
11452 silly mapToRegistry uri https://registry.npmjs.org/async/-/async-2.6.4.tgz
11453 verbose addRemoteTarball https://registry.npmjs.org/async/-/async-2.6.4.tgz not in flight; adding
11454 verbose addRemoteTarball [ 'https://registry.npmjs.org/async/-/async-2.6.4.tgz', null ]
11455 verbose afterAdd /Users/andyporter/.npm/form-data/2.5.5/package/package.json written
11456 verbose afterAdd /Users/andyporter/.npm/cross-spawn/7.0.6/package/package.json written
11457 verbose afterAdd /Users/andyporter/.npm/http-response-object/3.0.2/package/package.json written
11458 silly gunzTarPerm extractEntry test/noCache.js
11459 silly gunzTarPerm extractEntry test/noCache/a.js
11460 silly gunzTarPerm extractEntry package.json
11461 silly gunzTarPerm extractEntry license.md
11462 silly gunzTarPerm extractEntry
11463 silly gunzTarPerm extractEntry build/transports/polling.d.ts
11464 silly gunzTarPerm extractEntry build/server.d.ts
11465 silly gunzTarPerm extractEntry _arraySome.js
11466 silly gunzTarPerm extractEntry _asciiSize.js
11467 silly cache afterAdd escalade@3.1.1
11468 verbose afterAdd /Users/andyporter/.npm/escalade/3.1.1/package/package.json not in flight; writing
11469 verbose correctMkdir /Users/andyporter/.npm correctMkdir not in flight; initializing
11470 silly cache afterAdd get-intrinsic@1.3.0
11471 verbose afterAdd /Users/andyporter/.npm/get-intrinsic/1.3.0/package/package.json not in flight; writing
11472 verbose correctMkdir /Users/andyporter/.npm correctMkdir not in flight; initializing
11473 silly gunzTarPerm extractEntry index.js
11474 silly gunzTarPerm extractEntry package.json
11475 silly gunzTarPerm extractEntry index.js
11476 silly gunzTarPerm extractEntry package.json
11477 silly gunzTarPerm extractEntry HISTORY.md
11478 silly gunzTarPerm extractEntry README.md
11479 silly gunzTarPerm extractEntry SECURITY.md
11480 silly gunzTarPerm extractEntry LICENSE
11481 silly gunzTarPerm modified mode [ 'LICENSE', 436, 420 ]
11482 verbose correctMkdir /Users/andyporter/.npm correctMkdir not in flight; initializing
11483 silly gunzTarPerm extractEntry index.js
11484 silly gunzTarPerm extractEntry package.json
11485 silly gunzTarPerm extractEntry index.d.ts
11486 silly gunzTarPerm extractEntry index.js
11487 verbose afterAdd /Users/andyporter/.npm/mime-db/1.52.0/package/package.json written
11488 silly gunzTarPerm extractEntry README.md
11489 silly gunzTarPerm extractEntry index.d.ts
11490 verbose correctMkdir /Users/andyporter/.npm correctMkdir not in flight; initializing
11491 silly gunzTarPerm extractEntry dist/esm/lib/theme.js
11492 silly gunzTarPerm extractEntry dist/commonjs/lib/use-effect.js
11493 verbose correctMkdir /Users/andyporter/.npm correctMkdir not in flight; initializing
11494 silly fetchAndShaCheck shasum b8df0fb802bbfa8e89bd1d938b4e16578ed44f2b
11495 verbose addTmpTarball /var/folders/_4/7hgy5s8d1493hmmc5xj976900000gq/T/npm-47481-492c5c41/registry.npmjs.org/glob/-/glob-7.2.3.tgz not in flight; adding
11496 verbose correctMkdir /Users/andyporter/.npm correctMkdir not in flight; initializing
11497 verbose addTmpTarball validating metadata from /var/folders/_4/7hgy5s8d1493hmmc5xj976900000gq/T/npm-47481-492c5c41/registry.npmjs.org/glob/-/glob-7.2.3.tgz
11498 verbose tar unpack /var/folders/_4/7hgy5s8d1493hmmc5xj976900000gq/T/npm-47481-492c5c41/registry.npmjs.org/glob/-/glob-7.2.3.tgz
11499 verbose tar unpacking to /var/folders/_4/7hgy5s8d1493hmmc5xj976900000gq/T/npm-47481-492c5c41/unpack-b3f823e4
11500 silly gentlyRm /var/folders/_4/7hgy5s8d1493hmmc5xj976900000gq/T/npm-47481-492c5c41/unpack-b3f823e4 is being purged
11501 verbose gentlyRm don't care about contents; nuking /var/folders/_4/7hgy5s8d1493hmmc5xj976900000gq/T/npm-47481-492c5c41/unpack-b3f823e4
11502 verbose afterAdd /Users/andyporter/.npm/chokidar/3.6.0/package/package.json written
11503 silly gunzTarPerm extractEntry locales/de.json
11504 silly gunzTarPerm extractEntry locales/en.json
11505 silly gunzTarPerm extractEntry max.d.ts
11506 silly gunzTarPerm extractEntry constants/maxArrayLength.d.ts
11507 silly gunzTarPerm extractEntry test/undef.js
11508 silly gunzTarPerm extractEntry util.inspect.js
11509 silly gunzTarPerm modes [ '755', '644' ]
11510 verbose correctMkdir /Users/andyporter/.npm correctMkdir not in flight; initializing
11511 info retry fetch attempt 1 at 6:28:00 PM
11512 info attempt registry request try #1 at 6:28:00 PM
11513 http fetch GET https://registry.npmjs.org/async/-/async-2.6.4.tgz
11514 verbose correctMkdir /Users/andyporter/.npm correctMkdir not in flight; initializing
11515 silly gunzTarPerm extractEntry browser/nunjucks.js
11516 silly gunzTarPerm extractEntry dist/govuk/components/file-upload/template-allows-direct-media-capture.html
11517 silly gunzTarPerm extractEntry dist/govuk/components/file-upload/template-allows-image-files-only.html
11518 silly gunzTarPerm extractEntry recipes/gulp.browserify/app/css/main.css
11519 silly gunzTarPerm extractEntry recipes/gulp.browserify/app/index.html
11520 silly cache afterAdd negotiator@0.6.3
11521 verbose afterAdd /Users/andyporter/.npm/negotiator/0.6.3/package/package.json not in flight; writing
11522 verbose correctMkdir /Users/andyporter/.npm correctMkdir not in flight; initializing
11523 verbose correctMkdir /Users/andyporter/.npm correctMkdir not in flight; initializing
11524 silly gunzTarPerm extractEntry domains/node-extensions.js
11525 silly gunzTarPerm extractEntry lib/node-extensions.js
11526 verbose afterAdd /Users/andyporter/.npm/ua-parser-js/1.0.35/package/package.json written
11527 silly fetchPackageMetaData @types/node@https://registry.npmjs.org/@types/node/-/node-10.17.60.tgz
11528 silly gunzTarPerm extractEntry dist/connect-utils.js
11529 silly gunzTarPerm extractEntry dist/cli/transforms/copyCLIIgnoreToWatchOptions.js
11530 silly gunzTarPerm extractEntry lib/index.js
11531 silly gunzTarPerm extractEntry lib/index.js.flow
11532 silly gunzTarPerm extractEntry index.js
11533 silly gunzTarPerm modified mode [ 'index.js', 438, 420 ]
11534 silly gunzTarPerm extractEntry HISTORY.md
11535 silly gunzTarPerm modified mode [ 'HISTORY.md', 438, 420 ]
11536 verbose correctMkdir /Users/andyporter/.npm correctMkdir not in flight; initializing
11537 silly gunzTarPerm extractEntry index.js
11538 silly gunzTarPerm modified mode [ 'index.js', 436, 420 ]
11539 silly gunzTarPerm extractEntry package.json
11540 silly gunzTarPerm modified mode [ 'package.json', 436, 420 ]
11541 silly fetchOtherPackageData @types/node@https://registry.npmjs.org/@types/node/-/node-10.17.60.tgz
11542 silly cache add args [ '@types/node@https://registry.npmjs.org/@types/node/-/node-10.17.60.tgz',
11542 silly cache add   null ]
11543 verbose cache add spec @types/node@https://registry.npmjs.org/@types/node/-/node-10.17.60.tgz
11544 silly gunzTarPerm extractEntry dist/esm-browser/regex.js
11545 silly gunzTarPerm extractEntry dist/esm-node/regex.js
11546 silly gunzTarPerm extractEntry build/esm-debug/on.js
11547 silly gunzTarPerm extractEntry build/esm/on.js
11548 silly cache afterAdd typedarray@0.0.6
11549 verbose afterAdd /Users/andyporter/.npm/typedarray/0.0.6/package/package.json not in flight; writing
11550 verbose correctMkdir /Users/andyporter/.npm correctMkdir not in flight; initializing
11551 silly cache afterAdd express-session@1.18.2
11552 verbose afterAdd /Users/andyporter/.npm/express-session/1.18.2/package/package.json not in flight; writing
11553 verbose correctMkdir /Users/andyporter/.npm correctMkdir not in flight; initializing
11554 silly gunzTarPerm extractEntry build/cjs/transports/polling-fetch.js
11555 silly gunzTarPerm extractEntry build/esm-debug/transports/polling-fetch.js
11556 verbose afterAdd /Users/andyporter/.npm/escalade/3.1.1/package/package.json written
11557 verbose afterAdd /Users/andyporter/.npm/get-intrinsic/1.3.0/package/package.json written
11558 silly gunzTarPerm extractEntry package.json
11559 silly gunzTarPerm modified mode [ 'package.json', 438, 420 ]
11560 silly gunzTarPerm extractEntry HISTORY.md
11561 silly gunzTarPerm modified mode [ 'HISTORY.md', 438, 420 ]
11562 silly gunzTarPerm extractEntry LICENSE
11563 verbose correctMkdir /Users/andyporter/.npm correctMkdir not in flight; initializing
11564 silly cache add parsed spec Result {
11564 silly cache add   raw: '@types/node@https://registry.npmjs.org/@types/node/-/node-10.17.60.tgz',
11564 silly cache add   scope: '@types',
11564 silly cache add   name: '@types/node',
11564 silly cache add   rawSpec: 'https://registry.npmjs.org/@types/node/-/node-10.17.60.tgz',
11564 silly cache add   spec: 'https://registry.npmjs.org/@types/node/-/node-10.17.60.tgz',
11564 silly cache add   type: 'remote' }
11565 silly mapToRegistry name @types/node@https://registry.npmjs.org/@types/node/-/node-10.17.60.tgz
11566 silly mapToRegistry scope (from package name) @types
11567 verbose mapToRegistry no registry URL found in name for scope @types
11568 silly mapToRegistry using default registry
11569 silly mapToRegistry registry https://registry.npmjs.org/
11570 silly mapToRegistry data Result {
11570 silly mapToRegistry   raw: '@types/node@https://registry.npmjs.org/@types/node/-/node-10.17.60.tgz',
11570 silly mapToRegistry   scope: '@types',
11570 silly mapToRegistry   name: '@types/node',
11570 silly mapToRegistry   rawSpec: 'https://registry.npmjs.org/@types/node/-/node-10.17.60.tgz',
11570 silly mapToRegistry   spec: 'https://registry.npmjs.org/@types/node/-/node-10.17.60.tgz',
11570 silly mapToRegistry   type: 'remote' }
11571 silly mapToRegistry uri https://registry.npmjs.org/@types/node/-/node-10.17.60.tgz
11572 verbose addRemoteTarball https://registry.npmjs.org/@types/node/-/node-10.17.60.tgz not in flight; adding
11573 verbose addRemoteTarball [ 'https://registry.npmjs.org/@types/node/-/node-10.17.60.tgz',
11573 verbose addRemoteTarball   null ]
11574 silly cache afterAdd hasown@2.0.2
11575 verbose afterAdd /Users/andyporter/.npm/hasown/2.0.2/package/package.json not in flight; writing
11576 verbose correctMkdir /Users/andyporter/.npm correctMkdir not in flight; initializing
11577 verbose correctMkdir /Users/andyporter/.npm correctMkdir not in flight; initializing
11578 silly gunzTarPerm extractEntry source/async-return-type.d.ts
11579 silly gunzTarPerm extractEntry .jscsrc.todo
11580 silly gunzTarPerm extractEntry .editorconfig
11581 silly gunzTarPerm extractEntry out/readers/sync.d.ts
11582 silly gunzTarPerm modified mode [ 'out/readers/sync.d.ts', 436, 420 ]
11583 http fetch 200 https://registry.npmjs.org/async/-/async-2.6.4.tgz
11584 info retry fetch attempt 1 at 6:28:00 PM
11585 info attempt registry request try #1 at 6:28:00 PM
11586 http fetch GET https://registry.npmjs.org/@types/node/-/node-10.17.60.tgz
11587 silly gunzTarPerm extractEntry package.json
11588 silly gunzTarPerm extractEntry HISTORY.md
11589 silly gunzTarPerm extractEntry test/noCache/b.json
11590 silly gunzTarPerm extractEntry test/recurse.js
11591 silly gunzTarPerm extractEntry HISTORY.md
11592 silly gunzTarPerm extractEntry README.md
11593 silly cache afterAdd braces@3.0.3
11594 verbose afterAdd /Users/andyporter/.npm/braces/3.0.3/package/package.json not in flight; writing
11595 verbose correctMkdir /Users/andyporter/.npm correctMkdir not in flight; initializing
11596 silly cache afterAdd depd@1.1.2
11597 verbose afterAdd /Users/andyporter/.npm/depd/1.1.2/package/package.json not in flight; writing
11598 verbose correctMkdir /Users/andyporter/.npm correctMkdir not in flight; initializing
11599 verbose correctMkdir /Users/andyporter/.npm correctMkdir not in flight; initializing
11600 silly cache afterAdd es-set-tostringtag@2.1.0
11601 verbose afterAdd /Users/andyporter/.npm/es-set-tostringtag/2.1.0/package/package.json not in flight; writing
11602 verbose correctMkdir /Users/andyporter/.npm correctMkdir not in flight; initializing
11603 silly gunzTarPerm extractEntry
11604 verbose afterAdd /Users/andyporter/.npm/negotiator/0.6.3/package/package.json written
11605 silly gunzTarPerm extractEntry LICENSE
11606 silly fetchPackageMetaData safe-buffer@https://registry.npmjs.org/safe-buffer/-/safe-buffer-5.2.1.tgz
11607 silly gunzTarPerm extractEntry readme.md
11608 silly cache afterAdd stream-throttle@0.1.3
11609 verbose afterAdd /Users/andyporter/.npm/stream-throttle/0.1.3/package/package.json not in flight; writing
11610 verbose correctMkdir /Users/andyporter/.npm correctMkdir not in flight; initializing
11611 silly gunzTarPerm extractEntry build/socket.d.ts
11612 silly gunzTarPerm extractEntry build/transport.d.ts
11613 silly gunzTarPerm extractEntry _asciiToArray.js
11614 silly gunzTarPerm extractEntry _asciiWords.js
11615 silly gunzTarPerm extractEntry README.md
11616 silly gunzTarPerm extractEntry HISTORY.md
11617 silly gunzTarPerm extractEntry README.md
11618 silly fetchOtherPackageData safe-buffer@https://registry.npmjs.org/safe-buffer/-/safe-buffer-5.2.1.tgz
11619 silly cache add args [ 'safe-buffer@https://registry.npmjs.org/safe-buffer/-/safe-buffer-5.2.1.tgz',
11619 silly cache add   null ]
11620 verbose cache add spec safe-buffer@https://registry.npmjs.org/safe-buffer/-/safe-buffer-5.2.1.tgz
11621 silly gunzTarPerm extractEntry license
11622 silly gunzTarPerm extractEntry readme.md
11623 silly gunzTarPerm extractEntry dist/esm/lib/use-effect.js
11624 silly gunzTarPerm extractEntry dist/commonjs/lib/use-keypress.js
11625 silly gunzTarPerm extractEntry constants/maxSafeInteger.d.ts
11626 silly gunzTarPerm extractEntry constants/maxValue.d.ts
11627 verbose afterAdd /Users/andyporter/.npm/express-session/1.18.2/package/package.json written
11628 verbose afterAdd /Users/andyporter/.npm/typedarray/0.0.6/package/package.json written
11629 verbose correctMkdir /Users/andyporter/.npm correctMkdir not in flight; initializing
11630 silly cache add parsed spec Result {
11630 silly cache add   raw: 'safe-buffer@https://registry.npmjs.org/safe-buffer/-/safe-buffer-5.2.1.tgz',
11630 silly cache add   scope: null,
11630 silly cache add   name: 'safe-buffer',
11630 silly cache add   rawSpec: 'https://registry.npmjs.org/safe-buffer/-/safe-buffer-5.2.1.tgz',
11630 silly cache add   spec: 'https://registry.npmjs.org/safe-buffer/-/safe-buffer-5.2.1.tgz',
11630 silly cache add   type: 'remote' }
11631 silly mapToRegistry name safe-buffer@https://registry.npmjs.org/safe-buffer/-/safe-buffer-5.2.1.tgz
11632 silly mapToRegistry using default registry
11633 silly mapToRegistry registry https://registry.npmjs.org/
11634 silly mapToRegistry data Result {
11634 silly mapToRegistry   raw: 'safe-buffer@https://registry.npmjs.org/safe-buffer/-/safe-buffer-5.2.1.tgz',
11634 silly mapToRegistry   scope: null,
11634 silly mapToRegistry   name: 'safe-buffer',
11634 silly mapToRegistry   rawSpec: 'https://registry.npmjs.org/safe-buffer/-/safe-buffer-5.2.1.tgz',
11634 silly mapToRegistry   spec: 'https://registry.npmjs.org/safe-buffer/-/safe-buffer-5.2.1.tgz',
11634 silly mapToRegistry   type: 'remote' }
11635 silly mapToRegistry uri https://registry.npmjs.org/safe-buffer/-/safe-buffer-5.2.1.tgz
11636 verbose addRemoteTarball https://registry.npmjs.org/safe-buffer/-/safe-buffer-5.2.1.tgz already in flight; waiting
11637 silly cache afterAdd b4a@1.6.4
11638 verbose afterAdd /Users/andyporter/.npm/b4a/1.6.4/package/package.json not in flight; writing
11639 verbose correctMkdir /Users/andyporter/.npm correctMkdir not in flight; initializing
11640 verbose afterAdd /Users/andyporter/.npm/hasown/2.0.2/package/package.json written
11641 silly gunzTarPerm extractEntry public/fonts/source-sans/sourcesanspro-regular-webfont.eot
11642 silly gunzTarPerm extractEntry test/values.js
11643 silly gunzTarPerm extractEntry package-support.json
11644 silly gunzTarPerm extractEntry browser/nunjucks.min.js
11645 silly gunzTarPerm extractEntry src/object.js
11646 silly gunzTarPerm extractEntry locales/es.json
11647 silly gunzTarPerm extractEntry locales/fi.json
11648 silly cache afterAdd mime@1.6.0
11649 verbose afterAdd /Users/andyporter/.npm/mime/1.6.0/package/package.json not in flight; writing
11650 verbose correctMkdir /Users/andyporter/.npm correctMkdir not in flight; initializing
11651 silly cache afterAdd es-define-property@1.0.1
11652 verbose afterAdd /Users/andyporter/.npm/es-define-property/1.0.1/package/package.json not in flight; writing
11653 verbose correctMkdir /Users/andyporter/.npm correctMkdir not in flight; initializing
11654 silly gunzTarPerm extractEntry lib/MemoryCache.d.ts
11655 silly gunzTarPerm extractEntry lib/MemoryCache.js
11656 silly gunzTarPerm extractEntry public/img/ps-bg.gif
11657 silly gunzTarPerm extractEntry setimmediate/node-extensions.js
11658 silly gunzTarPerm extractEntry src/node-extensions.js
11659 silly gunzTarPerm extractEntry common.js
11660 silly gunzTarPerm extractEntry glob.js
11661 verbose correctMkdir /Users/andyporter/.npm correctMkdir not in flight; initializing
11662 verbose correctMkdir /Users/andyporter/.npm correctMkdir not in flight; initializing
11663 silly gunzTarPerm extractEntry dist/regex.js
11664 silly gunzTarPerm extractEntry dist/rng-browser.js
11665 verbose correctMkdir /Users/andyporter/.npm correctMkdir not in flight; initializing
11666 silly gunzTarPerm extractEntry client-dist/socket.io.min.js.map
11667 silly cache afterAdd undefsafe@2.0.5
11668 verbose afterAdd /Users/andyporter/.npm/undefsafe/2.0.5/package/package.json not in flight; writing
11669 verbose correctMkdir /Users/andyporter/.npm correctMkdir not in flight; initializing
11670 silly gunzTarPerm extractEntry dist/default-config.js
11671 silly gunzTarPerm extractEntry dist/public/exit.js
11672 silly cache afterAdd is-number-like@1.0.8
11673 verbose afterAdd /Users/andyporter/.npm/is-number-like/1.0.8/package/package.json not in flight; writing
11674 verbose correctMkdir /Users/andyporter/.npm correctMkdir not in flight; initializing
11675 verbose afterAdd /Users/andyporter/.npm/braces/3.0.3/package/package.json written
11676 verbose correctMkdir /Users/andyporter/.npm correctMkdir not in flight; initializing
11677 silly cache afterAdd @inquirer/figures@1.0.13
11678 verbose afterAdd /Users/andyporter/.npm/@inquirer/figures/1.0.13/package/package.json not in flight; writing
11679 verbose correctMkdir /Users/andyporter/.npm correctMkdir not in flight; initializing
11680 verbose afterAdd /Users/andyporter/.npm/depd/1.1.2/package/package.json written
11681 verbose afterAdd /Users/andyporter/.npm/es-set-tostringtag/2.1.0/package/package.json written
11682 silly gunzTarPerm extractEntry codes.json
11683 silly gunzTarPerm modified mode [ 'codes.json', 438, 420 ]
11684 silly gunzTarPerm extractEntry README.md
11685 silly gunzTarPerm modified mode [ 'README.md', 436, 420 ]
11686 http fetch 200 https://registry.npmjs.org/@types/node/-/node-10.17.60.tgz
11687 silly gunzTarPerm extractEntry dist/socket.io.esm.min.js
11688 silly gunzTarPerm extractEntry dist/socket.io.js
11689 silly cache afterAdd reusify@1.0.4
11690 verbose afterAdd /Users/andyporter/.npm/reusify/1.0.4/package/package.json not in flight; writing
11691 verbose correctMkdir /Users/andyporter/.npm correctMkdir not in flight; initializing
11692 verbose afterAdd /Users/andyporter/.npm/stream-throttle/0.1.3/package/package.json written
11693 silly gunzTarPerm extractEntry build/esm/transports/polling-fetch.js
11694 silly gunzTarPerm extractEntry build/cjs/transports/polling-xhr.js
11695 verbose correctMkdir /Users/andyporter/.npm correctMkdir not in flight; initializing
11696 verbose correctMkdir /Users/andyporter/.npm correctMkdir not in flight; initializing
11697 silly gunzTarPerm extractEntry README.md
11698 silly gunzTarPerm modified mode [ 'README.md', 438, 420 ]
11699 verbose correctMkdir /Users/andyporter/.npm correctMkdir not in flight; initializing
11700 silly gunzTarPerm extractEntry Readme.md
11701 silly gunzTarPerm extractEntry lib/browser/index.js
11702 silly gunzTarPerm extractEntry dist/govuk/components/file-upload/template-allows-multiple-files.html
11703 silly gunzTarPerm extractEntry dist/govuk/components/summary-list/template-as-a-summary-card-extreme.html
11704 silly gunzTarPerm extractEntry recipes/gulp.browserify/app/js/app.js
11705 silly gunzTarPerm extractEntry recipes/gulp.browserify/app/js/dist/.npmignore
11706 silly gunzTarPerm extractEntry source/asyncify.d.ts
11707 silly gunzTarPerm extractEntry base.d.ts
11708 silly gunzTarPerm extractEntry source/basic.d.ts
11709 silly gunzTarPerm extractEntry authors.txt
11710 silly gunzTarPerm extractEntry bower.json
11711 silly gunzTarPerm extractEntry test/recurse/a.js
11712 silly gunzTarPerm extractEntry test/recurse/b/1/bar.json
11713 silly cache afterAdd body-parser@1.20.4
11714 verbose afterAdd /Users/andyporter/.npm/body-parser/1.20.4/package/package.json not in flight; writing
11715 verbose correctMkdir /Users/andyporter/.npm correctMkdir not in flight; initializing
11716 verbose afterAdd /Users/andyporter/.npm/b4a/1.6.4/package/package.json written
11717 silly gunzTarPerm extractEntry
11718 silly gunzTarPerm extractEntry README.md
11719 silly cache afterAdd y18n@5.0.8
11720 verbose afterAdd /Users/andyporter/.npm/y18n/5.0.8/package/package.json not in flight; writing
11721 verbose correctMkdir /Users/andyporter/.npm correctMkdir not in flight; initializing
11722 silly cache afterAdd call-bound@1.0.4
11723 verbose afterAdd /Users/andyporter/.npm/call-bound/1.0.4/package/package.json not in flight; writing
11724 verbose correctMkdir /Users/andyporter/.npm correctMkdir not in flight; initializing
11725 verbose afterAdd /Users/andyporter/.npm/mime/1.6.0/package/package.json written
11726 verbose afterAdd /Users/andyporter/.npm/es-define-property/1.0.1/package/package.json written
11727 silly gunzTarPerm extractEntry ts41/camel-case.d.ts
11728 silly cache afterAdd picomatch@2.3.1
11729 verbose afterAdd /Users/andyporter/.npm/picomatch/2.3.1/package/package.json not in flight; writing
11730 verbose correctMkdir /Users/andyporter/.npm correctMkdir not in flight; initializing
11731 silly cache afterAdd dotenv@16.4.5
11732 verbose afterAdd /Users/andyporter/.npm/dotenv/16.4.5/package/package.json not in flight; writing
11733 verbose correctMkdir /Users/andyporter/.npm correctMkdir not in flight; initializing
11734 verbose afterAdd /Users/andyporter/.npm/undefsafe/2.0.5/package/package.json written
11735 verbose afterAdd /Users/andyporter/.npm/is-number-like/1.0.8/package/package.json written
11736 verbose correctMkdir /Users/andyporter/.npm correctMkdir not in flight; initializing
11737 silly gunzTarPerm extractEntry min.d.ts
11738 silly gunzTarPerm extractEntry mod.d.ts
11739 verbose afterAdd /Users/andyporter/.npm/@inquirer/figures/1.0.13/package/package.json written
11740 silly gunzTarPerm extractEntry
11741 silly gunzTarPerm extractEntry build/contrib/types.cookie.d.ts
11742 silly gunzTarPerm extractEntry build/userver.d.ts
11743 silly gunzTarPerm extractEntry _assignMergeValue.js
11744 silly gunzTarPerm extractEntry _assignValue.js
11745 silly gunzTarPerm extractEntry dist/esm/lib/use-keypress.js
11746 silly gunzTarPerm extractEntry dist/commonjs/lib/use-memo.js
11747 silly cache afterAdd mitt@1.2.0
11748 verbose afterAdd /Users/andyporter/.npm/mitt/1.2.0/package/package.json not in flight; writing
11749 verbose correctMkdir /Users/andyporter/.npm correctMkdir not in flight; initializing
11750 verbose afterAdd /Users/andyporter/.npm/reusify/1.0.4/package/package.json written
11751 silly fetchPackageMetaData cookie-signature@https://registry.npmjs.org/cookie-signature/-/cookie-signature-1.0.7.tgz
11752 silly fetchPackageMetaData depd@https://registry.npmjs.org/depd/-/depd-2.0.0.tgz
11753 silly fetchPackageMetaData safe-buffer@https://registry.npmjs.org/safe-buffer/-/safe-buffer-5.2.1.tgz
11754 silly gunzTarPerm extractEntry package.json
11755 silly gunzTarPerm extractEntry readme.markdown
11756 silly gunzTarPerm extractEntry source/conditional-except.d.ts
11757 silly gunzTarPerm extractEntry locales/fr.json
11758 silly gunzTarPerm extractEntry locales/hi.json
11759 silly fetchOtherPackageData cookie-signature@https://registry.npmjs.org/cookie-signature/-/cookie-signature-1.0.7.tgz
11760 silly cache add args [ 'cookie-signature@https://registry.npmjs.org/cookie-signature/-/cookie-signature-1.0.7.tgz',
11760 silly cache add   null ]
11761 verbose cache add spec cookie-signature@https://registry.npmjs.org/cookie-signature/-/cookie-signature-1.0.7.tgz
11762 silly fetchOtherPackageData depd@https://registry.npmjs.org/depd/-/depd-2.0.0.tgz
11763 silly cache add args [ 'depd@https://registry.npmjs.org/depd/-/depd-2.0.0.tgz',
11763 silly cache add   null ]
11764 verbose cache add spec depd@https://registry.npmjs.org/depd/-/depd-2.0.0.tgz
11765 silly fetchOtherPackageData safe-buffer@https://registry.npmjs.org/safe-buffer/-/safe-buffer-5.2.1.tgz
11766 silly cache add args [ 'safe-buffer@https://registry.npmjs.org/safe-buffer/-/safe-buffer-5.2.1.tgz',
11766 silly cache add   null ]
11767 verbose cache add spec safe-buffer@https://registry.npmjs.org/safe-buffer/-/safe-buffer-5.2.1.tgz
11768 silly gunzTarPerm extractEntry src/parser.js
11769 silly gunzTarPerm extractEntry src/precompile-global.js
11770 silly gunzTarPerm extractEntry dist/commonjs-browser/rng.js
11771 silly gunzTarPerm extractEntry dist/esm-browser/rng.js
11772 verbose correctMkdir /Users/andyporter/.npm correctMkdir not in flight; initializing
11773 silly cache afterAdd gopd@1.2.0
11774 verbose afterAdd /Users/andyporter/.npm/gopd/1.2.0/package/package.json not in flight; writing
11775 verbose correctMkdir /Users/andyporter/.npm correctMkdir not in flight; initializing
11776 verbose afterAdd /Users/andyporter/.npm/body-parser/1.20.4/package/package.json written
11777 verbose correctMkdir /Users/andyporter/.npm correctMkdir not in flight; initializing
11778 silly gunzTarPerm extractEntry lib/MemoryCache.js.flow
11779 silly gunzTarPerm extractEntry lib/Options.d.ts
11780 silly cache add parsed spec Result {
11780 silly cache add   raw: 'cookie-signature@https://registry.npmjs.org/cookie-signature/-/cookie-signature-1.0.7.tgz',
11780 silly cache add   scope: null,
11780 silly cache add   name: 'cookie-signature',
11780 silly cache add   rawSpec: 'https://registry.npmjs.org/cookie-signature/-/cookie-signature-1.0.7.tgz',
11780 silly cache add   spec: 'https://registry.npmjs.org/cookie-signature/-/cookie-signature-1.0.7.tgz',
11780 silly cache add   type: 'remote' }
11781 silly mapToRegistry name cookie-signature@https://registry.npmjs.org/cookie-signature/-/cookie-signature-1.0.7.tgz
11782 silly mapToRegistry using default registry
11783 silly mapToRegistry registry https://registry.npmjs.org/
11784 silly mapToRegistry data Result {
11784 silly mapToRegistry   raw: 'cookie-signature@https://registry.npmjs.org/cookie-signature/-/cookie-signature-1.0.7.tgz',
11784 silly mapToRegistry   scope: null,
11784 silly mapToRegistry   name: 'cookie-signature',
11784 silly mapToRegistry   rawSpec: 'https://registry.npmjs.org/cookie-signature/-/cookie-signature-1.0.7.tgz',
11784 silly mapToRegistry   spec: 'https://registry.npmjs.org/cookie-signature/-/cookie-signature-1.0.7.tgz',
11784 silly mapToRegistry   type: 'remote' }
11785 silly mapToRegistry uri https://registry.npmjs.org/cookie-signature/-/cookie-signature-1.0.7.tgz
11786 verbose addRemoteTarball https://registry.npmjs.org/cookie-signature/-/cookie-signature-1.0.7.tgz not in flight; adding
11787 verbose addRemoteTarball [ 'https://registry.npmjs.org/cookie-signature/-/cookie-signature-1.0.7.tgz',
11787 verbose addRemoteTarball   null ]
11788 silly cache add parsed spec Result {
11788 silly cache add   raw: 'depd@https://registry.npmjs.org/depd/-/depd-2.0.0.tgz',
11788 silly cache add   scope: null,
11788 silly cache add   name: 'depd',
11788 silly cache add   rawSpec: 'https://registry.npmjs.org/depd/-/depd-2.0.0.tgz',
11788 silly cache add   spec: 'https://registry.npmjs.org/depd/-/depd-2.0.0.tgz',
11788 silly cache add   type: 'remote' }
11789 silly mapToRegistry name depd@https://registry.npmjs.org/depd/-/depd-2.0.0.tgz
11790 silly mapToRegistry using default registry
11791 silly mapToRegistry registry https://registry.npmjs.org/
11792 silly mapToRegistry data Result {
11792 silly mapToRegistry   raw: 'depd@https://registry.npmjs.org/depd/-/depd-2.0.0.tgz',
11792 silly mapToRegistry   scope: null,
11792 silly mapToRegistry   name: 'depd',
11792 silly mapToRegistry   rawSpec: 'https://registry.npmjs.org/depd/-/depd-2.0.0.tgz',
11792 silly mapToRegistry   spec: 'https://registry.npmjs.org/depd/-/depd-2.0.0.tgz',
11792 silly mapToRegistry   type: 'remote' }
11793 silly mapToRegistry uri https://registry.npmjs.org/depd/-/depd-2.0.0.tgz
11794 verbose addRemoteTarball https://registry.npmjs.org/depd/-/depd-2.0.0.tgz already in flight; waiting
11795 silly cache add parsed spec Result {
11795 silly cache add   raw: 'safe-buffer@https://registry.npmjs.org/safe-buffer/-/safe-buffer-5.2.1.tgz',
11795 silly cache add   scope: null,
11795 silly cache add   name: 'safe-buffer',
11795 silly cache add   rawSpec: 'https://registry.npmjs.org/safe-buffer/-/safe-buffer-5.2.1.tgz',
11795 silly cache add   spec: 'https://registry.npmjs.org/safe-buffer/-/safe-buffer-5.2.1.tgz',
11795 silly cache add   type: 'remote' }
11796 silly mapToRegistry name safe-buffer@https://registry.npmjs.org/safe-buffer/-/safe-buffer-5.2.1.tgz
11797 silly mapToRegistry using default registry
11798 silly mapToRegistry registry https://registry.npmjs.org/
11799 silly mapToRegistry data Result {
11799 silly mapToRegistry   raw: 'safe-buffer@https://registry.npmjs.org/safe-buffer/-/safe-buffer-5.2.1.tgz',
11799 silly mapToRegistry   scope: null,
11799 silly mapToRegistry   name: 'safe-buffer',
11799 silly mapToRegistry   rawSpec: 'https://registry.npmjs.org/safe-buffer/-/safe-buffer-5.2.1.tgz',
11799 silly mapToRegistry   spec: 'https://registry.npmjs.org/safe-buffer/-/safe-buffer-5.2.1.tgz',
11799 silly mapToRegistry   type: 'remote' }
11800 silly mapToRegistry uri https://registry.npmjs.org/safe-buffer/-/safe-buffer-5.2.1.tgz
11801 verbose addRemoteTarball https://registry.npmjs.org/safe-buffer/-/safe-buffer-5.2.1.tgz already in flight; waiting
11802 silly gunzTarPerm extractEntry polyfill-done.js
11803 silly gunzTarPerm extractEntry polyfill.js
11804 silly gunzTarPerm extractEntry sync.js
11805 verbose correctMkdir /Users/andyporter/.npm correctMkdir not in flight; initializing
11806 verbose afterAdd /Users/andyporter/.npm/call-bound/1.0.4/package/package.json written
11807 verbose afterAdd /Users/andyporter/.npm/y18n/5.0.8/package/package.json written
11808 silly gunzTarPerm extractEntry dist/file-event-handler.js
11809 silly gunzTarPerm extractEntry dist/file-utils.js
11810 verbose correctMkdir /Users/andyporter/.npm correctMkdir not in flight; initializing
11811 verbose correctMkdir /Users/andyporter/.npm correctMkdir not in flight; initializing
11812 silly gunzTarPerm extractEntry dist/socket.io.min.js
11813 verbose afterAdd /Users/andyporter/.npm/picomatch/2.3.1/package/package.json written
11814 verbose afterAdd /Users/andyporter/.npm/dotenv/16.4.5/package/package.json written
11815 silly gunzTarPerm extractEntry recipes/gulp.browserify/app/js/dist/bundle.js.map
11816 silly gunzTarPerm extractEntry recipes/gulp.browserify/desc.md
11817 silly gunzTarPerm extractEntry build/esm-debug/transports/polling-xhr.js
11818 silly gunzTarPerm extractEntry build/esm/transports/polling-xhr.js
11819 info retry fetch attempt 1 at 6:28:00 PM
11820 info attempt registry request try #1 at 6:28:00 PM
11821 http fetch GET https://registry.npmjs.org/cookie-signature/-/cookie-signature-1.0.7.tgz
11822 silly gunzTarPerm extractEntry code-of-conduct.md
11823 silly gunzTarPerm modified mode [ 'code-of-conduct.md', 384, 420 ]
11824 silly gunzTarPerm extractEntry .coveralls.yml
11825 verbose correctMkdir /Users/andyporter/.npm correctMkdir not in flight; initializing
11826 silly gunzTarPerm extractEntry test/recurse/b/1/foo.js
11827 silly gunzTarPerm extractEntry test/recurse/b/2/baz.txt
11828 silly cache afterAdd function-bind@1.1.2
11829 verbose afterAdd /Users/andyporter/.npm/function-bind/1.1.2/package/package.json not in flight; writing
11830 verbose correctMkdir /Users/andyporter/.npm correctMkdir not in flight; initializing
11831 silly gunzTarPerm extractEntry dist/socket.io.msgpack.min.js
11832 silly cache afterAdd @inquirer/confirm@5.1.15
11833 verbose afterAdd /Users/andyporter/.npm/@inquirer/confirm/5.1.15/package/package.json not in flight; writing
11834 verbose correctMkdir /Users/andyporter/.npm correctMkdir not in flight; initializing
11835 verbose afterAdd /Users/andyporter/.npm/mitt/1.2.0/package/package.json written
11836 silly gunzTarPerm extractEntry client-dist/socket.io.msgpack.min.js.map
11837 silly gunzTarPerm extractEntry dist/govuk/components/summary-list/template-as-a-summary-card-with-a-custom-header-level.html
11838 silly gunzTarPerm extractEntry dist/govuk/components/summary-list/template-as-a-summary-card-with-a-html-header.html
11839 verbose afterAdd /Users/andyporter/.npm/gopd/1.2.0/package/package.json written
11840 verbose correctMkdir /Users/andyporter/.npm correctMkdir not in flight; initializing
11841 verbose correctMkdir /Users/andyporter/.npm correctMkdir not in flight; initializing
11842 silly gunzTarPerm extractEntry pow.d.ts
11843 silly gunzTarPerm extractEntry round.d.ts
11844 silly gunzTarPerm extractEntry
11845 silly gunzTarPerm extractEntry
11846 silly gunzTarPerm extractEntry source/conditional-keys.d.ts
11847 silly gunzTarPerm extractEntry source/conditional-pick.d.ts
11848 silly fetchAndShaCheck shasum 706b7ff6084664cd7eae713f6f965433b5504221
11849 verbose addTmpTarball /var/folders/_4/7hgy5s8d1493hmmc5xj976900000gq/T/npm-47481-492c5c41/registry.npmjs.org/async/-/async-2.6.4.tgz not in flight; adding
11850 verbose correctMkdir /Users/andyporter/.npm correctMkdir not in flight; initializing
11851 verbose addTmpTarball validating metadata from /var/folders/_4/7hgy5s8d1493hmmc5xj976900000gq/T/npm-47481-492c5c41/registry.npmjs.org/async/-/async-2.6.4.tgz
11852 verbose tar unpack /var/folders/_4/7hgy5s8d1493hmmc5xj976900000gq/T/npm-47481-492c5c41/registry.npmjs.org/async/-/async-2.6.4.tgz
11853 verbose tar unpacking to /var/folders/_4/7hgy5s8d1493hmmc5xj976900000gq/T/npm-47481-492c5c41/unpack-77ff6e48
11854 silly gentlyRm /var/folders/_4/7hgy5s8d1493hmmc5xj976900000gq/T/npm-47481-492c5c41/unpack-77ff6e48 is being purged
11855 verbose gentlyRm don't care about contents; nuking /var/folders/_4/7hgy5s8d1493hmmc5xj976900000gq/T/npm-47481-492c5c41/unpack-77ff6e48
11856 silly gunzTarPerm extractEntry build/parser-v3/utf8.d.ts
11857 silly gunzTarPerm extractEntry build/transports-uws/websocket.d.ts
11858 http fetch 200 https://registry.npmjs.org/cookie-signature/-/cookie-signature-1.0.7.tgz
11859 silly gunzTarPerm extractEntry _assocIndexOf.js
11860 silly gunzTarPerm extractEntry _baseAggregator.js
11861 silly cache afterAdd limiter@1.1.5
11862 verbose afterAdd /Users/andyporter/.npm/limiter/1.1.5/package/package.json not in flight; writing
11863 verbose correctMkdir /Users/andyporter/.npm correctMkdir not in flight; initializing
11864 silly gunzTarPerm modes [ '755', '644' ]
11865 silly gunzTarPerm extractEntry dist/esm/lib/use-memo.js
11866 silly gunzTarPerm extractEntry dist/commonjs/lib/pagination/use-pagination.js
11867 silly gunzTarPerm extractEntry CHANGELOG.md
11868 silly gunzTarPerm extractEntry .github/FUNDING.yml
11869 silly cache afterAdd @parcel/watcher-darwin-arm64@2.5.1
11870 verbose afterAdd /Users/andyporter/.npm/@parcel/watcher-darwin-arm64/2.5.1/package/package.json not in flight; writing
11871 verbose correctMkdir /Users/andyporter/.npm correctMkdir not in flight; initializing
11872 silly gunzTarPerm extractEntry dist/esm-node/rng.js
11873 silly gunzTarPerm extractEntry dist/rng.js
11874 silly cache afterAdd side-channel@1.1.0
11875 verbose afterAdd /Users/andyporter/.npm/side-channel/1.1.0/package/package.json not in flight; writing
11876 verbose correctMkdir /Users/andyporter/.npm correctMkdir not in flight; initializing
11877 silly gunzTarPerm extractEntry locales/hu.json
11878 silly gunzTarPerm extractEntry locales/id.json
11879 verbose afterAdd /Users/andyporter/.npm/function-bind/1.1.2/package/package.json written
11880 verbose afterAdd /Users/andyporter/.npm/@inquirer/confirm/5.1.15/package/package.json written
11881 silly fetchPackageMetaData depd@https://registry.npmjs.org/depd/-/depd-2.0.0.tgz
11882 silly fetchPackageMetaData http-errors@https://registry.npmjs.org/http-errors/-/http-errors-2.0.1.tgz
11883 silly fetchPackageMetaData inherits@https://registry.npmjs.org/inherits/-/inherits-2.0.4.tgz
11884 silly fetchPackageMetaData on-finished@https://registry.npmjs.org/on-finished/-/on-finished-2.4.1.tgz
11885 silly fetchPackageMetaData statuses@https://registry.npmjs.org/statuses/-/statuses-2.0.2.tgz
11886 silly gunzTarPerm extractEntry templates/directives/bs-switch.html
11887 silly gunzTarPerm extractEntry static/components/button-bars.html
11888 silly gunzTarPerm extractEntry src/precompile.js
11889 silly gunzTarPerm extractEntry src/precompiled-loader.js
11890 silly fetchOtherPackageData depd@https://registry.npmjs.org/depd/-/depd-2.0.0.tgz
11891 silly cache add args [ 'depd@https://registry.npmjs.org/depd/-/depd-2.0.0.tgz',
11891 silly cache add   null ]
11892 verbose cache add spec depd@https://registry.npmjs.org/depd/-/depd-2.0.0.tgz
11893 silly fetchOtherPackageData http-errors@https://registry.npmjs.org/http-errors/-/http-errors-2.0.1.tgz
11894 silly cache add args [ 'http-errors@https://registry.npmjs.org/http-errors/-/http-errors-2.0.1.tgz',
11894 silly cache add   null ]
11895 verbose cache add spec http-errors@https://registry.npmjs.org/http-errors/-/http-errors-2.0.1.tgz
11896 silly fetchOtherPackageData inherits@https://registry.npmjs.org/inherits/-/inherits-2.0.4.tgz
11897 silly cache add args [ 'inherits@https://registry.npmjs.org/inherits/-/inherits-2.0.4.tgz',
11897 silly cache add   null ]
11898 verbose cache add spec inherits@https://registry.npmjs.org/inherits/-/inherits-2.0.4.tgz
11899 silly fetchOtherPackageData on-finished@https://registry.npmjs.org/on-finished/-/on-finished-2.4.1.tgz
11900 silly cache add args [ 'on-finished@https://registry.npmjs.org/on-finished/-/on-finished-2.4.1.tgz',
11900 silly cache add   null ]
11901 verbose cache add spec on-finished@https://registry.npmjs.org/on-finished/-/on-finished-2.4.1.tgz
11902 silly fetchOtherPackageData statuses@https://registry.npmjs.org/statuses/-/statuses-2.0.2.tgz
11903 silly cache add args [ 'statuses@https://registry.npmjs.org/statuses/-/statuses-2.0.2.tgz',
11903 silly cache add   null ]
11904 verbose cache add spec statuses@https://registry.npmjs.org/statuses/-/statuses-2.0.2.tgz
11905 silly gunzTarPerm extractEntry lib/Options.js
11906 silly gunzTarPerm extractEntry lib/Options.js.flow
11907 silly gunzTarPerm extractEntry
11908 silly gunzTarPerm extractEntry domains/rejection-tracking.js
11909 silly gunzTarPerm extractEntry lib/rejection-tracking.js
11910 silly gunzTarPerm extractEntry package.json
11911 silly gunzTarPerm extractEntry README.md
11912 silly gunzTarPerm extractEntry test/recurse/c/3.json
11913 silly gunzTarPerm extractEntry test/simple.js
11914 silly cache afterAdd socket.io-adapter@2.5.5
11915 verbose afterAdd /Users/andyporter/.npm/socket.io-adapter/2.5.5/package/package.json not in flight; writing
11916 verbose correctMkdir /Users/andyporter/.npm correctMkdir not in flight; initializing
11917 verbose correctMkdir /Users/andyporter/.npm correctMkdir not in flight; initializing
11918 silly cache afterAdd @parcel/watcher-darwin-x64@2.5.1
11919 verbose afterAdd /Users/andyporter/.npm/@parcel/watcher-darwin-x64/2.5.1/package/package.json not in flight; writing
11920 verbose correctMkdir /Users/andyporter/.npm correctMkdir not in flight; initializing
11921 silly fetchAndShaCheck shasum 35f3d6213daed95da7f0f73e75bcc6980e90597b
11922 verbose addTmpTarball /var/folders/_4/7hgy5s8d1493hmmc5xj976900000gq/T/npm-47481-492c5c41/registry.npmjs.org/_40types/node/-/node-10.17.60.tgz not in flight; adding
11923 verbose correctMkdir /Users/andyporter/.npm correctMkdir not in flight; initializing
11924 verbose addTmpTarball validating metadata from /var/folders/_4/7hgy5s8d1493hmmc5xj976900000gq/T/npm-47481-492c5c41/registry.npmjs.org/_40types/node/-/node-10.17.60.tgz
11925 verbose tar unpack /var/folders/_4/7hgy5s8d1493hmmc5xj976900000gq/T/npm-47481-492c5c41/registry.npmjs.org/_40types/node/-/node-10.17.60.tgz
11926 verbose tar unpacking to /var/folders/_4/7hgy5s8d1493hmmc5xj976900000gq/T/npm-47481-492c5c41/unpack-a5aaf662
11927 silly gentlyRm /var/folders/_4/7hgy5s8d1493hmmc5xj976900000gq/T/npm-47481-492c5c41/unpack-a5aaf662 is being purged
11928 verbose gentlyRm don't care about contents; nuking /var/folders/_4/7hgy5s8d1493hmmc5xj976900000gq/T/npm-47481-492c5c41/unpack-a5aaf662
11929 silly gunzTarPerm extractEntry dist/file-watcher.js
11930 silly gunzTarPerm extractEntry dist/cli/transforms/handleExtensionsOption.js
11931 silly cache add parsed spec Result {
11931 silly cache add   raw: 'depd@https://registry.npmjs.org/depd/-/depd-2.0.0.tgz',
11931 silly cache add   scope: null,
11931 silly cache add   name: 'depd',
11931 silly cache add   rawSpec: 'https://registry.npmjs.org/depd/-/depd-2.0.0.tgz',
11931 silly cache add   spec: 'https://registry.npmjs.org/depd/-/depd-2.0.0.tgz',
11931 silly cache add   type: 'remote' }
11932 silly mapToRegistry name depd@https://registry.npmjs.org/depd/-/depd-2.0.0.tgz
11933 silly mapToRegistry using default registry
11934 silly mapToRegistry registry https://registry.npmjs.org/
11935 silly mapToRegistry data Result {
11935 silly mapToRegistry   raw: 'depd@https://registry.npmjs.org/depd/-/depd-2.0.0.tgz',
11935 silly mapToRegistry   scope: null,
11935 silly mapToRegistry   name: 'depd',
11935 silly mapToRegistry   rawSpec: 'https://registry.npmjs.org/depd/-/depd-2.0.0.tgz',
11935 silly mapToRegistry   spec: 'https://registry.npmjs.org/depd/-/depd-2.0.0.tgz',
11935 silly mapToRegistry   type: 'remote' }
11936 silly mapToRegistry uri https://registry.npmjs.org/depd/-/depd-2.0.0.tgz
11937 verbose addRemoteTarball https://registry.npmjs.org/depd/-/depd-2.0.0.tgz already in flight; waiting
11938 silly cache add parsed spec Result {
11938 silly cache add   raw: 'http-errors@https://registry.npmjs.org/http-errors/-/http-errors-2.0.1.tgz',
11938 silly cache add   scope: null,
11938 silly cache add   name: 'http-errors',
11938 silly cache add   rawSpec: 'https://registry.npmjs.org/http-errors/-/http-errors-2.0.1.tgz',
11938 silly cache add   spec: 'https://registry.npmjs.org/http-errors/-/http-errors-2.0.1.tgz',
11938 silly cache add   type: 'remote' }
11939 silly mapToRegistry name http-errors@https://registry.npmjs.org/http-errors/-/http-errors-2.0.1.tgz
11940 silly mapToRegistry using default registry
11941 silly mapToRegistry registry https://registry.npmjs.org/
11942 silly mapToRegistry data Result {
11942 silly mapToRegistry   raw: 'http-errors@https://registry.npmjs.org/http-errors/-/http-errors-2.0.1.tgz',
11942 silly mapToRegistry   scope: null,
11942 silly mapToRegistry   name: 'http-errors',
11942 silly mapToRegistry   rawSpec: 'https://registry.npmjs.org/http-errors/-/http-errors-2.0.1.tgz',
11942 silly mapToRegistry   spec: 'https://registry.npmjs.org/http-errors/-/http-errors-2.0.1.tgz',
11942 silly mapToRegistry   type: 'remote' }
11943 silly mapToRegistry uri https://registry.npmjs.org/http-errors/-/http-errors-2.0.1.tgz
11944 verbose addRemoteTarball https://registry.npmjs.org/http-errors/-/http-errors-2.0.1.tgz already in flight; waiting
11945 silly cache add parsed spec Result {
11945 silly cache add   raw: 'inherits@https://registry.npmjs.org/inherits/-/inherits-2.0.4.tgz',
11945 silly cache add   scope: null,
11945 silly cache add   name: 'inherits',
11945 silly cache add   rawSpec: 'https://registry.npmjs.org/inherits/-/inherits-2.0.4.tgz',
11945 silly cache add   spec: 'https://registry.npmjs.org/inherits/-/inherits-2.0.4.tgz',
11945 silly cache add   type: 'remote' }
11946 silly mapToRegistry name inherits@https://registry.npmjs.org/inherits/-/inherits-2.0.4.tgz
11947 silly mapToRegistry using default registry
11948 silly mapToRegistry registry https://registry.npmjs.org/
11949 silly mapToRegistry data Result {
11949 silly mapToRegistry   raw: 'inherits@https://registry.npmjs.org/inherits/-/inherits-2.0.4.tgz',
11949 silly mapToRegistry   scope: null,
11949 silly mapToRegistry   name: 'inherits',
11949 silly mapToRegistry   rawSpec: 'https://registry.npmjs.org/inherits/-/inherits-2.0.4.tgz',
11949 silly mapToRegistry   spec: 'https://registry.npmjs.org/inherits/-/inherits-2.0.4.tgz',
11949 silly mapToRegistry   type: 'remote' }
11950 silly mapToRegistry uri https://registry.npmjs.org/inherits/-/inherits-2.0.4.tgz
11951 verbose addRemoteTarball https://registry.npmjs.org/inherits/-/inherits-2.0.4.tgz already in flight; waiting
11952 silly cache add parsed spec Result {
11952 silly cache add   raw: 'on-finished@https://registry.npmjs.org/on-finished/-/on-finished-2.4.1.tgz',
11952 silly cache add   scope: null,
11952 silly cache add   name: 'on-finished',
11952 silly cache add   rawSpec: 'https://registry.npmjs.org/on-finished/-/on-finished-2.4.1.tgz',
11952 silly cache add   spec: 'https://registry.npmjs.org/on-finished/-/on-finished-2.4.1.tgz',
11952 silly cache add   type: 'remote' }
11953 silly mapToRegistry name on-finished@https://registry.npmjs.org/on-finished/-/on-finished-2.4.1.tgz
11954 silly mapToRegistry using default registry
11955 silly mapToRegistry registry https://registry.npmjs.org/
11956 silly mapToRegistry data Result {
11956 silly mapToRegistry   raw: 'on-finished@https://registry.npmjs.org/on-finished/-/on-finished-2.4.1.tgz',
11956 silly mapToRegistry   scope: null,
11956 silly mapToRegistry   name: 'on-finished',
11956 silly mapToRegistry   rawSpec: 'https://registry.npmjs.org/on-finished/-/on-finished-2.4.1.tgz',
11956 silly mapToRegistry   spec: 'https://registry.npmjs.org/on-finished/-/on-finished-2.4.1.tgz',
11956 silly mapToRegistry   type: 'remote' }
11957 silly mapToRegistry uri https://registry.npmjs.org/on-finished/-/on-finished-2.4.1.tgz
11958 verbose addRemoteTarball https://registry.npmjs.org/on-finished/-/on-finished-2.4.1.tgz already in flight; waiting
11959 silly cache add parsed spec Result {
11959 silly cache add   raw: 'statuses@https://registry.npmjs.org/statuses/-/statuses-2.0.2.tgz',
11959 silly cache add   scope: null,
11959 silly cache add   name: 'statuses',
11959 silly cache add   rawSpec: 'https://registry.npmjs.org/statuses/-/statuses-2.0.2.tgz',
11959 silly cache add   spec: 'https://registry.npmjs.org/statuses/-/statuses-2.0.2.tgz',
11959 silly cache add   type: 'remote' }
11960 silly mapToRegistry name statuses@https://registry.npmjs.org/statuses/-/statuses-2.0.2.tgz
11961 silly mapToRegistry using default registry
11962 silly mapToRegistry registry https://registry.npmjs.org/
11963 silly mapToRegistry data Result {
11963 silly mapToRegistry   raw: 'statuses@https://registry.npmjs.org/statuses/-/statuses-2.0.2.tgz',
11963 silly mapToRegistry   scope: null,
11963 silly mapToRegistry   name: 'statuses',
11963 silly mapToRegistry   rawSpec: 'https://registry.npmjs.org/statuses/-/statuses-2.0.2.tgz',
11963 silly mapToRegistry   spec: 'https://registry.npmjs.org/statuses/-/statuses-2.0.2.tgz',
11963 silly mapToRegistry   type: 'remote' }
11964 silly mapToRegistry uri https://registry.npmjs.org/statuses/-/statuses-2.0.2.tgz
11965 verbose addRemoteTarball https://registry.npmjs.org/statuses/-/statuses-2.0.2.tgz already in flight; waiting
11966 silly gunzTarPerm extractEntry recipes/gulp.browserify/readme.md
11967 silly gunzTarPerm extractEntry recipes/gulp.pug/package.json
11968 verbose correctMkdir /Users/andyporter/.npm correctMkdir not in flight; initializing
11969 silly gunzTarPerm extractEntry build/cjs/socket.js
11970 silly gunzTarPerm extractEntry build/esm-debug/socket.js
11971 verbose correctMkdir /Users/andyporter/.npm correctMkdir not in flight; initializing
11972 silly gunzTarPerm modes [ '755', '644' ]
11973 silly gunzTarPerm extractEntry build/cjs/transports/polling-xhr.node.js
11974 silly gunzTarPerm extractEntry build/esm-debug/transports/polling-xhr.node.js
11975 silly gunzTarPerm extractEntry contributing.md
11976 silly gunzTarPerm modified mode [ 'contributing.md', 384, 420 ]
11977 silly cache afterAdd side-channel-weakmap@1.0.2
11978 verbose afterAdd /Users/andyporter/.npm/side-channel-weakmap/1.0.2/package/package.json not in flight; writing
11979 verbose correctMkdir /Users/andyporter/.npm correctMkdir not in flight; initializing
11980 verbose afterAdd /Users/andyporter/.npm/limiter/1.1.5/package/package.json written
11981 silly gunzTarPerm extractEntry dist/govuk/components/summary-list/template-as-a-summary-card-with-a-text-header.html
11982 silly gunzTarPerm extractEntry dist/govuk/components/summary-list/template-as-a-summary-card-with-actions-plus-summary-list-actions.html
11983 silly gunzTarPerm extractEntry
11984 silly cache afterAdd pstree.remy@1.1.8
11985 verbose afterAdd /Users/andyporter/.npm/pstree.remy/1.1.8/package/package.json not in flight; writing
11986 verbose correctMkdir /Users/andyporter/.npm correctMkdir not in flight; initializing
11987 silly cache afterAdd side-channel-map@1.0.1
11988 verbose afterAdd /Users/andyporter/.npm/side-channel-map/1.0.1/package/package.json not in flight; writing
11989 verbose correctMkdir /Users/andyporter/.npm correctMkdir not in flight; initializing
11990 verbose afterAdd /Users/andyporter/.npm/@parcel/watcher-darwin-arm64/2.5.1/package/package.json written
11991 verbose afterAdd /Users/andyporter/.npm/side-channel/1.1.0/package/package.json written
11992 silly gunzTarPerm extractEntry LICENSE
11993 silly gunzTarPerm extractEntry sign.d.ts
11994 silly gunzTarPerm extractEntry .github/FUNDING.yml
11995 verbose correctMkdir /Users/andyporter/.npm correctMkdir not in flight; initializing
11996 silly gunzTarPerm extractEntry _baseAssign.js
11997 silly gunzTarPerm extractEntry _baseAssignIn.js
11998 silly fetchAndShaCheck shasum ab5dd7ab757c54e60f37ef6550f481c426d10454
11999 verbose addTmpTarball /var/folders/_4/7hgy5s8d1493hmmc5xj976900000gq/T/npm-47481-492c5c41/registry.npmjs.org/cookie-signature/-/cookie-signature-1.0.7.tgz not in flight; adding
12000 verbose correctMkdir /Users/andyporter/.npm correctMkdir not in flight; initializing
12001 verbose addTmpTarball validating metadata from /var/folders/_4/7hgy5s8d1493hmmc5xj976900000gq/T/npm-47481-492c5c41/registry.npmjs.org/cookie-signature/-/cookie-signature-1.0.7.tgz
12002 verbose tar unpack /var/folders/_4/7hgy5s8d1493hmmc5xj976900000gq/T/npm-47481-492c5c41/registry.npmjs.org/cookie-signature/-/cookie-signature-1.0.7.tgz
12003 verbose tar unpacking to /var/folders/_4/7hgy5s8d1493hmmc5xj976900000gq/T/npm-47481-492c5c41/unpack-5b405010
12004 silly gentlyRm /var/folders/_4/7hgy5s8d1493hmmc5xj976900000gq/T/npm-47481-492c5c41/unpack-5b405010 is being purged
12005 verbose gentlyRm don't care about contents; nuking /var/folders/_4/7hgy5s8d1493hmmc5xj976900000gq/T/npm-47481-492c5c41/unpack-5b405010
12006 verbose afterAdd /Users/andyporter/.npm/socket.io-adapter/2.5.5/package/package.json written
12007 verbose afterAdd /Users/andyporter/.npm/@parcel/watcher-darwin-x64/2.5.1/package/package.json written
12008 silly gunzTarPerm extractEntry build/transports/websocket.d.ts
12009 silly gunzTarPerm extractEntry build/transports/webtransport.d.ts
12010 silly gunzTarPerm extractEntry static/components/buttons.html
12011 silly gunzTarPerm extractEntry static/components.html
12012 verbose correctMkdir /Users/andyporter/.npm correctMkdir not in flight; initializing
12013 silly gunzTarPerm modes [ '755', '644' ]
12014 silly gunzTarPerm extractEntry dist/sha1-browser.js
12015 silly gunzTarPerm extractEntry dist/commonjs-browser/sha1.js
12016 silly cache afterAdd @parcel/watcher-android-arm64@2.5.1
12017 verbose afterAdd /Users/andyporter/.npm/@parcel/watcher-android-arm64/2.5.1/package/package.json not in flight; writing
12018 verbose correctMkdir /Users/andyporter/.npm correctMkdir not in flight; initializing
12019 silly gunzTarPerm extractEntry locales/it.json
12020 silly gunzTarPerm extractEntry locales/ja.json
12021 silly gunzTarPerm extractEntry dist/esm/lib/pagination/use-pagination.js
12022 silly gunzTarPerm extractEntry dist/commonjs/lib/use-prefix.js
12023 silly cache afterAdd @parcel/watcher-linux-arm64-glibc@2.5.1
12024 verbose afterAdd /Users/andyporter/.npm/@parcel/watcher-linux-arm64-glibc/2.5.1/package/package.json not in flight; writing
12025 verbose correctMkdir /Users/andyporter/.npm correctMkdir not in flight; initializing
12026 silly gunzTarPerm extractEntry ts41/delimiter-case.d.ts
12027 silly gunzTarPerm extractEntry source/entries.d.ts
12028 verbose afterAdd /Users/andyporter/.npm/side-channel-weakmap/1.0.2/package/package.json written
12029 silly gunzTarPerm extractEntry Readme.md
12030 silly gunzTarPerm extractEntry all.js
12031 silly gunzTarPerm extractEntry allLimit.js
12032 silly gunzTarPerm extractEntry LICENSE
12033 silly gunzTarPerm modified mode [ 'LICENSE', 511, 493 ]
12034 verbose correctMkdir /Users/andyporter/.npm correctMkdir not in flight; initializing
12035 silly cache afterAdd dev-ip@1.0.1
12036 verbose afterAdd /Users/andyporter/.npm/dev-ip/1.0.1/package/package.json not in flight; writing
12037 verbose correctMkdir /Users/andyporter/.npm correctMkdir not in flight; initializing
12038 verbose afterAdd /Users/andyporter/.npm/pstree.remy/1.1.8/package/package.json written
12039 verbose afterAdd /Users/andyporter/.npm/side-channel-map/1.0.1/package/package.json written
12040 silly gunzTarPerm extractEntry src/runtime.js
12041 silly gunzTarPerm extractEntry src/tests.js
12042 verbose correctMkdir /Users/andyporter/.npm correctMkdir not in flight; initializing
12043 silly gunzTarPerm extractEntry recipes/gulp.pug/.npmignore
12044 silly gunzTarPerm extractEntry recipes/gulp.pug/gulpfile.js
12045 silly gunzTarPerm extractEntry setimmediate/rejection-tracking.js
12046 silly gunzTarPerm extractEntry src/rejection-tracking.js
12047 silly gunzTarPerm extractEntry dist/cli/transforms/handleFilesOption.js
12048 silly gunzTarPerm extractEntry dist/cli/transforms/handleGhostModeOption.js
12049 silly gunzTarPerm extractEntry dist/govuk/components/summary-list/template-as-a-summary-card-with-actions.html
12050 silly gunzTarPerm extractEntry dist/govuk/components/fieldset/template-as-page-heading-l.html
12051 silly gunzTarPerm extractEntry build/esm/transports/polling-xhr.node.js
12052 silly gunzTarPerm extractEntry build/cjs/transports/polling.js
12053 silly gunzTarPerm extractEntry
12054 silly cache afterAdd @parcel/watcher-linux-arm-glibc@2.5.1
12055 verbose afterAdd /Users/andyporter/.npm/@parcel/watcher-linux-arm-glibc/2.5.1/package/package.json not in flight; writing
12056 verbose correctMkdir /Users/andyporter/.npm correctMkdir not in flight; initializing
12057 silly gunzTarPerm extractEntry test/simple/a.js
12058 silly gunzTarPerm extractEntry test/simple/b.json
12059 silly gunzTarPerm extractEntry dist/rx.aggregates.js
12060 silly gunzTarPerm extractEntry dist/rx.binding.min.js
12061 silly gunzTarPerm extractEntry build/esm/socket.js
12062 silly gunzTarPerm extractEntry build/cjs/url.js
12063 verbose afterAdd /Users/andyporter/.npm/@parcel/watcher-android-arm64/2.5.1/package/package.json written
12064 silly gunzTarPerm extractEntry README.md
12065 silly gunzTarPerm modified mode [ 'README.md', 511, 493 ]
12066 silly gunzTarPerm extractEntry assert.d.ts
12067 silly gunzTarPerm modified mode [ 'assert.d.ts', 511, 493 ]
12068 silly cache afterAdd side-channel-list@1.0.0
12069 verbose afterAdd /Users/andyporter/.npm/side-channel-list/1.0.0/package/package.json not in flight; writing
12070 verbose correctMkdir /Users/andyporter/.npm correctMkdir not in flight; initializing
12071 verbose afterAdd /Users/andyporter/.npm/@parcel/watcher-linux-arm64-glibc/2.5.1/package/package.json written
12072 silly gunzTarPerm extractEntry index.js
12073 verbose afterAdd /Users/andyporter/.npm/dev-ip/1.0.1/package/package.json written
12074 silly fetchPackageMetaData debug@https://registry.npmjs.org/debug/-/debug-4.3.7.tgz
12075 silly fetchPackageMetaData ms@https://registry.npmjs.org/ms/-/ms-2.1.3.tgz
12076 silly cache afterAdd @parcel/watcher-linux-arm64-musl@2.5.1
12077 verbose afterAdd /Users/andyporter/.npm/@parcel/watcher-linux-arm64-musl/2.5.1/package/package.json not in flight; writing
12078 verbose correctMkdir /Users/andyporter/.npm correctMkdir not in flight; initializing
12079 silly cache afterAdd @parcel/watcher-linux-arm-musl@2.5.1
12080 verbose afterAdd /Users/andyporter/.npm/@parcel/watcher-linux-arm-musl/2.5.1/package/package.json not in flight; writing
12081 verbose correctMkdir /Users/andyporter/.npm correctMkdir not in flight; initializing
12082 silly cache afterAdd sync-rpc@1.3.6
12083 verbose afterAdd /Users/andyporter/.npm/sync-rpc/1.3.6/package/package.json not in flight; writing
12084 verbose correctMkdir /Users/andyporter/.npm correctMkdir not in flight; initializing
12085 silly gunzTarPerm extractEntry
12086 silly gunzTarPerm extractEntry _baseAssignValue.js
12087 silly gunzTarPerm extractEntry _baseAt.js
12088 silly cache afterAdd @parcel/watcher-win32-ia32@2.5.1
12089 verbose afterAdd /Users/andyporter/.npm/@parcel/watcher-win32-ia32/2.5.1/package/package.json not in flight; writing
12090 verbose correctMkdir /Users/andyporter/.npm correctMkdir not in flight; initializing
12091 silly gunzTarPerm extractEntry dist/esm-browser/sha1.js
12092 silly gunzTarPerm extractEntry dist/esm-node/sha1.js
12093 silly fetchOtherPackageData debug@https://registry.npmjs.org/debug/-/debug-4.3.7.tgz
12094 silly cache add args [ 'debug@https://registry.npmjs.org/debug/-/debug-4.3.7.tgz',
12094 silly cache add   null ]
12095 verbose cache add spec debug@https://registry.npmjs.org/debug/-/debug-4.3.7.tgz
12096 silly fetchOtherPackageData ms@https://registry.npmjs.org/ms/-/ms-2.1.3.tgz
12097 silly cache add args [ 'ms@https://registry.npmjs.org/ms/-/ms-2.1.3.tgz', null ]
12098 verbose cache add spec ms@https://registry.npmjs.org/ms/-/ms-2.1.3.tgz
12099 verbose afterAdd /Users/andyporter/.npm/@parcel/watcher-linux-arm-glibc/2.5.1/package/package.json written
12100 silly cache add parsed spec Result {
12100 silly cache add   raw: 'debug@https://registry.npmjs.org/debug/-/debug-4.3.7.tgz',
12100 silly cache add   scope: null,
12100 silly cache add   name: 'debug',
12100 silly cache add   rawSpec: 'https://registry.npmjs.org/debug/-/debug-4.3.7.tgz',
12100 silly cache add   spec: 'https://registry.npmjs.org/debug/-/debug-4.3.7.tgz',
12100 silly cache add   type: 'remote' }
12101 silly mapToRegistry name debug@https://registry.npmjs.org/debug/-/debug-4.3.7.tgz
12102 silly mapToRegistry using default registry
12103 silly mapToRegistry registry https://registry.npmjs.org/
12104 silly mapToRegistry data Result {
12104 silly mapToRegistry   raw: 'debug@https://registry.npmjs.org/debug/-/debug-4.3.7.tgz',
12104 silly mapToRegistry   scope: null,
12104 silly mapToRegistry   name: 'debug',
12104 silly mapToRegistry   rawSpec: 'https://registry.npmjs.org/debug/-/debug-4.3.7.tgz',
12104 silly mapToRegistry   spec: 'https://registry.npmjs.org/debug/-/debug-4.3.7.tgz',
12104 silly mapToRegistry   type: 'remote' }
12105 silly mapToRegistry uri https://registry.npmjs.org/debug/-/debug-4.3.7.tgz
12106 verbose addRemoteTarball https://registry.npmjs.org/debug/-/debug-4.3.7.tgz not in flight; adding
12107 verbose addRemoteTarball [ 'https://registry.npmjs.org/debug/-/debug-4.3.7.tgz', null ]
12108 silly cache add parsed spec Result {
12108 silly cache add   raw: 'ms@https://registry.npmjs.org/ms/-/ms-2.1.3.tgz',
12108 silly cache add   scope: null,
12108 silly cache add   name: 'ms',
12108 silly cache add   rawSpec: 'https://registry.npmjs.org/ms/-/ms-2.1.3.tgz',
12108 silly cache add   spec: 'https://registry.npmjs.org/ms/-/ms-2.1.3.tgz',
12108 silly cache add   type: 'remote' }
12109 silly mapToRegistry name ms@https://registry.npmjs.org/ms/-/ms-2.1.3.tgz
12110 silly mapToRegistry using default registry
12111 silly mapToRegistry registry https://registry.npmjs.org/
12112 silly mapToRegistry data Result {
12112 silly mapToRegistry   raw: 'ms@https://registry.npmjs.org/ms/-/ms-2.1.3.tgz',
12112 silly mapToRegistry   scope: null,
12112 silly mapToRegistry   name: 'ms',
12112 silly mapToRegistry   rawSpec: 'https://registry.npmjs.org/ms/-/ms-2.1.3.tgz',
12112 silly mapToRegistry   spec: 'https://registry.npmjs.org/ms/-/ms-2.1.3.tgz',
12112 silly mapToRegistry   type: 'remote' }
12113 silly mapToRegistry uri https://registry.npmjs.org/ms/-/ms-2.1.3.tgz
12114 verbose addRemoteTarball https://registry.npmjs.org/ms/-/ms-2.1.3.tgz already in flight; waiting
12115 silly gunzTarPerm extractEntry locales/ko.json
12116 silly gunzTarPerm extractEntry locales/nb.json
12117 silly gunzTarPerm extractEntry dist/esm/lib/use-prefix.js
12118 silly gunzTarPerm extractEntry dist/commonjs/lib/use-ref.js
12119 silly gunzTarPerm extractEntry source/entry.d.ts
12120 silly gunzTarPerm extractEntry source/except.d.ts
12121 silly gunzTarPerm extractEntry package.json
12122 silly gunzTarPerm extractEntry History.md
12123 silly gunzTarPerm extractEntry wrapper.mjs
12124 silly gunzTarPerm extractEntry dist/broadcast-operator.d.ts
12125 silly gunzTarPerm extractEntry allSeries.js
12126 silly gunzTarPerm extractEntry any.js
12127 verbose correctMkdir /Users/andyporter/.npm correctMkdir not in flight; initializing
12128 verbose afterAdd /Users/andyporter/.npm/side-channel-list/1.0.0/package/package.json written
12129 silly gunzTarPerm extractEntry domains/synchronous.js
12130 silly gunzTarPerm extractEntry lib/synchronous.js
12131 silly gunzTarPerm extractEntry lib/plugins/remote-debug/compression.html
12132 silly gunzTarPerm extractEntry lib/plugins/connections/connections.directive.html
12133 silly gunzTarPerm extractEntry src/transformer.js
12134 silly gunzTarPerm extractEntry src/web-loaders.js
12135 info retry fetch attempt 1 at 6:28:01 PM
12136 info attempt registry request try #1 at 6:28:01 PM
12137 http fetch GET https://registry.npmjs.org/debug/-/debug-4.3.7.tgz
12138 silly gunzTarPerm extractEntry test/simple/c.coffee
12139 silly gunzTarPerm extractEntry test/simple/d.txt
12140 silly gunzTarPerm extractEntry dist/rx.coincidence.js
12141 silly gunzTarPerm extractEntry dist/rx.sorting.js
12142 silly cache afterAdd @parcel/watcher-linux-x64-musl@2.5.1
12143 verbose afterAdd /Users/andyporter/.npm/@parcel/watcher-linux-x64-musl/2.5.1/package/package.json not in flight; writing
12144 verbose correctMkdir /Users/andyporter/.npm correctMkdir not in flight; initializing
12145 verbose correctMkdir /Users/andyporter/.npm correctMkdir not in flight; initializing
12146 silly gunzTarPerm extractEntry dist/client.d.ts
12147 silly gunzTarPerm extractEntry dist/cli/transforms/handleHostOption.js
12148 silly gunzTarPerm extractEntry dist/cli/transforms/handlePortsOption.js
12149 silly gunzTarPerm extractEntry build/esm-debug/transports/polling.js
12150 silly gunzTarPerm extractEntry build/esm/transports/polling.js
12151 silly gunzTarPerm extractEntry recipes/gulp.pug/app/index.pug
12152 silly gunzTarPerm extractEntry recipes/gulp.pug/app/scss/main.scss
12153 verbose afterAdd /Users/andyporter/.npm/@parcel/watcher-linux-arm-musl/2.5.1/package/package.json written
12154 verbose afterAdd /Users/andyporter/.npm/sync-rpc/1.3.6/package/package.json written
12155 verbose afterAdd /Users/andyporter/.npm/@parcel/watcher-linux-arm64-musl/2.5.1/package/package.json written
12156 verbose afterAdd /Users/andyporter/.npm/@parcel/watcher-win32-ia32/2.5.1/package/package.json written
12157 silly cache afterAdd @parcel/watcher-linux-x64-glibc@2.5.1
12158 verbose afterAdd /Users/andyporter/.npm/@parcel/watcher-linux-x64-glibc/2.5.1/package/package.json not in flight; writing
12159 verbose correctMkdir /Users/andyporter/.npm correctMkdir not in flight; initializing
12160 silly gunzTarPerm extractEntry build/esm-debug/url.js
12161 silly gunzTarPerm extractEntry build/esm/url.js
12162 verbose correctMkdir /Users/andyporter/.npm correctMkdir not in flight; initializing
12163 silly gunzTarPerm extractEntry dist/index.d.ts
12164 verbose correctMkdir /Users/andyporter/.npm correctMkdir not in flight; initializing
12165 silly gunzTarPerm extractEntry async_hooks.d.ts
12166 silly gunzTarPerm modified mode [ 'async_hooks.d.ts', 511, 493 ]
12167 silly gunzTarPerm extractEntry dist/govuk/components/label/template-as-page-heading-l.html
12168 silly gunzTarPerm extractEntry dist/govuk/components/fieldset/template-as-page-heading-m.html
12169 silly gunzTarPerm extractEntry base.d.ts
12170 silly gunzTarPerm modified mode [ 'base.d.ts', 511, 493 ]
12171 silly cache afterAdd get-proto@1.0.1
12172 verbose afterAdd /Users/andyporter/.npm/get-proto/1.0.1/package/package.json not in flight; writing
12173 verbose correctMkdir /Users/andyporter/.npm correctMkdir not in flight; initializing
12174 verbose correctMkdir /Users/andyporter/.npm correctMkdir not in flight; initializing
12175 silly cache afterAdd dunder-proto@1.0.1
12176 verbose afterAdd /Users/andyporter/.npm/dunder-proto/1.0.1/package/package.json not in flight; writing
12177 verbose correctMkdir /Users/andyporter/.npm correctMkdir not in flight; initializing
12178 verbose correctMkdir /Users/andyporter/.npm correctMkdir not in flight; initializing
12179 silly gunzTarPerm extractEntry
12180 silly gunzTarPerm extractEntry
12181 silly gunzTarPerm extractEntry dist/sha1.js
12182 silly gunzTarPerm extractEntry dist/commonjs-browser/stringify.js
12183 silly gunzTarPerm extractEntry dist/namespace.d.ts
12184 silly gunzTarPerm extractEntry _baseClamp.js
12185 silly gunzTarPerm extractEntry _baseClone.js
12186 http fetch 200 https://registry.npmjs.org/debug/-/debug-4.3.7.tgz
12187 verbose afterAdd /Users/andyporter/.npm/@parcel/watcher-linux-x64-musl/2.5.1/package/package.json written
12188 silly gunzTarPerm extractEntry locales/nl.json
12189 silly gunzTarPerm extractEntry locales/nn.json
12190 verbose correctMkdir /Users/andyporter/.npm correctMkdir not in flight; initializing
12191 silly cache afterAdd fastq@1.13.0
12192 verbose afterAdd /Users/andyporter/.npm/fastq/1.13.0/package/package.json not in flight; writing
12193 verbose correctMkdir /Users/andyporter/.npm correctMkdir not in flight; initializing
12194 silly cache afterAdd @parcel/watcher-freebsd-x64@2.5.1
12195 verbose afterAdd /Users/andyporter/.npm/@parcel/watcher-freebsd-x64/2.5.1/package/package.json not in flight; writing
12196 verbose correctMkdir /Users/andyporter/.npm correctMkdir not in flight; initializing
12197 verbose correctMkdir /Users/andyporter/.npm correctMkdir not in flight; initializing
12198 verbose afterAdd /Users/andyporter/.npm/@parcel/watcher-linux-x64-glibc/2.5.1/package/package.json written
12199 silly gunzTarPerm extractEntry dist/esm/lib/use-ref.js
12200 silly gunzTarPerm extractEntry dist/commonjs/lib/use-state.js
12201 silly gunzTarPerm extractEntry setimmediate/synchronous.js
12202 silly gunzTarPerm extractEntry src/synchronous.js
12203 silly gunzTarPerm extractEntry source/fixed-length-array.d.ts
12204 silly gunzTarPerm extractEntry ts41/get.d.ts
12205 silly gunzTarPerm extractEntry Readme.md
12206 silly gunzTarPerm extractEntry anyLimit.js
12207 silly gunzTarPerm extractEntry anySeries.js
12208 silly gunzTarPerm extractEntry lib/plugins/connections/connections.html
12209 silly gunzTarPerm extractEntry static/components/footer.html
12210 silly gunzTarPerm extractEntry dist/rx.sorting.min.js
12211 silly gunzTarPerm extractEntry dist/rx.compat.js
12212 silly gunzTarPerm extractEntry test/simple/e.ts
12213 silly gunzTarPerm extractEntry test/simple/f.d.ts
12214 verbose afterAdd /Users/andyporter/.npm/get-proto/1.0.1/package/package.json written
12215 silly gunzTarPerm extractEntry package.json
12216 silly gunzTarPerm extractEntry browser/nunjucks-slim.js.map
12217 verbose correctMkdir /Users/andyporter/.npm correctMkdir not in flight; initializing
12218 verbose afterAdd /Users/andyporter/.npm/dunder-proto/1.0.1/package/package.json written
12219 verbose correctMkdir /Users/andyporter/.npm correctMkdir not in flight; initializing
12220 silly cache afterAdd es-object-atoms@1.1.1
12221 verbose afterAdd /Users/andyporter/.npm/es-object-atoms/1.1.1/package/package.json not in flight; writing
12222 verbose correctMkdir /Users/andyporter/.npm correctMkdir not in flight; initializing
12223 silly gunzTarPerm extractEntry dist/cli/transforms/handleProxyOption.js
12224 silly gunzTarPerm extractEntry dist/cli/transforms/handleServerOption.js
12225 silly gunzTarPerm extractEntry build/cjs/socket.js
12226 silly gunzTarPerm extractEntry build/esm-debug/socket.js
12227 verbose correctMkdir /Users/andyporter/.npm correctMkdir not in flight; initializing
12228 silly gunzTarPerm extractEntry build/esm-debug/package.json
12229 silly gunzTarPerm extractEntry build/esm/package.json
12230 silly gunzTarPerm extractEntry recipes/gulp.pug/desc.md
12231 silly gunzTarPerm extractEntry recipes/gulp.pug/readme.md
12232 verbose correctMkdir /Users/andyporter/.npm correctMkdir not in flight; initializing
12233 verbose afterAdd /Users/andyporter/.npm/fastq/1.13.0/package/package.json written
12234 verbose afterAdd /Users/andyporter/.npm/@parcel/watcher-freebsd-x64/2.5.1/package/package.json written
12235 verbose correctMkdir /Users/andyporter/.npm correctMkdir not in flight; initializing
12236 silly gunzTarPerm extractEntry buffer.d.ts
12237 silly gunzTarPerm modified mode [ 'buffer.d.ts', 511, 493 ]
12238 silly gunzTarPerm extractEntry child_process.d.ts
12239 silly gunzTarPerm modified mode [ 'child_process.d.ts', 511, 493 ]
12240 silly gunzTarPerm extractEntry dist/govuk/components/label/template-as-page-heading-m.html
12241 silly gunzTarPerm extractEntry dist/govuk/components/fieldset/template-as-page-heading-s.html
12242 silly gunzTarPerm extractEntry
12243 silly gunzTarPerm extractEntry
12244 silly gunzTarPerm extractEntry
12245 silly gunzTarPerm extractEntry dist/esm-browser/stringify.js
12246 silly gunzTarPerm extractEntry dist/esm-node/stringify.js
12247 silly gunzTarPerm extractEntry dist/parent-namespace.d.ts
12248 silly gunzTarPerm extractEntry dist/socket-types.d.ts
12249 silly gunzTarPerm extractEntry dist/socket.d.ts
12250 silly gunzTarPerm extractEntry _baseConforms.js
12251 silly gunzTarPerm extractEntry _baseConformsTo.js
12252 silly fetchAndShaCheck shasum 87945b4151a011d76d95a198d7111c865c360a52
12253 verbose addTmpTarball /var/folders/_4/7hgy5s8d1493hmmc5xj976900000gq/T/npm-47481-492c5c41/registry.npmjs.org/debug/-/debug-4.3.7.tgz not in flight; adding
12254 verbose correctMkdir /Users/andyporter/.npm correctMkdir not in flight; initializing
12255 verbose addTmpTarball validating metadata from /var/folders/_4/7hgy5s8d1493hmmc5xj976900000gq/T/npm-47481-492c5c41/registry.npmjs.org/debug/-/debug-4.3.7.tgz
12256 verbose tar unpack /var/folders/_4/7hgy5s8d1493hmmc5xj976900000gq/T/npm-47481-492c5c41/registry.npmjs.org/debug/-/debug-4.3.7.tgz
12257 verbose tar unpacking to /var/folders/_4/7hgy5s8d1493hmmc5xj976900000gq/T/npm-47481-492c5c41/unpack-cfd60fa4
12258 silly gentlyRm /var/folders/_4/7hgy5s8d1493hmmc5xj976900000gq/T/npm-47481-492c5c41/unpack-cfd60fa4 is being purged
12259 verbose gentlyRm don't care about contents; nuking /var/folders/_4/7hgy5s8d1493hmmc5xj976900000gq/T/npm-47481-492c5c41/unpack-cfd60fa4
12260 silly cache afterAdd @parcel/watcher-win32-arm64@2.5.1
12261 verbose afterAdd /Users/andyporter/.npm/@parcel/watcher-win32-arm64/2.5.1/package/package.json not in flight; writing
12262 verbose correctMkdir /Users/andyporter/.npm correctMkdir not in flight; initializing
12263 silly gunzTarPerm modes [ '755', '644' ]
12264 silly cache afterAdd @parcel/watcher-win32-x64@2.5.1
12265 verbose afterAdd /Users/andyporter/.npm/@parcel/watcher-win32-x64/2.5.1/package/package.json not in flight; writing
12266 verbose correctMkdir /Users/andyporter/.npm correctMkdir not in flight; initializing
12267 verbose afterAdd /Users/andyporter/.npm/es-object-atoms/1.1.1/package/package.json written
12268 silly gunzTarPerm extractEntry dist/typed-events.d.ts
12269 silly gunzTarPerm extractEntry helpers/package.json
12270 silly gunzTarPerm extractEntry package.json
12271 verbose correctMkdir /Users/andyporter/.npm correctMkdir not in flight; initializing
12272 silly gunzTarPerm extractEntry package.json
12273 silly gunzTarPerm extractEntry Readme.md
12274 silly gunzTarPerm extractEntry
12275 silly gunzTarPerm extractEntry index.d.ts
12276 silly gunzTarPerm extractEntry ts41/index.d.ts
12277 silly gunzTarPerm extractEntry dist/esm/lib/use-state.js
12278 silly gunzTarPerm extractEntry dist/commonjs/lib/utils.js
12279 verbose correctMkdir /Users/andyporter/.npm correctMkdir not in flight; initializing
12280 silly cache afterAdd ms@2.1.3
12281 verbose afterAdd /Users/andyporter/.npm/ms/2.1.3/package/package.json not in flight; writing
12282 verbose correctMkdir /Users/andyporter/.npm correctMkdir not in flight; initializing
12283 silly cache afterAdd ms@2.1.3
12284 verbose afterAdd /Users/andyporter/.npm/ms/2.1.3/package/package.json already in flight; not writing
12285 silly cache afterAdd ms@2.1.3
12286 verbose afterAdd /Users/andyporter/.npm/ms/2.1.3/package/package.json already in flight; not writing
12287 silly gunzTarPerm extractEntry dist/rx.min.js
12288 silly cache afterAdd debug@2.6.9
12289 verbose afterAdd /Users/andyporter/.npm/debug/2.6.9/package/package.json not in flight; writing
12290 verbose correctMkdir /Users/andyporter/.npm correctMkdir not in flight; initializing
12291 verbose correctMkdir /Users/andyporter/.npm correctMkdir not in flight; initializing
12292 silly gunzTarPerm extractEntry apply.js
12293 silly gunzTarPerm extractEntry dist/rx.compat.min.js
12294 silly gunzTarPerm extractEntry dist/hooks.js
12295 silly gunzTarPerm extractEntry dist/http-protocol.js
12296 verbose correctMkdir /Users/andyporter/.npm correctMkdir not in flight; initializing
12297 silly cache afterAdd encodeurl@2.0.0
12298 verbose afterAdd /Users/andyporter/.npm/encodeurl/2.0.0/package/package.json not in flight; writing
12299 verbose correctMkdir /Users/andyporter/.npm correctMkdir not in flight; initializing
12300 silly cache afterAdd encodeurl@2.0.0
12301 verbose afterAdd /Users/andyporter/.npm/encodeurl/2.0.0/package/package.json already in flight; not writing
12302 silly gunzTarPerm extractEntry static/components/forms.html
12303 silly gunzTarPerm extractEntry static/components/header.html
12304 silly gunzTarPerm extractEntry static/components/heading.html
12305 verbose afterAdd /Users/andyporter/.npm/@parcel/watcher-win32-arm64/2.5.1/package/package.json written
12306 silly gunzTarPerm extractEntry package.json
12307 silly gunzTarPerm extractEntry dist/socket.io.esm.min.js.map
12308 silly cache afterAdd safe-buffer@5.2.1
12309 verbose afterAdd /Users/andyporter/.npm/safe-buffer/5.2.1/package/package.json not in flight; writing
12310 verbose correctMkdir /Users/andyporter/.npm correctMkdir not in flight; initializing
12311 silly cache afterAdd safe-buffer@5.2.1
12312 verbose afterAdd /Users/andyporter/.npm/safe-buffer/5.2.1/package/package.json already in flight; not writing
12313 silly cache afterAdd safe-buffer@5.2.1
12314 verbose afterAdd /Users/andyporter/.npm/safe-buffer/5.2.1/package/package.json already in flight; not writing
12315 verbose afterAdd /Users/andyporter/.npm/@parcel/watcher-win32-x64/2.5.1/package/package.json written
12316 silly gunzTarPerm extractEntry build/esm/socket.js
12317 silly gunzTarPerm extractEntry build/cjs/transport.js
12318 silly gunzTarPerm extractEntry static/components/help-content.html
12319 silly gunzTarPerm extractEntry LICENSE
12320 silly gunzTarPerm extractEntry cluster.d.ts
12321 silly gunzTarPerm modified mode [ 'cluster.d.ts', 511, 493 ]
12322 silly gunzTarPerm extractEntry console.d.ts
12323 silly gunzTarPerm modified mode [ 'console.d.ts', 511, 493 ]
12324 silly gunzTarPerm extractEntry dist/govuk/components/label/template-as-page-heading-s.html
12325 silly gunzTarPerm extractEntry dist/govuk/components/fieldset/template-as-page-heading-without-class.html
12326 silly gunzTarPerm extractEntry fp/_baseConvert.js
12327 silly gunzTarPerm extractEntry _baseCreate.js
12328 verbose afterAdd /Users/andyporter/.npm/ms/2.1.3/package/package.json written
12329 verbose afterAdd /Users/andyporter/.npm/debug/2.6.9/package/package.json written
12330 silly gunzTarPerm extractEntry dist/stringify.js
12331 silly gunzTarPerm extractEntry dist/uuid-bin.js
12332 verbose correctMkdir /Users/andyporter/.npm correctMkdir not in flight; initializing
12333 silly cache afterAdd universalify@2.0.0
12334 verbose afterAdd /Users/andyporter/.npm/universalify/2.0.0/package/package.json not in flight; writing
12335 verbose correctMkdir /Users/andyporter/.npm correctMkdir not in flight; initializing
12336 silly gunzTarPerm extractEntry browser/nunjucks-slim.min.js.map
12337 silly gunzTarPerm extractEntry locales/pirate.json
12338 silly gunzTarPerm extractEntry index.d.ts
12339 silly gunzTarPerm extractEntry .github/FUNDING.yml
12340 verbose correctMkdir /Users/andyporter/.npm correctMkdir not in flight; initializing
12341 verbose afterAdd /Users/andyporter/.npm/encodeurl/2.0.0/package/package.json written
12342 silly cache afterAdd simple-update-notifier@2.0.0
12343 verbose afterAdd /Users/andyporter/.npm/simple-update-notifier/2.0.0/package/package.json not in flight; writing
12344 verbose correctMkdir /Users/andyporter/.npm correctMkdir not in flight; initializing
12345 silly gunzTarPerm extractEntry
12346 silly gunzTarPerm extractEntry dist/uws.d.ts
12347 silly gunzTarPerm extractEntry recipes/gulp.ruby.sass/package.json
12348 silly gunzTarPerm extractEntry recipes/gulp.ruby.sass/gulpfile.js
12349 verbose afterAdd /Users/andyporter/.npm/safe-buffer/5.2.1/package/package.json written
12350 silly gunzTarPerm extractEntry src/browser.js
12351 silly gunzTarPerm extractEntry src/common.js
12352 silly gunzTarPerm extractEntry dist/esm/lib/utils.js
12353 silly gunzTarPerm extractEntry dist/commonjs/package.json
12354 silly cache afterAdd http-errors@2.0.1
12355 verbose afterAdd /Users/andyporter/.npm/http-errors/2.0.1/package/package.json not in flight; writing
12356 verbose correctMkdir /Users/andyporter/.npm correctMkdir not in flight; initializing
12357 silly cache afterAdd http-errors@2.0.1
12358 verbose afterAdd /Users/andyporter/.npm/http-errors/2.0.1/package/package.json already in flight; not writing
12359 silly cache afterAdd @inquirer/type@3.0.8
12360 verbose afterAdd /Users/andyporter/.npm/@inquirer/type/3.0.8/package/package.json not in flight; writing
12361 verbose correctMkdir /Users/andyporter/.npm correctMkdir not in flight; initializing
12362 silly gunzTarPerm extractEntry dist/rx.core.binding.js
12363 silly gunzTarPerm extractEntry dist/rx.lite.min.js
12364 silly gunzTarPerm extractEntry applyEach.js
12365 silly gunzTarPerm extractEntry internal/applyEach.js
12366 silly gunzTarPerm extractEntry dist/index.js
12367 silly gunzTarPerm extractEntry dist/server/index.js
12368 silly cache afterAdd has-flag@4.0.0
12369 verbose afterAdd /Users/andyporter/.npm/has-flag/4.0.0/package/package.json not in flight; writing
12370 verbose correctMkdir /Users/andyporter/.npm correctMkdir not in flight; initializing
12371 silly gunzTarPerm extractEntry source/iterable-element.d.ts
12372 silly gunzTarPerm extractEntry ts41/kebab-case.d.ts
12373 silly gunzTarPerm extractEntry dist/socket.io.js.map
12374 verbose afterAdd /Users/andyporter/.npm/universalify/2.0.0/package/package.json written
12375 verbose correctMkdir /Users/andyporter/.npm correctMkdir not in flight; initializing
12376 silly cache afterAdd has-symbols@1.1.0
12377 verbose afterAdd /Users/andyporter/.npm/has-symbols/1.1.0/package/package.json not in flight; writing
12378 verbose correctMkdir /Users/andyporter/.npm correctMkdir not in flight; initializing
12379 silly gunzTarPerm extractEntry build/esm-debug/transport.js
12380 silly gunzTarPerm extractEntry build/esm/transport.js
12381 verbose afterAdd /Users/andyporter/.npm/simple-update-notifier/2.0.0/package/package.json written
12382 verbose correctMkdir /Users/andyporter/.npm correctMkdir not in flight; initializing
12383 silly cache afterAdd on-finished@2.4.1
12384 verbose afterAdd /Users/andyporter/.npm/on-finished/2.4.1/package/package.json not in flight; writing
12385 verbose correctMkdir /Users/andyporter/.npm correctMkdir not in flight; initializing
12386 silly cache afterAdd on-finished@2.4.1
12387 verbose afterAdd /Users/andyporter/.npm/on-finished/2.4.1/package/package.json already in flight; not writing
12388 silly cache afterAdd on-finished@2.4.1
12389 verbose afterAdd /Users/andyporter/.npm/on-finished/2.4.1/package/package.json already in flight; not writing
12390 silly gunzTarPerm extractEntry _baseDelay.js
12391 silly gunzTarPerm extractEntry _baseDifference.js
12392 verbose correctMkdir /Users/andyporter/.npm correctMkdir not in flight; initializing
12393 silly gunzTarPerm extractEntry constants.d.ts
12394 silly gunzTarPerm modified mode [ 'constants.d.ts', 511, 493 ]
12395 silly gunzTarPerm extractEntry crypto.d.ts
12396 silly gunzTarPerm modified mode [ 'crypto.d.ts', 511, 493 ]
12397 silly cache afterAdd has-tostringtag@1.0.2
12398 verbose afterAdd /Users/andyporter/.npm/has-tostringtag/1.0.2/package/package.json not in flight; writing
12399 verbose correctMkdir /Users/andyporter/.npm correctMkdir not in flight; initializing
12400 silly gunzTarPerm extractEntry dist/govuk/components/label/template-as-page-heading-without-class.html
12401 silly gunzTarPerm extractEntry dist/govuk/components/fieldset/template-as-page-heading-xl.html
12402 verbose afterAdd /Users/andyporter/.npm/http-errors/2.0.1/package/package.json written
12403 verbose afterAdd /Users/andyporter/.npm/@inquirer/type/3.0.8/package/package.json written
12404 silly gunzTarPerm extractEntry dist/commonjs-browser/v1.js
12405 silly gunzTarPerm extractEntry dist/esm-browser/v1.js
12406 silly gunzTarPerm extractEntry locales/pl.json
12407 silly gunzTarPerm extractEntry locales/pt_BR.json
12408 silly gunzTarPerm extractEntry locales/pt.json
12409 verbose correctMkdir /Users/andyporter/.npm correctMkdir not in flight; initializing
12410 verbose afterAdd /Users/andyporter/.npm/has-flag/4.0.0/package/package.json written
12411 silly gunzTarPerm extractEntry recipes/gulp.ruby.sass/app/css/main.css
12412 silly gunzTarPerm extractEntry recipes/gulp.ruby.sass/app/css/main.css.map
12413 silly gunzTarPerm extractEntry
12414 silly gunzTarPerm extractEntry
12415 silly gunzTarPerm extractEntry
12416 silly cache afterAdd @nodelib/fs.stat@2.0.5
12417 verbose afterAdd /Users/andyporter/.npm/@nodelib/fs.stat/2.0.5/package/package.json not in flight; writing
12418 verbose correctMkdir /Users/andyporter/.npm correctMkdir not in flight; initializing
12419 silly gunzTarPerm extractEntry src/index.js
12420 silly gunzTarPerm extractEntry src/node.js
12421 silly gunzTarPerm extractEntry package.json
12422 silly gunzTarPerm extractEntry README.md
12423 silly gunzTarPerm extractEntry browser/nunjucks.js.map
12424 verbose correctMkdir /Users/andyporter/.npm correctMkdir not in flight; initializing
12425 silly gunzTarPerm extractEntry locales/ru.json
12426 silly cache afterAdd statuses@1.3.1
12427 verbose afterAdd /Users/andyporter/.npm/statuses/1.3.1/package/package.json not in flight; writing
12428 verbose correctMkdir /Users/andyporter/.npm correctMkdir not in flight; initializing
12429 verbose afterAdd /Users/andyporter/.npm/has-symbols/1.1.0/package/package.json written
12430 silly gunzTarPerm extractEntry
12431 silly gunzTarPerm extractEntry dist/rx.binding.js
12432 silly gunzTarPerm extractEntry dist/rx.core.binding.min.js
12433 silly gunzTarPerm extractEntry static/content/help.content.html
12434 silly gunzTarPerm extractEntry lib/plugins/help/help.directive.html
12435 silly gunzTarPerm extractEntry lib/plugins/help/help.html
12436 silly gunzTarPerm extractEntry dist/socket.io.min.js.map
12437 silly cache afterAdd statuses@2.0.2
12438 verbose afterAdd /Users/andyporter/.npm/statuses/2.0.2/package/package.json not in flight; writing
12439 verbose correctMkdir /Users/andyporter/.npm correctMkdir not in flight; initializing
12440 silly cache afterAdd statuses@2.0.2
12441 verbose afterAdd /Users/andyporter/.npm/statuses/2.0.2/package/package.json already in flight; not writing
12442 silly cache afterAdd statuses@2.0.1
12443 verbose afterAdd /Users/andyporter/.npm/statuses/2.0.1/package/package.json not in flight; writing
12444 verbose correctMkdir /Users/andyporter/.npm correctMkdir not in flight; initializing
12445 silly cache afterAdd statuses@2.0.1
12446 verbose afterAdd /Users/andyporter/.npm/statuses/2.0.1/package/package.json already in flight; not writing
12447 silly cache afterAdd statuses@2.0.1
12448 verbose afterAdd /Users/andyporter/.npm/statuses/2.0.1/package/package.json already in flight; not writing
12449 silly gunzTarPerm extractEntry dist/esm/package.json
12450 silly gunzTarPerm extractEntry package.json
12451 verbose correctMkdir /Users/andyporter/.npm correctMkdir not in flight; initializing
12452 verbose afterAdd /Users/andyporter/.npm/on-finished/2.4.1/package/package.json written
12453 silly gunzTarPerm extractEntry applyEachSeries.js
12454 silly gunzTarPerm extractEntry dist/async.js
12455 silly gunzTarPerm extractEntry dist/public/init.js
12456 silly gunzTarPerm extractEntry dist/internal-events.js
12457 verbose afterAdd /Users/andyporter/.npm/has-tostringtag/1.0.2/package/package.json written
12458 silly gunzTarPerm extractEntry
12459 silly gunzTarPerm extractEntry static/help.html
12460 silly gunzTarPerm extractEntry source/literal-union.d.ts
12461 silly gunzTarPerm extractEntry source/merge-exclusive.d.ts
12462 verbose correctMkdir /Users/andyporter/.npm correctMkdir not in flight; initializing
12463 silly cache afterAdd source-map-js@1.0.2
12464 verbose afterAdd /Users/andyporter/.npm/source-map-js/1.0.2/package/package.json not in flight; writing
12465 verbose correctMkdir /Users/andyporter/.npm correctMkdir not in flight; initializing
12466 silly gunzTarPerm extractEntry
12467 verbose afterAdd /Users/andyporter/.npm/@nodelib/fs.stat/2.0.5/package/package.json written
12468 silly cache afterAdd send@0.19.0
12469 verbose afterAdd /Users/andyporter/.npm/send/0.19.0/package/package.json not in flight; writing
12470 verbose correctMkdir /Users/andyporter/.npm correctMkdir not in flight; initializing
12471 verbose afterAdd /Users/andyporter/.npm/statuses/1.3.1/package/package.json written
12472 silly gunzTarPerm extractEntry build/cjs/util.js
12473 silly gunzTarPerm extractEntry build/esm-debug/util.js
12474 silly gunzTarPerm extractEntry _baseEach.js
12475 silly gunzTarPerm extractEntry _baseEachRight.js
12476 verbose correctMkdir /Users/andyporter/.npm correctMkdir not in flight; initializing
12477 silly gunzTarPerm extractEntry dgram.d.ts
12478 silly gunzTarPerm modified mode [ 'dgram.d.ts', 511, 493 ]
12479 silly gunzTarPerm extractEntry dns.d.ts
12480 silly gunzTarPerm modified mode [ 'dns.d.ts', 511, 493 ]
12481 silly cache afterAdd express@4.22.1
12482 verbose afterAdd /Users/andyporter/.npm/express/4.22.1/package/package.json not in flight; writing
12483 verbose correctMkdir /Users/andyporter/.npm correctMkdir not in flight; initializing
12484 silly gunzTarPerm extractEntry dist/govuk/components/label/template-as-page-heading-xl.html
12485 verbose afterAdd /Users/andyporter/.npm/statuses/2.0.2/package/package.json written
12486 verbose afterAdd /Users/andyporter/.npm/statuses/2.0.1/package/package.json written
12487 silly gunzTarPerm extractEntry dist/esm-node/v1.js
12488 silly gunzTarPerm extractEntry dist/v1.js
12489 silly gunzTarPerm extractEntry dist/govuk/components/notification-banner/template-auto-focus-disabled-with-type-as-success.html
12490 silly gunzTarPerm extractEntry
12491 silly gunzTarPerm extractEntry dist/rx.backpressure.min.js
12492 silly gunzTarPerm extractEntry dist/rx.core.js
12493 silly gunzTarPerm extractEntry dist/rx.testing.js
12494 silly gunzTarPerm extractEntry locales/th.json
12495 silly gunzTarPerm extractEntry locales/tr.json
12496 silly gunzTarPerm extractEntry recipes/gulp.ruby.sass/app/index.html
12497 silly gunzTarPerm extractEntry recipes/gulp.ruby.sass/app/scss/main.scss
12498 verbose afterAdd /Users/andyporter/.npm/source-map-js/1.0.2/package/package.json written
12499 verbose afterAdd /Users/andyporter/.npm/send/0.19.0/package/package.json written
12500 silly gunzTarPerm extractEntry README.md
12501 silly gunzTarPerm extractEntry dist/commonjs/lib/create-prompt.d.ts
12502 silly gunzTarPerm extractEntry
12503 silly gunzTarPerm extractEntry dist/async.min.js
12504 silly gunzTarPerm extractEntry asyncify.js
12505 silly gunzTarPerm extractEntry dist/lodash.custom.js
12506 verbose afterAdd /Users/andyporter/.npm/express/4.22.1/package/package.json written
12507 silly gunzTarPerm extractEntry lib/plugins/history/history.directive.html
12508 silly gunzTarPerm extractEntry lib/plugins/history/history.html
12509 silly gunzTarPerm extractEntry source/merge.d.ts
12510 silly gunzTarPerm extractEntry source/mutable.d.ts
12511 silly gunzTarPerm extractEntry dist/logger.js
12512 silly gunzTarPerm extractEntry
12513 silly gunzTarPerm extractEntry dist/rx.lite.js
12514 silly cache afterAdd asynckit@0.4.0
12515 verbose afterAdd /Users/andyporter/.npm/asynckit/0.4.0/package/package.json not in flight; writing
12516 verbose correctMkdir /Users/andyporter/.npm correctMkdir not in flight; initializing
12517 silly gunzTarPerm extractEntry dist/socket.io.msgpack.min.js.map
12518 silly gunzTarPerm extractEntry build/esm/util.js
12519 silly gunzTarPerm extractEntry build/cjs/transports/websocket.js
12520 silly gunzTarPerm extractEntry _baseEvery.js
12521 silly gunzTarPerm extractEntry _baseExtremum.js
12522 silly gunzTarPerm extractEntry static/history.html
12523 silly cache afterAdd depd@2.0.0
12524 verbose afterAdd /Users/andyporter/.npm/depd/2.0.0/package/package.json not in flight; writing
12525 verbose correctMkdir /Users/andyporter/.npm correctMkdir not in flight; initializing
12526 silly cache afterAdd depd@2.0.0
12527 verbose afterAdd /Users/andyporter/.npm/depd/2.0.0/package/package.json already in flight; not writing
12528 silly cache afterAdd depd@2.0.0
12529 verbose afterAdd /Users/andyporter/.npm/depd/2.0.0/package/package.json already in flight; not writing
12530 silly cache afterAdd depd@2.0.0
12531 verbose afterAdd /Users/andyporter/.npm/depd/2.0.0/package/package.json already in flight; not writing
12532 silly cache afterAdd depd@2.0.0
12533 verbose afterAdd /Users/andyporter/.npm/depd/2.0.0/package/package.json already in flight; not writing
12534 silly cache afterAdd depd@2.0.0
12535 verbose afterAdd /Users/andyporter/.npm/depd/2.0.0/package/package.json already in flight; not writing
12536 silly gunzTarPerm extractEntry dist/govuk/components/notification-banner/template-auto-focus-explicitly-enabled-with-type-as-success.html
12537 silly gunzTarPerm extractEntry dist/govuk/components/tag/template-blue.html
12538 silly gunzTarPerm extractEntry
12539 verbose correctMkdir /Users/andyporter/.npm correctMkdir not in flight; initializing
12540 silly gunzTarPerm extractEntry domain.d.ts
12541 silly gunzTarPerm modified mode [ 'domain.d.ts', 511, 493 ]
12542 silly gunzTarPerm extractEntry events.d.ts
12543 silly gunzTarPerm modified mode [ 'events.d.ts', 511, 493 ]
12544 silly gunzTarPerm extractEntry fs.d.ts
12545 silly gunzTarPerm modified mode [ 'fs.d.ts', 511, 493 ]
12546 silly gunzTarPerm extractEntry dist/commonjs-browser/v3.js
12547 silly gunzTarPerm extractEntry dist/esm-browser/v3.js
12548 silly gunzTarPerm extractEntry
12549 silly cache afterAdd immutable@3.8.2
12550 verbose afterAdd /Users/andyporter/.npm/immutable/3.8.2/package/package.json not in flight; writing
12551 verbose correctMkdir /Users/andyporter/.npm correctMkdir not in flight; initializing
12552 silly cache afterAdd glob@7.2.3
12553 verbose afterAdd /Users/andyporter/.npm/glob/7.2.3/package/package.json not in flight; writing
12554 verbose correctMkdir /Users/andyporter/.npm correctMkdir not in flight; initializing
12555 silly cache afterAdd call-bind-apply-helpers@1.0.2
12556 verbose afterAdd /Users/andyporter/.npm/call-bind-apply-helpers/1.0.2/package/package.json not in flight; writing
12557 verbose correctMkdir /Users/andyporter/.npm correctMkdir not in flight; initializing
12558 silly gunzTarPerm extractEntry globals.d.ts
12559 silly gunzTarPerm modified mode [ 'globals.d.ts', 511, 493 ]
12560 silly fetchPackageMetaData encodeurl@https://registry.npmjs.org/encodeurl/-/encodeurl-1.0.2.tgz
12561 silly gunzTarPerm extractEntry locales/uk_UA.json
12562 silly gunzTarPerm extractEntry locales/uz.json
12563 verbose afterAdd /Users/andyporter/.npm/asynckit/0.4.0/package/package.json written
12564 silly fetchOtherPackageData encodeurl@https://registry.npmjs.org/encodeurl/-/encodeurl-1.0.2.tgz
12565 silly cache add args [ 'encodeurl@https://registry.npmjs.org/encodeurl/-/encodeurl-1.0.2.tgz',
12565 silly cache add   null ]
12566 verbose cache add spec encodeurl@https://registry.npmjs.org/encodeurl/-/encodeurl-1.0.2.tgz
12567 silly gunzTarPerm extractEntry recipes/gulp.ruby.sass/desc.md
12568 silly gunzTarPerm extractEntry recipes/gulp.ruby.sass/readme.md
12569 silly gunzTarPerm extractEntry
12570 silly cache afterAdd http-proxy@1.18.1
12571 verbose afterAdd /Users/andyporter/.npm/http-proxy/1.18.1/package/package.json not in flight; writing
12572 verbose correctMkdir /Users/andyporter/.npm correctMkdir not in flight; initializing
12573 silly gunzTarPerm extractEntry dist/esm/lib/create-prompt.d.ts
12574 silly gunzTarPerm extractEntry dist/commonjs/lib/errors.d.ts
12575 verbose afterAdd /Users/andyporter/.npm/depd/2.0.0/package/package.json written
12576 silly cache add parsed spec Result {
12576 silly cache add   raw: 'encodeurl@https://registry.npmjs.org/encodeurl/-/encodeurl-1.0.2.tgz',
12576 silly cache add   scope: null,
12576 silly cache add   name: 'encodeurl',
12576 silly cache add   rawSpec: 'https://registry.npmjs.org/encodeurl/-/encodeurl-1.0.2.tgz',
12576 silly cache add   spec: 'https://registry.npmjs.org/encodeurl/-/encodeurl-1.0.2.tgz',
12576 silly cache add   type: 'remote' }
12577 silly mapToRegistry name encodeurl@https://registry.npmjs.org/encodeurl/-/encodeurl-1.0.2.tgz
12578 silly mapToRegistry using default registry
12579 silly mapToRegistry registry https://registry.npmjs.org/
12580 silly mapToRegistry data Result {
12580 silly mapToRegistry   raw: 'encodeurl@https://registry.npmjs.org/encodeurl/-/encodeurl-1.0.2.tgz',
12580 silly mapToRegistry   scope: null,
12580 silly mapToRegistry   name: 'encodeurl',
12580 silly mapToRegistry   rawSpec: 'https://registry.npmjs.org/encodeurl/-/encodeurl-1.0.2.tgz',
12580 silly mapToRegistry   spec: 'https://registry.npmjs.org/encodeurl/-/encodeurl-1.0.2.tgz',
12580 silly mapToRegistry   type: 'remote' }
12581 silly mapToRegistry uri https://registry.npmjs.org/encodeurl/-/encodeurl-1.0.2.tgz
12582 verbose addRemoteTarball https://registry.npmjs.org/encodeurl/-/encodeurl-1.0.2.tgz not in flight; adding
12583 verbose addRemoteTarball [ 'https://registry.npmjs.org/encodeurl/-/encodeurl-1.0.2.tgz',
12583 verbose addRemoteTarball   null ]
12584 silly gunzTarPerm extractEntry auto.js
12585 silly gunzTarPerm extractEntry autoInject.js
12586 silly gunzTarPerm extractEntry dist/public/notify.js
12587 silly gunzTarPerm extractEntry dist/options.js
12588 silly gunzTarPerm extractEntry
12589 silly gunzTarPerm extractEntry source/opaque.d.ts
12590 silly gunzTarPerm extractEntry source/package-json.d.ts
12591 info retry fetch attempt 1 at 6:28:01 PM
12592 info attempt registry request try #1 at 6:28:01 PM
12593 http fetch GET https://registry.npmjs.org/encodeurl/-/encodeurl-1.0.2.tgz
12594 silly gunzTarPerm extractEntry _baseFill.js
12595 silly gunzTarPerm extractEntry _baseFilter.js
12596 silly gunzTarPerm extractEntry public/index.html
12597 silly gunzTarPerm extractEntry lib/plugins/remote-debug/latency/latency.html
12598 silly cache afterAdd ws@8.17.1
12599 verbose afterAdd /Users/andyporter/.npm/ws/8.17.1/package/package.json not in flight; writing
12600 verbose correctMkdir /Users/andyporter/.npm correctMkdir not in flight; initializing
12601 silly cache afterAdd es-errors@1.3.0
12602 verbose afterAdd /Users/andyporter/.npm/es-errors/1.3.0/package/package.json not in flight; writing
12603 verbose correctMkdir /Users/andyporter/.npm correctMkdir not in flight; initializing
12604 verbose afterAdd /Users/andyporter/.npm/immutable/3.8.2/package/package.json written
12605 verbose afterAdd /Users/andyporter/.npm/glob/7.2.3/package/package.json written
12606 verbose correctMkdir /Users/andyporter/.npm correctMkdir not in flight; initializing
12607 verbose afterAdd /Users/andyporter/.npm/call-bind-apply-helpers/1.0.2/package/package.json written
12608 silly gunzTarPerm extractEntry dist/govuk/components/summary-list/template-check-your-answers.html
12609 silly gunzTarPerm extractEntry dist/govuk/components/cookie-banner/template-client-side-implementation.html
12610 silly gunzTarPerm extractEntry build/esm-debug/transports/websocket.js
12611 silly gunzTarPerm extractEntry build/esm/transports/websocket.js
12612 silly gunzTarPerm extractEntry dist/esm-node/v3.js
12613 silly gunzTarPerm extractEntry dist/v3.js
12614 silly gunzTarPerm extractEntry dist/rx.backpressure.js
12615 silly gunzTarPerm extractEntry dist/rx.core.min.js
12616 verbose afterAdd /Users/andyporter/.npm/http-proxy/1.18.1/package/package.json written
12617 silly gunzTarPerm extractEntry locales/zh_CN.json
12618 silly gunzTarPerm extractEntry locales/zh_TW.json
12619 silly gunzTarPerm extractEntry README.md
12620 silly gunzTarPerm extractEntry http.d.ts
12621 silly gunzTarPerm modified mode [ 'http.d.ts', 511, 493 ]
12622 http fetch 200 https://registry.npmjs.org/encodeurl/-/encodeurl-1.0.2.tgz
12623 silly gunzTarPerm extractEntry recipes/gulp.sass/package.json
12624 silly gunzTarPerm extractEntry recipes/gulp.sass/gulpfile.js
12625 verbose afterAdd /Users/andyporter/.npm/ws/8.17.1/package/package.json written
12626 verbose afterAdd /Users/andyporter/.npm/es-errors/1.3.0/package/package.json written
12627 silly gunzTarPerm extractEntry README.md
12628 silly gunzTarPerm extractEntry browser/nunjucks.min.js.map
12629 silly gunzTarPerm extractEntry browser.mjs
12630 silly gunzTarPerm extractEntry dist/esm/lib/errors.d.ts
12631 silly gunzTarPerm extractEntry dist/commonjs/lib/hook-engine.d.ts
12632 silly gunzTarPerm extractEntry
12633 silly gunzTarPerm extractEntry
12634 silly gunzTarPerm extractEntry internal/breakLoop.js
12635 silly gunzTarPerm extractEntry cargo.js
12636 silly gunzTarPerm extractEntry dist/public/pause.js
12637 silly gunzTarPerm extractEntry dist/plugins.js
12638 silly fetchPackageMetaData depd@https://registry.npmjs.org/depd/-/depd-2.0.0.tgz
12639 silly fetchPackageMetaData encodeurl@https://registry.npmjs.org/encodeurl/-/encodeurl-2.0.0.tgz
12640 silly fetchPackageMetaData finalhandler@https://registry.npmjs.org/finalhandler/-/finalhandler-1.3.1.tgz
12641 silly fetchPackageMetaData on-finished@https://registry.npmjs.org/on-finished/-/on-finished-2.4.1.tgz
12642 silly fetchPackageMetaData safe-buffer@https://registry.npmjs.org/safe-buffer/-/safe-buffer-5.2.1.tgz
12643 silly fetchPackageMetaData statuses@https://registry.npmjs.org/statuses/-/statuses-2.0.1.tgz
12644 silly gunzTarPerm extractEntry _baseFindIndex.js
12645 silly gunzTarPerm extractEntry _baseFindKey.js
12646 silly gunzTarPerm extractEntry source/partial-deep.d.ts
12647 silly gunzTarPerm extractEntry ts41/pascal-case.d.ts
12648 silly gunzTarPerm extractEntry build/cjs/contrib/backo2.d.ts
12649 silly gunzTarPerm extractEntry lib/platform-shims/browser.mjs
12650 silly fetchOtherPackageData depd@https://registry.npmjs.org/depd/-/depd-2.0.0.tgz
12651 silly cache add args [ 'depd@https://registry.npmjs.org/depd/-/depd-2.0.0.tgz',
12651 silly cache add   null ]
12652 verbose cache add spec depd@https://registry.npmjs.org/depd/-/depd-2.0.0.tgz
12653 silly fetchOtherPackageData encodeurl@https://registry.npmjs.org/encodeurl/-/encodeurl-2.0.0.tgz
12654 silly cache add args [ 'encodeurl@https://registry.npmjs.org/encodeurl/-/encodeurl-2.0.0.tgz',
12654 silly cache add   null ]
12655 verbose cache add spec encodeurl@https://registry.npmjs.org/encodeurl/-/encodeurl-2.0.0.tgz
12656 silly fetchOtherPackageData finalhandler@https://registry.npmjs.org/finalhandler/-/finalhandler-1.3.1.tgz
12657 silly cache add args [ 'finalhandler@https://registry.npmjs.org/finalhandler/-/finalhandler-1.3.1.tgz',
12657 silly cache add   null ]
12658 verbose cache add spec finalhandler@https://registry.npmjs.org/finalhandler/-/finalhandler-1.3.1.tgz
12659 silly fetchOtherPackageData on-finished@https://registry.npmjs.org/on-finished/-/on-finished-2.4.1.tgz
12660 silly cache add args [ 'on-finished@https://registry.npmjs.org/on-finished/-/on-finished-2.4.1.tgz',
12660 silly cache add   null ]
12661 verbose cache add spec on-finished@https://registry.npmjs.org/on-finished/-/on-finished-2.4.1.tgz
12662 silly fetchOtherPackageData safe-buffer@https://registry.npmjs.org/safe-buffer/-/safe-buffer-5.2.1.tgz
12663 silly cache add args [ 'safe-buffer@https://registry.npmjs.org/safe-buffer/-/safe-buffer-5.2.1.tgz',
12663 silly cache add   null ]
12664 verbose cache add spec safe-buffer@https://registry.npmjs.org/safe-buffer/-/safe-buffer-5.2.1.tgz
12665 silly fetchOtherPackageData statuses@https://registry.npmjs.org/statuses/-/statuses-2.0.1.tgz
12666 silly cache add args [ 'statuses@https://registry.npmjs.org/statuses/-/statuses-2.0.1.tgz',
12666 silly cache add   null ]
12667 verbose cache add spec statuses@https://registry.npmjs.org/statuses/-/statuses-2.0.1.tgz
12668 silly gunzTarPerm extractEntry
12669 verbose correctMkdir /Users/andyporter/.npm correctMkdir not in flight; initializing
12670 silly cache afterAdd cookie-signature@1.0.7
12671 verbose afterAdd /Users/andyporter/.npm/cookie-signature/1.0.7/package/package.json not in flight; writing
12672 verbose correctMkdir /Users/andyporter/.npm correctMkdir not in flight; initializing
12673 silly cache add parsed spec Result {
12673 silly cache add   raw: 'depd@https://registry.npmjs.org/depd/-/depd-2.0.0.tgz',
12673 silly cache add   scope: null,
12673 silly cache add   name: 'depd',
12673 silly cache add   rawSpec: 'https://registry.npmjs.org/depd/-/depd-2.0.0.tgz',
12673 silly cache add   spec: 'https://registry.npmjs.org/depd/-/depd-2.0.0.tgz',
12673 silly cache add   type: 'remote' }
12674 silly mapToRegistry name depd@https://registry.npmjs.org/depd/-/depd-2.0.0.tgz
12675 silly mapToRegistry using default registry
12676 silly mapToRegistry registry https://registry.npmjs.org/
12677 silly mapToRegistry data Result {
12677 silly mapToRegistry   raw: 'depd@https://registry.npmjs.org/depd/-/depd-2.0.0.tgz',
12677 silly mapToRegistry   scope: null,
12677 silly mapToRegistry   name: 'depd',
12677 silly mapToRegistry   rawSpec: 'https://registry.npmjs.org/depd/-/depd-2.0.0.tgz',
12677 silly mapToRegistry   spec: 'https://registry.npmjs.org/depd/-/depd-2.0.0.tgz',
12677 silly mapToRegistry   type: 'remote' }
12678 silly mapToRegistry uri https://registry.npmjs.org/depd/-/depd-2.0.0.tgz
12679 verbose addRemoteTarball https://registry.npmjs.org/depd/-/depd-2.0.0.tgz not in flight; adding
12680 verbose addRemoteTarball [ 'https://registry.npmjs.org/depd/-/depd-2.0.0.tgz', null ]
12681 silly cache add parsed spec Result {
12681 silly cache add   raw: 'encodeurl@https://registry.npmjs.org/encodeurl/-/encodeurl-2.0.0.tgz',
12681 silly cache add   scope: null,
12681 silly cache add   name: 'encodeurl',
12681 silly cache add   rawSpec: 'https://registry.npmjs.org/encodeurl/-/encodeurl-2.0.0.tgz',
12681 silly cache add   spec: 'https://registry.npmjs.org/encodeurl/-/encodeurl-2.0.0.tgz',
12681 silly cache add   type: 'remote' }
12682 silly mapToRegistry name encodeurl@https://registry.npmjs.org/encodeurl/-/encodeurl-2.0.0.tgz
12683 silly mapToRegistry using default registry
12684 silly mapToRegistry registry https://registry.npmjs.org/
12685 silly mapToRegistry data Result {
12685 silly mapToRegistry   raw: 'encodeurl@https://registry.npmjs.org/encodeurl/-/encodeurl-2.0.0.tgz',
12685 silly mapToRegistry   scope: null,
12685 silly mapToRegistry   name: 'encodeurl',
12685 silly mapToRegistry   rawSpec: 'https://registry.npmjs.org/encodeurl/-/encodeurl-2.0.0.tgz',
12685 silly mapToRegistry   spec: 'https://registry.npmjs.org/encodeurl/-/encodeurl-2.0.0.tgz',
12685 silly mapToRegistry   type: 'remote' }
12686 silly mapToRegistry uri https://registry.npmjs.org/encodeurl/-/encodeurl-2.0.0.tgz
12687 verbose addRemoteTarball https://registry.npmjs.org/encodeurl/-/encodeurl-2.0.0.tgz not in flight; adding
12688 verbose addRemoteTarball [ 'https://registry.npmjs.org/encodeurl/-/encodeurl-2.0.0.tgz',
12688 verbose addRemoteTarball   null ]
12689 silly cache add parsed spec Result {
12689 silly cache add   raw: 'finalhandler@https://registry.npmjs.org/finalhandler/-/finalhandler-1.3.1.tgz',
12689 silly cache add   scope: null,
12689 silly cache add   name: 'finalhandler',
12689 silly cache add   rawSpec: 'https://registry.npmjs.org/finalhandler/-/finalhandler-1.3.1.tgz',
12689 silly cache add   spec: 'https://registry.npmjs.org/finalhandler/-/finalhandler-1.3.1.tgz',
12689 silly cache add   type: 'remote' }
12690 silly mapToRegistry name finalhandler@https://registry.npmjs.org/finalhandler/-/finalhandler-1.3.1.tgz
12691 silly mapToRegistry using default registry
12692 silly mapToRegistry registry https://registry.npmjs.org/
12693 silly mapToRegistry data Result {
12693 silly mapToRegistry   raw: 'finalhandler@https://registry.npmjs.org/finalhandler/-/finalhandler-1.3.1.tgz',
12693 silly mapToRegistry   scope: null,
12693 silly mapToRegistry   name: 'finalhandler',
12693 silly mapToRegistry   rawSpec: 'https://registry.npmjs.org/finalhandler/-/finalhandler-1.3.1.tgz',
12693 silly mapToRegistry   spec: 'https://registry.npmjs.org/finalhandler/-/finalhandler-1.3.1.tgz',
12693 silly mapToRegistry   type: 'remote' }
12694 silly mapToRegistry uri https://registry.npmjs.org/finalhandler/-/finalhandler-1.3.1.tgz
12695 verbose addRemoteTarball https://registry.npmjs.org/finalhandler/-/finalhandler-1.3.1.tgz not in flight; adding
12696 verbose addRemoteTarball [ 'https://registry.npmjs.org/finalhandler/-/finalhandler-1.3.1.tgz',
12696 verbose addRemoteTarball   null ]
12697 silly cache add parsed spec Result {
12697 silly cache add   raw: 'on-finished@https://registry.npmjs.org/on-finished/-/on-finished-2.4.1.tgz',
12697 silly cache add   scope: null,
12697 silly cache add   name: 'on-finished',
12697 silly cache add   rawSpec: 'https://registry.npmjs.org/on-finished/-/on-finished-2.4.1.tgz',
12697 silly cache add   spec: 'https://registry.npmjs.org/on-finished/-/on-finished-2.4.1.tgz',
12697 silly cache add   type: 'remote' }
12698 silly mapToRegistry name on-finished@https://registry.npmjs.org/on-finished/-/on-finished-2.4.1.tgz
12699 silly mapToRegistry using default registry
12700 silly mapToRegistry registry https://registry.npmjs.org/
12701 silly mapToRegistry data Result {
12701 silly mapToRegistry   raw: 'on-finished@https://registry.npmjs.org/on-finished/-/on-finished-2.4.1.tgz',
12701 silly mapToRegistry   scope: null,
12701 silly mapToRegistry   name: 'on-finished',
12701 silly mapToRegistry   rawSpec: 'https://registry.npmjs.org/on-finished/-/on-finished-2.4.1.tgz',
12701 silly mapToRegistry   spec: 'https://registry.npmjs.org/on-finished/-/on-finished-2.4.1.tgz',
12701 silly mapToRegistry   type: 'remote' }
12702 silly mapToRegistry uri https://registry.npmjs.org/on-finished/-/on-finished-2.4.1.tgz
12703 verbose addRemoteTarball https://registry.npmjs.org/on-finished/-/on-finished-2.4.1.tgz not in flight; adding
12704 verbose addRemoteTarball [ 'https://registry.npmjs.org/on-finished/-/on-finished-2.4.1.tgz',
12704 verbose addRemoteTarball   null ]
12705 silly cache add parsed spec Result {
12705 silly cache add   raw: 'safe-buffer@https://registry.npmjs.org/safe-buffer/-/safe-buffer-5.2.1.tgz',
12705 silly cache add   scope: null,
12705 silly cache add   name: 'safe-buffer',
12705 silly cache add   rawSpec: 'https://registry.npmjs.org/safe-buffer/-/safe-buffer-5.2.1.tgz',
12705 silly cache add   spec: 'https://registry.npmjs.org/safe-buffer/-/safe-buffer-5.2.1.tgz',
12705 silly cache add   type: 'remote' }
12706 silly mapToRegistry name safe-buffer@https://registry.npmjs.org/safe-buffer/-/safe-buffer-5.2.1.tgz
12707 silly mapToRegistry using default registry
12708 silly mapToRegistry registry https://registry.npmjs.org/
12709 silly mapToRegistry data Result {
12709 silly mapToRegistry   raw: 'safe-buffer@https://registry.npmjs.org/safe-buffer/-/safe-buffer-5.2.1.tgz',
12709 silly mapToRegistry   scope: null,
12709 silly mapToRegistry   name: 'safe-buffer',
12709 silly mapToRegistry   rawSpec: 'https://registry.npmjs.org/safe-buffer/-/safe-buffer-5.2.1.tgz',
12709 silly mapToRegistry   spec: 'https://registry.npmjs.org/safe-buffer/-/safe-buffer-5.2.1.tgz',
12709 silly mapToRegistry   type: 'remote' }
12710 silly mapToRegistry uri https://registry.npmjs.org/safe-buffer/-/safe-buffer-5.2.1.tgz
12711 verbose addRemoteTarball https://registry.npmjs.org/safe-buffer/-/safe-buffer-5.2.1.tgz not in flight; adding
12712 verbose addRemoteTarball [ 'https://registry.npmjs.org/safe-buffer/-/safe-buffer-5.2.1.tgz',
12712 verbose addRemoteTarball   null ]
12713 silly cache add parsed spec Result {
12713 silly cache add   raw: 'statuses@https://registry.npmjs.org/statuses/-/statuses-2.0.1.tgz',
12713 silly cache add   scope: null,
12713 silly cache add   name: 'statuses',
12713 silly cache add   rawSpec: 'https://registry.npmjs.org/statuses/-/statuses-2.0.1.tgz',
12713 silly cache add   spec: 'https://registry.npmjs.org/statuses/-/statuses-2.0.1.tgz',
12713 silly cache add   type: 'remote' }
12714 silly mapToRegistry name statuses@https://registry.npmjs.org/statuses/-/statuses-2.0.1.tgz
12715 silly mapToRegistry using default registry
12716 silly mapToRegistry registry https://registry.npmjs.org/
12717 silly mapToRegistry data Result {
12717 silly mapToRegistry   raw: 'statuses@https://registry.npmjs.org/statuses/-/statuses-2.0.1.tgz',
12717 silly mapToRegistry   scope: null,
12717 silly mapToRegistry   name: 'statuses',
12717 silly mapToRegistry   rawSpec: 'https://registry.npmjs.org/statuses/-/statuses-2.0.1.tgz',
12717 silly mapToRegistry   spec: 'https://registry.npmjs.org/statuses/-/statuses-2.0.1.tgz',
12717 silly mapToRegistry   type: 'remote' }
12718 silly mapToRegistry uri https://registry.npmjs.org/statuses/-/statuses-2.0.1.tgz
12719 verbose addRemoteTarball https://registry.npmjs.org/statuses/-/statuses-2.0.1.tgz not in flight; adding
12720 verbose addRemoteTarball [ 'https://registry.npmjs.org/statuses/-/statuses-2.0.1.tgz',
12720 verbose addRemoteTarball   null ]
12721 silly gunzTarPerm extractEntry build/cjs/transports/websocket.node.js
12722 silly gunzTarPerm extractEntry build/esm-debug/transports/websocket.node.js
12723 silly gunzTarPerm extractEntry dist/commonjs-browser/v35.js
12724 silly gunzTarPerm extractEntry dist/esm-browser/v35.js
12725 silly gunzTarPerm extractEntry build/esm-debug/contrib/backo2.d.ts
12726 silly gunzTarPerm extractEntry lib/platform-shims/esm.mjs
12727 silly gunzTarPerm extractEntry dist/rx.async.min.js
12728 silly gunzTarPerm extractEntry dist/rx.core.testing.js
12729 silly gunzTarPerm extractEntry dist/rx.testing.min.js
12730 silly gunzTarPerm extractEntry dist/govuk/components/date-input/template-complete-question.html
12731 silly gunzTarPerm extractEntry dist/govuk/components/panel/template-custom-heading-level.html
12732 info retry fetch attempt 1 at 6:28:02 PM
12733 info attempt registry request try #1 at 6:28:02 PM
12734 http fetch GET https://registry.npmjs.org/depd/-/depd-2.0.0.tgz
12735 info retry fetch attempt 1 at 6:28:02 PM
12736 info attempt registry request try #1 at 6:28:02 PM
12737 http fetch GET https://registry.npmjs.org/encodeurl/-/encodeurl-2.0.0.tgz
12738 info retry fetch attempt 1 at 6:28:02 PM
12739 info attempt registry request try #1 at 6:28:02 PM
12740 http fetch GET https://registry.npmjs.org/on-finished/-/on-finished-2.4.1.tgz
12741 info retry fetch attempt 1 at 6:28:02 PM
12742 info attempt registry request try #1 at 6:28:02 PM
12743 http fetch GET https://registry.npmjs.org/finalhandler/-/finalhandler-1.3.1.tgz
12744 info retry fetch attempt 1 at 6:28:02 PM
12745 info attempt registry request try #1 at 6:28:02 PM
12746 http fetch GET https://registry.npmjs.org/safe-buffer/-/safe-buffer-5.2.1.tgz
12747 info retry fetch attempt 1 at 6:28:02 PM
12748 info attempt registry request try #1 at 6:28:02 PM
12749 http fetch GET https://registry.npmjs.org/statuses/-/statuses-2.0.1.tgz
12750 silly fetchAndShaCheck shasum ad3ff4c86ec2d029322f5a02c3a9a606c95b3f59
12751 verbose addTmpTarball /var/folders/_4/7hgy5s8d1493hmmc5xj976900000gq/T/npm-47481-492c5c41/registry.npmjs.org/encodeurl/-/encodeurl-1.0.2.tgz not in flight; adding
12752 verbose correctMkdir /Users/andyporter/.npm correctMkdir not in flight; initializing
12753 verbose addTmpTarball validating metadata from /var/folders/_4/7hgy5s8d1493hmmc5xj976900000gq/T/npm-47481-492c5c41/registry.npmjs.org/encodeurl/-/encodeurl-1.0.2.tgz
12754 verbose tar unpack /var/folders/_4/7hgy5s8d1493hmmc5xj976900000gq/T/npm-47481-492c5c41/registry.npmjs.org/encodeurl/-/encodeurl-1.0.2.tgz
12755 verbose tar unpacking to /var/folders/_4/7hgy5s8d1493hmmc5xj976900000gq/T/npm-47481-492c5c41/unpack-5f237dbe
12756 silly gentlyRm /var/folders/_4/7hgy5s8d1493hmmc5xj976900000gq/T/npm-47481-492c5c41/unpack-5f237dbe is being purged
12757 verbose gentlyRm don't care about contents; nuking /var/folders/_4/7hgy5s8d1493hmmc5xj976900000gq/T/npm-47481-492c5c41/unpack-5f237dbe
12758 silly gunzTarPerm extractEntry static/components/lists.html
12759 silly gunzTarPerm extractEntry lib/plugins/network-throttle/network-throttle.directive.html
12760 silly gunzTarPerm extractEntry build/esm/contrib/backo2.d.ts
12761 silly gunzTarPerm extractEntry helpers/helpers.mjs
12762 silly gunzTarPerm modes [ '755', '644' ]
12763 silly gunzTarPerm extractEntry http2.d.ts
12764 silly gunzTarPerm modified mode [ 'http2.d.ts', 511, 493 ]
12765 silly gunzTarPerm extractEntry https.d.ts
12766 silly gunzTarPerm modified mode [ 'https.d.ts', 511, 493 ]
12767 silly gunzTarPerm extractEntry dist/rx.lite.extras.min.js
12768 verbose afterAdd /Users/andyporter/.npm/cookie-signature/1.0.7/package/package.json written
12769 silly gunzTarPerm extractEntry dist/esm/lib/hook-engine.d.ts
12770 silly gunzTarPerm extractEntry dist/commonjs/index.d.ts
12771 silly gunzTarPerm extractEntry recipes/gulp.sass/app/css/main.css
12772 silly gunzTarPerm extractEntry recipes/gulp.sass/app/index.html
12773 silly gunzTarPerm extractEntry compose.js
12774 silly gunzTarPerm extractEntry concat.js
12775 verbose correctMkdir /Users/andyporter/.npm correctMkdir not in flight; initializing
12776 silly cache afterAdd then-request@6.0.2
12777 verbose afterAdd /Users/andyporter/.npm/then-request/6.0.2/package/package.json not in flight; writing
12778 verbose correctMkdir /Users/andyporter/.npm correctMkdir not in flight; initializing
12779 silly gunzTarPerm extractEntry dist/server/proxy-server.js
12780 silly gunzTarPerm extractEntry dist/server/proxy-utils.js
12781 silly gunzTarPerm extractEntry _baseFlatten.js
12782 silly gunzTarPerm extractEntry _baseFor.js
12783 silly gunzTarPerm extractEntry source/promisable.d.ts
12784 silly gunzTarPerm extractEntry source/promise-value.d.ts
12785 silly gunzTarPerm extractEntry
12786 silly gunzTarPerm extractEntry
12787 silly gunzTarPerm extractEntry
12788 silly gunzTarPerm extractEntry dist/esm-node/v35.js
12789 silly gunzTarPerm extractEntry dist/v35.js
12790 http fetch 200 https://registry.npmjs.org/depd/-/depd-2.0.0.tgz
12791 http fetch 200 https://registry.npmjs.org/finalhandler/-/finalhandler-1.3.1.tgz
12792 http fetch 200 https://registry.npmjs.org/statuses/-/statuses-2.0.1.tgz
12793 http fetch 200 https://registry.npmjs.org/encodeurl/-/encodeurl-2.0.0.tgz
12794 http fetch 200 https://registry.npmjs.org/safe-buffer/-/safe-buffer-5.2.1.tgz
12795 silly gunzTarPerm extractEntry package.json
12796 silly gunzTarPerm modified mode [ 'package.json', 438, 420 ]
12797 silly gunzTarPerm extractEntry
12798 silly gunzTarPerm extractEntry dist/govuk/components/notification-banner/template-custom-tabindex.html
12799 silly gunzTarPerm extractEntry dist/govuk/components/date-input/template-day-and-month.html
12800 silly gunzTarPerm extractEntry build/esm/transports/websocket.node.js
12801 silly gunzTarPerm extractEntry build/cjs/transports/webtransport.js
12802 http fetch 200 https://registry.npmjs.org/on-finished/-/on-finished-2.4.1.tgz
12803 verbose afterAdd /Users/andyporter/.npm/then-request/6.0.2/package/package.json written
12804 silly gunzTarPerm extractEntry build/cjs/browser-entrypoint.d.ts
12805 silly gunzTarPerm extractEntry build/esm-debug/browser-entrypoint.d.ts
12806 silly gunzTarPerm extractEntry build/esm/browser-entrypoint.d.ts
12807 silly gunzTarPerm extractEntry index.mjs
12808 silly gunzTarPerm extractEntry index.d.ts
12809 silly gunzTarPerm modified mode [ 'index.d.ts', 511, 493 ]
12810 silly gunzTarPerm extractEntry inspector.d.ts
12811 silly gunzTarPerm modified mode [ 'inspector.d.ts', 511, 493 ]
12812 silly gunzTarPerm extractEntry module.d.ts
12813 silly gunzTarPerm modified mode [ 'module.d.ts', 511, 493 ]
12814 silly gunzTarPerm extractEntry dist/rx.async.js
12815 silly gunzTarPerm extractEntry dist/rx.core.testing.min.js
12816 verbose correctMkdir /Users/andyporter/.npm correctMkdir not in flight; initializing
12817 silly gunzTarPerm extractEntry README.md
12818 silly gunzTarPerm modified mode [ 'README.md', 438, 420 ]
12819 silly gunzTarPerm extractEntry LICENSE
12820 silly gunzTarPerm modified mode [ 'LICENSE', 438, 420 ]
12821 silly gunzTarPerm extractEntry build/cjs/index.d.ts
12822 silly gunzTarPerm extractEntry dist/esm/index.d.ts
12823 silly gunzTarPerm extractEntry dist/commonjs/lib/key.d.ts
12824 silly gunzTarPerm extractEntry net.d.ts
12825 silly gunzTarPerm modified mode [ 'net.d.ts', 511, 493 ]
12826 verbose correctMkdir /Users/andyporter/.npm correctMkdir not in flight; initializing
12827 silly gunzTarPerm extractEntry recipes/gulp.sass/app/scss/main.scss
12828 silly gunzTarPerm extractEntry recipes/gulp.sass/desc.md
12829 silly gunzTarPerm extractEntry build/esm-debug/index.d.ts
12830 silly gunzTarPerm extractEntry dist/public/public-utils.js
12831 silly gunzTarPerm extractEntry _baseForOwn.js
12832 silly gunzTarPerm extractEntry _baseForOwnRight.js
12833 silly gunzTarPerm extractEntry source/readonly-deep.d.ts
12834 silly gunzTarPerm extractEntry source/require-at-least-one.d.ts
12835 silly gunzTarPerm extractEntry dist/commonjs-browser/v4.js
12836 silly gunzTarPerm extractEntry dist/esm-browser/v4.js
12837 silly gunzTarPerm extractEntry lib/plugins/network-throttle/network-throttle.html
12838 silly gunzTarPerm extractEntry static/network-throttle.html
12839 silly fetchAndShaCheck shasum 7b8ea898077d7e409d3ac45474ea38eaf0857a58
12840 verbose addTmpTarball /var/folders/_4/7hgy5s8d1493hmmc5xj976900000gq/T/npm-47481-492c5c41/registry.npmjs.org/encodeurl/-/encodeurl-2.0.0.tgz not in flight; adding
12841 verbose correctMkdir /Users/andyporter/.npm correctMkdir not in flight; initializing
12842 verbose addTmpTarball validating metadata from /var/folders/_4/7hgy5s8d1493hmmc5xj976900000gq/T/npm-47481-492c5c41/registry.npmjs.org/encodeurl/-/encodeurl-2.0.0.tgz
12843 verbose tar unpack /var/folders/_4/7hgy5s8d1493hmmc5xj976900000gq/T/npm-47481-492c5c41/registry.npmjs.org/encodeurl/-/encodeurl-2.0.0.tgz
12844 verbose tar unpacking to /var/folders/_4/7hgy5s8d1493hmmc5xj976900000gq/T/npm-47481-492c5c41/unpack-279289e8
12845 silly gentlyRm /var/folders/_4/7hgy5s8d1493hmmc5xj976900000gq/T/npm-47481-492c5c41/unpack-279289e8 is being purged
12846 verbose gentlyRm don't care about contents; nuking /var/folders/_4/7hgy5s8d1493hmmc5xj976900000gq/T/npm-47481-492c5c41/unpack-279289e8
12847 silly fetchAndShaCheck shasum 0c575f1d1d324ddd1da35ad7ece3df7d19088019
12848 verbose addTmpTarball /var/folders/_4/7hgy5s8d1493hmmc5xj976900000gq/T/npm-47481-492c5c41/registry.npmjs.org/finalhandler/-/finalhandler-1.3.1.tgz not in flight; adding
12849 verbose correctMkdir /Users/andyporter/.npm correctMkdir not in flight; initializing
12850 verbose addTmpTarball validating metadata from /var/folders/_4/7hgy5s8d1493hmmc5xj976900000gq/T/npm-47481-492c5c41/registry.npmjs.org/finalhandler/-/finalhandler-1.3.1.tgz
12851 verbose tar unpack /var/folders/_4/7hgy5s8d1493hmmc5xj976900000gq/T/npm-47481-492c5c41/registry.npmjs.org/finalhandler/-/finalhandler-1.3.1.tgz
12852 verbose tar unpacking to /var/folders/_4/7hgy5s8d1493hmmc5xj976900000gq/T/npm-47481-492c5c41/unpack-568d98f6
12853 silly gentlyRm /var/folders/_4/7hgy5s8d1493hmmc5xj976900000gq/T/npm-47481-492c5c41/unpack-568d98f6 is being purged
12854 verbose gentlyRm don't care about contents; nuking /var/folders/_4/7hgy5s8d1493hmmc5xj976900000gq/T/npm-47481-492c5c41/unpack-568d98f6
12855 silly fetchAndShaCheck shasum 1eaf9fa9bdb1fdd4ec75f58f9cdb4e6b7827eec6
12856 verbose addTmpTarball /var/folders/_4/7hgy5s8d1493hmmc5xj976900000gq/T/npm-47481-492c5c41/registry.npmjs.org/safe-buffer/-/safe-buffer-5.2.1.tgz not in flight; adding
12857 verbose correctMkdir /Users/andyporter/.npm correctMkdir not in flight; initializing
12858 verbose addTmpTarball validating metadata from /var/folders/_4/7hgy5s8d1493hmmc5xj976900000gq/T/npm-47481-492c5c41/registry.npmjs.org/safe-buffer/-/safe-buffer-5.2.1.tgz
12859 verbose tar unpack /var/folders/_4/7hgy5s8d1493hmmc5xj976900000gq/T/npm-47481-492c5c41/registry.npmjs.org/safe-buffer/-/safe-buffer-5.2.1.tgz
12860 verbose tar unpacking to /var/folders/_4/7hgy5s8d1493hmmc5xj976900000gq/T/npm-47481-492c5c41/unpack-7f04b4c1
12861 silly gentlyRm /var/folders/_4/7hgy5s8d1493hmmc5xj976900000gq/T/npm-47481-492c5c41/unpack-7f04b4c1 is being purged
12862 verbose gentlyRm don't care about contents; nuking /var/folders/_4/7hgy5s8d1493hmmc5xj976900000gq/T/npm-47481-492c5c41/unpack-7f04b4c1
12863 silly fetchAndShaCheck shasum b696163cc757560d09cf22cc8fad1571b79e76df
12864 verbose addTmpTarball /var/folders/_4/7hgy5s8d1493hmmc5xj976900000gq/T/npm-47481-492c5c41/registry.npmjs.org/depd/-/depd-2.0.0.tgz not in flight; adding
12865 verbose correctMkdir /Users/andyporter/.npm correctMkdir not in flight; initializing
12866 verbose addTmpTarball validating metadata from /var/folders/_4/7hgy5s8d1493hmmc5xj976900000gq/T/npm-47481-492c5c41/registry.npmjs.org/depd/-/depd-2.0.0.tgz
12867 verbose tar unpack /var/folders/_4/7hgy5s8d1493hmmc5xj976900000gq/T/npm-47481-492c5c41/registry.npmjs.org/depd/-/depd-2.0.0.tgz
12868 verbose tar unpacking to /var/folders/_4/7hgy5s8d1493hmmc5xj976900000gq/T/npm-47481-492c5c41/unpack-ed713c41
12869 silly gentlyRm /var/folders/_4/7hgy5s8d1493hmmc5xj976900000gq/T/npm-47481-492c5c41/unpack-ed713c41 is being purged
12870 verbose gentlyRm don't care about contents; nuking /var/folders/_4/7hgy5s8d1493hmmc5xj976900000gq/T/npm-47481-492c5c41/unpack-ed713c41
12871 silly fetchAndShaCheck shasum 55cb000ccf1d48728bd23c685a063998cf1a1b63
12872 verbose addTmpTarball /var/folders/_4/7hgy5s8d1493hmmc5xj976900000gq/T/npm-47481-492c5c41/registry.npmjs.org/statuses/-/statuses-2.0.1.tgz not in flight; adding
12873 verbose correctMkdir /Users/andyporter/.npm correctMkdir not in flight; initializing
12874 verbose addTmpTarball validating metadata from /var/folders/_4/7hgy5s8d1493hmmc5xj976900000gq/T/npm-47481-492c5c41/registry.npmjs.org/statuses/-/statuses-2.0.1.tgz
12875 verbose tar unpack /var/folders/_4/7hgy5s8d1493hmmc5xj976900000gq/T/npm-47481-492c5c41/registry.npmjs.org/statuses/-/statuses-2.0.1.tgz
12876 verbose tar unpacking to /var/folders/_4/7hgy5s8d1493hmmc5xj976900000gq/T/npm-47481-492c5c41/unpack-b661796e
12877 silly gentlyRm /var/folders/_4/7hgy5s8d1493hmmc5xj976900000gq/T/npm-47481-492c5c41/unpack-b661796e is being purged
12878 verbose gentlyRm don't care about contents; nuking /var/folders/_4/7hgy5s8d1493hmmc5xj976900000gq/T/npm-47481-492c5c41/unpack-b661796e
12879 silly gunzTarPerm extractEntry concatLimit.js
12880 silly gunzTarPerm extractEntry concatSeries.js
12881 silly gunzTarPerm modes [ '755', '644' ]
12882 silly gunzTarPerm modes [ '755', '644' ]
12883 silly gunzTarPerm modes [ '755', '644' ]
12884 silly gunzTarPerm modes [ '755', '644' ]
12885 silly gunzTarPerm modes [ '755', '644' ]
12886 silly gunzTarPerm extractEntry dist/govuk/components/accordion/template-default.html
12887 silly gunzTarPerm extractEntry dist/govuk/components/back-link/template-default.html
12888 verbose correctMkdir /Users/andyporter/.npm correctMkdir not in flight; initializing
12889 silly fetchPackageMetaData @types/node@https://registry.npmjs.org/@types/node/-/node-8.10.66.tgz
12890 silly fetchAndShaCheck shasum 58c8c44116e54845ad57f14ab10b03533184ac3f
12891 verbose addTmpTarball /var/folders/_4/7hgy5s8d1493hmmc5xj976900000gq/T/npm-47481-492c5c41/registry.npmjs.org/on-finished/-/on-finished-2.4.1.tgz not in flight; adding
12892 verbose correctMkdir /Users/andyporter/.npm correctMkdir not in flight; initializing
12893 verbose addTmpTarball validating metadata from /var/folders/_4/7hgy5s8d1493hmmc5xj976900000gq/T/npm-47481-492c5c41/registry.npmjs.org/on-finished/-/on-finished-2.4.1.tgz
12894 verbose tar unpack /var/folders/_4/7hgy5s8d1493hmmc5xj976900000gq/T/npm-47481-492c5c41/registry.npmjs.org/on-finished/-/on-finished-2.4.1.tgz
12895 verbose tar unpacking to /var/folders/_4/7hgy5s8d1493hmmc5xj976900000gq/T/npm-47481-492c5c41/unpack-0d8d0e2b
12896 silly gentlyRm /var/folders/_4/7hgy5s8d1493hmmc5xj976900000gq/T/npm-47481-492c5c41/unpack-0d8d0e2b is being purged
12897 verbose gentlyRm don't care about contents; nuking /var/folders/_4/7hgy5s8d1493hmmc5xj976900000gq/T/npm-47481-492c5c41/unpack-0d8d0e2b
12898 silly gunzTarPerm extractEntry build/esm-debug/transports/webtransport.js
12899 silly gunzTarPerm extractEntry build/esm/transports/webtransport.js
12900 silly gunzTarPerm extractEntry
12901 silly gunzTarPerm extractEntry
12902 silly fetchOtherPackageData @types/node@https://registry.npmjs.org/@types/node/-/node-8.10.66.tgz
12903 silly cache add args [ '@types/node@https://registry.npmjs.org/@types/node/-/node-8.10.66.tgz',
12903 silly cache add   null ]
12904 verbose cache add spec @types/node@https://registry.npmjs.org/@types/node/-/node-8.10.66.tgz
12905 silly gunzTarPerm modes [ '755', '644' ]
12906 silly cache add parsed spec Result {
12906 silly cache add   raw: '@types/node@https://registry.npmjs.org/@types/node/-/node-8.10.66.tgz',
12906 silly cache add   scope: '@types',
12906 silly cache add   name: '@types/node',
12906 silly cache add   rawSpec: 'https://registry.npmjs.org/@types/node/-/node-8.10.66.tgz',
12906 silly cache add   spec: 'https://registry.npmjs.org/@types/node/-/node-8.10.66.tgz',
12906 silly cache add   type: 'remote' }
12907 silly mapToRegistry name @types/node@https://registry.npmjs.org/@types/node/-/node-8.10.66.tgz
12908 silly mapToRegistry scope (from package name) @types
12909 verbose mapToRegistry no registry URL found in name for scope @types
12910 silly mapToRegistry using default registry
12911 silly mapToRegistry registry https://registry.npmjs.org/
12912 silly mapToRegistry data Result {
12912 silly mapToRegistry   raw: '@types/node@https://registry.npmjs.org/@types/node/-/node-8.10.66.tgz',
12912 silly mapToRegistry   scope: '@types',
12912 silly mapToRegistry   name: '@types/node',
12912 silly mapToRegistry   rawSpec: 'https://registry.npmjs.org/@types/node/-/node-8.10.66.tgz',
12912 silly mapToRegistry   spec: 'https://registry.npmjs.org/@types/node/-/node-8.10.66.tgz',
12912 silly mapToRegistry   type: 'remote' }
12913 silly mapToRegistry uri https://registry.npmjs.org/@types/node/-/node-8.10.66.tgz
12914 verbose addRemoteTarball https://registry.npmjs.org/@types/node/-/node-8.10.66.tgz not in flight; adding
12915 verbose addRemoteTarball [ 'https://registry.npmjs.org/@types/node/-/node-8.10.66.tgz',
12915 verbose addRemoteTarball   null ]
12916 silly cache afterAdd node-addon-api@7.1.1
12917 verbose afterAdd /Users/andyporter/.npm/node-addon-api/7.1.1/package/package.json not in flight; writing
12918 verbose correctMkdir /Users/andyporter/.npm correctMkdir not in flight; initializing
12919 silly gunzTarPerm extractEntry dist/rx.async.compat.min.js
12920 silly gunzTarPerm extractEntry dist/rx.experimental.js
12921 silly cache afterAdd qs@6.14.2
12922 verbose afterAdd /Users/andyporter/.npm/qs/6.14.2/package/package.json not in flight; writing
12923 verbose correctMkdir /Users/andyporter/.npm correctMkdir not in flight; initializing
12924 silly gunzTarPerm extractEntry index.js
12925 silly gunzTarPerm modified mode [ 'index.js', 438, 420 ]
12926 silly gunzTarPerm extractEntry HISTORY.md
12927 silly gunzTarPerm modified mode [ 'HISTORY.md', 438, 420 ]
12928 info retry fetch attempt 1 at 6:28:02 PM
12929 info attempt registry request try #1 at 6:28:02 PM
12930 http fetch GET https://registry.npmjs.org/@types/node/-/node-8.10.66.tgz
12931 silly gunzTarPerm extractEntry os.d.ts
12932 silly gunzTarPerm modified mode [ 'os.d.ts', 511, 493 ]
12933 silly gunzTarPerm extractEntry package.json
12934 silly gunzTarPerm modified mode [ 'package.json', 511, 493 ]
12935 silly gunzTarPerm extractEntry path.d.ts
12936 silly gunzTarPerm modified mode [ 'path.d.ts', 511, 493 ]
12937 silly gunzTarPerm extractEntry dist/esm/lib/key.d.ts
12938 silly gunzTarPerm extractEntry dist/commonjs/lib/make-theme.d.ts
12939 silly gunzTarPerm extractEntry LICENSE
12940 silly gunzTarPerm extractEntry LICENSE
12941 silly gunzTarPerm extractEntry LICENSE
12942 silly gunzTarPerm extractEntry package.json
12943 silly gunzTarPerm extractEntry LICENSE
12944 silly gunzTarPerm modified mode [ 'LICENSE', 438, 420 ]
12945 silly gunzTarPerm extractEntry dist/public/reload.js
12946 silly gunzTarPerm extractEntry dist/public/resume.js
12947 silly gunzTarPerm extractEntry _baseForRight.js
12948 silly gunzTarPerm extractEntry _baseFunctions.js
12949 silly gunzTarPerm extractEntry build/esm/index.d.ts
12950 silly gunzTarPerm extractEntry build/cjs/manager.d.ts
12951 silly gunzTarPerm extractEntry internal/consoleFunc.js
12952 silly gunzTarPerm extractEntry constant.js
12953 silly gunzTarPerm extractEntry internal/createTester.js
12954 silly gunzTarPerm extractEntry perf_hooks.d.ts
12955 silly gunzTarPerm modified mode [ 'perf_hooks.d.ts', 511, 493 ]
12956 silly gunzTarPerm extractEntry source/require-exactly-one.d.ts
12957 silly gunzTarPerm extractEntry source/set-optional.d.ts
12958 silly gunzTarPerm extractEntry dist/esm-node/v4.js
12959 silly gunzTarPerm extractEntry dist/v4.js
12960 silly gunzTarPerm extractEntry README.md
12961 verbose afterAdd /Users/andyporter/.npm/node-addon-api/7.1.1/package/package.json written
12962 silly gunzTarPerm extractEntry LICENSE
12963 silly gunzTarPerm extractEntry dist/govuk/components/breadcrumbs/template-default.html
12964 silly gunzTarPerm extractEntry dist/govuk/components/button/template-default.html
12965 verbose correctMkdir /Users/andyporter/.npm correctMkdir not in flight; initializing
12966 silly gunzTarPerm extractEntry build/esm-debug/manager.d.ts
12967 verbose afterAdd /Users/andyporter/.npm/qs/6.14.2/package/package.json written
12968 silly gunzTarPerm extractEntry detect.js
12969 silly gunzTarPerm extractEntry recipes/gulp.sass/readme.md
12970 silly gunzTarPerm extractEntry recipes/gulp.swig/package.json
12971 silly gunzTarPerm extractEntry index.js
12972 silly gunzTarPerm extractEntry package.json
12973 silly gunzTarPerm extractEntry index.js
12974 silly gunzTarPerm extractEntry package.json
12975 silly gunzTarPerm extractEntry index.js
12976 silly gunzTarPerm extractEntry package.json
12977 silly gunzTarPerm extractEntry
12978 silly gunzTarPerm extractEntry
12979 silly gunzTarPerm extractEntry
12980 silly gunzTarPerm extractEntry History.md
12981 silly gunzTarPerm extractEntry index.js
12982 silly gunzTarPerm extractEntry index.js
12983 silly gunzTarPerm modified mode [ 'index.js', 438, 420 ]
12984 silly gunzTarPerm extractEntry codes.json
12985 silly gunzTarPerm modified mode [ 'codes.json', 438, 420 ]
12986 silly gunzTarPerm extractEntry build/cjs/package.json
12987 silly gunzTarPerm extractEntry build/esm-debug/package.json
12988 verbose correctMkdir /Users/andyporter/.npm correctMkdir not in flight; initializing
12989 silly gunzTarPerm extractEntry build/esm/manager.d.ts
12990 silly gunzTarPerm extractEntry detectLimit.js
12991 http fetch 200 https://registry.npmjs.org/@types/node/-/node-8.10.66.tgz
12992 silly gunzTarPerm extractEntry lib/plugins/remote-debug/no-cache.html
12993 silly gunzTarPerm extractEntry
12994 silly cache afterAdd universal-analytics@0.5.3
12995 verbose afterAdd /Users/andyporter/.npm/universal-analytics/0.5.3/package/package.json not in flight; writing
12996 verbose correctMkdir /Users/andyporter/.npm correctMkdir not in flight; initializing
12997 silly gunzTarPerm extractEntry index.js
12998 silly gunzTarPerm extractEntry package.json
12999 silly gunzTarPerm extractEntry dist/rx.time.js
13000 silly gunzTarPerm extractEntry dist/rx.lite.extras.js
13001 silly gunzTarPerm extractEntry dist/rx.async.compat.js
13002 silly gunzTarPerm extractEntry build/cjs/on.d.ts
13003 silly gunzTarPerm extractEntry detectSeries.js
13004 silly gunzTarPerm extractEntry
13005 silly gunzTarPerm extractEntry dist/esm/lib/make-theme.d.ts
13006 silly gunzTarPerm extractEntry dist/commonjs/lib/promise-polyfill.d.ts
13007 silly gunzTarPerm extractEntry dist/rx.experimental.min.js
13008 silly gunzTarPerm extractEntry dir.js
13009 silly gunzTarPerm extractEntry _baseGet.js
13010 silly gunzTarPerm extractEntry _baseGetAllKeys.js
13011 silly cache afterAdd @nodelib/fs.scandir@2.1.5
13012 verbose afterAdd /Users/andyporter/.npm/@nodelib/fs.scandir/2.1.5/package/package.json not in flight; writing
13013 verbose correctMkdir /Users/andyporter/.npm correctMkdir not in flight; initializing
13014 silly gunzTarPerm extractEntry dist/govuk/components/character-count/template-default.html
13015 silly gunzTarPerm extractEntry dist/govuk/components/checkboxes/template-default.html
13016 silly gunzTarPerm extractEntry process.d.ts
13017 silly gunzTarPerm modified mode [ 'process.d.ts', 511, 493 ]
13018 silly gunzTarPerm extractEntry punycode.d.ts
13019 silly gunzTarPerm modified mode [ 'punycode.d.ts', 511, 493 ]
13020 silly gunzTarPerm extractEntry recipes/gulp.swig/.npmignore
13021 silly gunzTarPerm extractEntry recipes/gulp.swig/gulpfile.js
13022 silly gunzTarPerm extractEntry dist/commonjs-browser/v5.js
13023 silly gunzTarPerm extractEntry dist/esm-browser/v5.js
13024 silly gunzTarPerm extractEntry source/set-required.d.ts
13025 silly gunzTarPerm extractEntry source/set-return-type.d.ts
13026 silly gunzTarPerm extractEntry dist/server/serve-static-wrapper.js
13027 silly gunzTarPerm extractEntry dist/server/snippet-server.js
13028 silly gunzTarPerm extractEntry dist/rx.all.min.js
13029 silly cache afterAdd socket.io-parser@4.2.4
13030 verbose afterAdd /Users/andyporter/.npm/socket.io-parser/4.2.4/package/package.json not in flight; writing
13031 verbose correctMkdir /Users/andyporter/.npm correctMkdir not in flight; initializing
13032 verbose afterAdd /Users/andyporter/.npm/universal-analytics/0.5.3/package/package.json written
13033 silly gunzTarPerm extractEntry doDuring.js
13034 silly gunzTarPerm extractEntry README.md
13035 silly gunzTarPerm extractEntry HISTORY.md
13036 silly gunzTarPerm extractEntry README.md
13037 silly gunzTarPerm extractEntry SECURITY.md
13038 silly gunzTarPerm extractEntry dist/rx.joinpatterns.js
13039 silly gunzTarPerm extractEntry README.md
13040 silly gunzTarPerm extractEntry index.d.ts
13041 silly gunzTarPerm extractEntry LICENSE
13042 silly gunzTarPerm extractEntry package.json
13043 silly gunzTarPerm modified mode [ 'package.json', 438, 420 ]
13044 silly gunzTarPerm extractEntry HISTORY.md
13045 silly gunzTarPerm modified mode [ 'HISTORY.md', 438, 420 ]
13046 silly gunzTarPerm extractEntry build/esm/package.json
13047 silly gunzTarPerm extractEntry package.json
13048 silly gunzTarPerm extractEntry internal/doLimit.js
13049 verbose correctMkdir /Users/andyporter/.npm correctMkdir not in flight; initializing
13050 silly gunzTarPerm extractEntry lib/plugins/remote-debug/overlay-grid/overlay-grid.html
13051 silly gunzTarPerm extractEntry lib/plugins/overview/overview.html
13052 silly gunzTarPerm extractEntry static/components/panels.html
13053 silly gunzTarPerm extractEntry build/esm-debug/on.d.ts
13054 silly gunzTarPerm extractEntry build/esm/on.d.ts
13055 silly gunzTarPerm extractEntry build/cjs/socket.d.ts
13056 silly gunzTarPerm extractEntry HISTORY.md
13057 silly gunzTarPerm extractEntry README.md
13058 verbose afterAdd /Users/andyporter/.npm/@nodelib/fs.scandir/2.1.5/package/package.json written
13059 silly gunzTarPerm extractEntry internal/doParallel.js
13060 silly gunzTarPerm extractEntry dist/esm/lib/promise-polyfill.d.ts
13061 silly gunzTarPerm extractEntry dist/commonjs/lib/screen-manager.d.ts
13062 verbose afterAdd /Users/andyporter/.npm/socket.io-parser/4.2.4/package/package.json written
13063 silly gunzTarPerm extractEntry dist/rx.time.min.js
13064 silly gunzTarPerm extractEntry lib/plugins/plugins/plugins.html
13065 silly gunzTarPerm extractEntry build/esm-debug/socket.d.ts
13066 silly gunzTarPerm extractEntry build/esm/socket.d.ts
13067 silly gunzTarPerm extractEntry build/cjs/url.d.ts
13068 silly gunzTarPerm extractEntry build/esm-debug/url.d.ts
13069 silly gunzTarPerm extractEntry build/esm/url.d.ts
13070 silly gunzTarPerm extractEntry
13071 silly gunzTarPerm extractEntry
13072 silly gunzTarPerm extractEntry internal/doParallelLimit.js
13073 silly gunzTarPerm extractEntry _baseGetTag.js
13074 silly gunzTarPerm extractEntry _baseGt.js
13075 silly fetchAndShaCheck shasum dd035d409df322acc83dff62a602f12a5783bbb3
13076 verbose addTmpTarball /var/folders/_4/7hgy5s8d1493hmmc5xj976900000gq/T/npm-47481-492c5c41/registry.npmjs.org/_40types/node/-/node-8.10.66.tgz not in flight; adding
13077 verbose correctMkdir /Users/andyporter/.npm correctMkdir not in flight; initializing
13078 verbose addTmpTarball validating metadata from /var/folders/_4/7hgy5s8d1493hmmc5xj976900000gq/T/npm-47481-492c5c41/registry.npmjs.org/_40types/node/-/node-8.10.66.tgz
13079 verbose tar unpack /var/folders/_4/7hgy5s8d1493hmmc5xj976900000gq/T/npm-47481-492c5c41/registry.npmjs.org/_40types/node/-/node-8.10.66.tgz
13080 verbose tar unpacking to /var/folders/_4/7hgy5s8d1493hmmc5xj976900000gq/T/npm-47481-492c5c41/unpack-9f547af4
13081 silly gentlyRm /var/folders/_4/7hgy5s8d1493hmmc5xj976900000gq/T/npm-47481-492c5c41/unpack-9f547af4 is being purged
13082 verbose gentlyRm don't care about contents; nuking /var/folders/_4/7hgy5s8d1493hmmc5xj976900000gq/T/npm-47481-492c5c41/unpack-9f547af4
13083 silly gunzTarPerm extractEntry dist/govuk/components/cookie-banner/template-default.html
13084 silly gunzTarPerm extractEntry dist/govuk/components/date-input/template-default.html
13085 silly gunzTarPerm extractEntry dist/rx.lite.extras.compat.min.js
13086 silly gunzTarPerm modes [ '755', '644' ]
13087 silly gunzTarPerm extractEntry internal/DoublyLinkedList.js
13088 silly gunzTarPerm extractEntry querystring.d.ts
13089 silly gunzTarPerm modified mode [ 'querystring.d.ts', 511, 493 ]
13090 silly gunzTarPerm extractEntry dist/esm-node/v5.js
13091 silly gunzTarPerm extractEntry dist/v5.js
13092 silly gunzTarPerm extractEntry recipes/gulp.swig/app/css/main.css
13093 silly gunzTarPerm extractEntry recipes/gulp.swig/app/index.html
13094 silly gunzTarPerm extractEntry dist/snippet.js
13095 silly gunzTarPerm extractEntry dist/sockets.js
13096 silly gunzTarPerm extractEntry source/simplify.d.ts
13097 silly gunzTarPerm extractEntry ts41/snake-case.d.ts
13098 silly gunzTarPerm extractEntry dist/rx.all.js
13099 silly gunzTarPerm extractEntry doUntil.js
13100 verbose correctMkdir /Users/andyporter/.npm correctMkdir not in flight; initializing
13101 silly gunzTarPerm extractEntry Readme.md
13102 silly gunzTarPerm extractEntry lib/browser/index.js
13103 silly gunzTarPerm extractEntry README.md
13104 silly gunzTarPerm modified mode [ 'README.md', 438, 420 ]
13105 silly gunzTarPerm extractEntry dist/engine.io.esm.min.js.map
13106 silly cache afterAdd readable-stream@2.3.7
13107 verbose afterAdd /Users/andyporter/.npm/readable-stream/2.3.7/package/package.json not in flight; writing
13108 verbose correctMkdir /Users/andyporter/.npm correctMkdir not in flight; initializing
13109 silly gunzTarPerm extractEntry dist/engine.io.js.map
13110 silly gunzTarPerm extractEntry doWhilst.js
13111 silly cache afterAdd @nodelib/fs.walk@1.2.8
13112 verbose afterAdd /Users/andyporter/.npm/@nodelib/fs.walk/1.2.8/package/package.json not in flight; writing
13113 verbose correctMkdir /Users/andyporter/.npm correctMkdir not in flight; initializing
13114 silly fetchPackageMetaData debug@https://registry.npmjs.org/debug/-/debug-4.3.4.tgz
13115 silly fetchPackageMetaData ms@https://registry.npmjs.org/ms/-/ms-2.1.2.tgz
13116 silly gunzTarPerm extractEntry dist/rx.joinpatterns.min.js
13117 silly gunzTarPerm extractEntry LICENSE
13118 silly gunzTarPerm modified mode [ 'LICENSE', 438, 420 ]
13119 silly gunzTarPerm extractEntry
13120 silly gunzTarPerm extractEntry
13121 silly fetchOtherPackageData debug@https://registry.npmjs.org/debug/-/debug-4.3.4.tgz
13122 silly cache add args [ 'debug@https://registry.npmjs.org/debug/-/debug-4.3.4.tgz',
13122 silly cache add   null ]
13123 verbose cache add spec debug@https://registry.npmjs.org/debug/-/debug-4.3.4.tgz
13124 silly fetchOtherPackageData ms@https://registry.npmjs.org/ms/-/ms-2.1.2.tgz
13125 silly cache add args [ 'ms@https://registry.npmjs.org/ms/-/ms-2.1.2.tgz', null ]
13126 verbose cache add spec ms@https://registry.npmjs.org/ms/-/ms-2.1.2.tgz
13127 silly gunzTarPerm extractEntry dist/esm/lib/screen-manager.d.ts
13128 silly gunzTarPerm extractEntry dist/commonjs/lib/Separator.d.ts
13129 silly gunzTarPerm extractEntry _baseHas.js
13130 silly gunzTarPerm extractEntry _baseHasIn.js
13131 silly gunzTarPerm extractEntry static/plugins.html
13132 silly gunzTarPerm extractEntry public/img/icons/preview.html
13133 silly gunzTarPerm extractEntry dist/govuk/components/details/template-default.html
13134 silly gunzTarPerm extractEntry dist/govuk/components/error-message/template-default.html
13135 silly fetchPackageMetaData debug@https://registry.npmjs.org/debug/-/debug-4.3.2.tgz
13136 silly fetchPackageMetaData ms@https://registry.npmjs.org/ms/-/ms-2.1.2.tgz
13137 silly fetchPackageMetaData uuid@https://registry.npmjs.org/uuid/-/uuid-8.3.2.tgz
13138 silly cache add parsed spec Result {
13138 silly cache add   raw: 'debug@https://registry.npmjs.org/debug/-/debug-4.3.4.tgz',
13138 silly cache add   scope: null,
13138 silly cache add   name: 'debug',
13138 silly cache add   rawSpec: 'https://registry.npmjs.org/debug/-/debug-4.3.4.tgz',
13138 silly cache add   spec: 'https://registry.npmjs.org/debug/-/debug-4.3.4.tgz',
13138 silly cache add   type: 'remote' }
13139 silly mapToRegistry name debug@https://registry.npmjs.org/debug/-/debug-4.3.4.tgz
13140 silly mapToRegistry using default registry
13141 silly mapToRegistry registry https://registry.npmjs.org/
13142 silly mapToRegistry data Result {
13142 silly mapToRegistry   raw: 'debug@https://registry.npmjs.org/debug/-/debug-4.3.4.tgz',
13142 silly mapToRegistry   scope: null,
13142 silly mapToRegistry   name: 'debug',
13142 silly mapToRegistry   rawSpec: 'https://registry.npmjs.org/debug/-/debug-4.3.4.tgz',
13142 silly mapToRegistry   spec: 'https://registry.npmjs.org/debug/-/debug-4.3.4.tgz',
13142 silly mapToRegistry   type: 'remote' }
13143 silly mapToRegistry uri https://registry.npmjs.org/debug/-/debug-4.3.4.tgz
13144 verbose addRemoteTarball https://registry.npmjs.org/debug/-/debug-4.3.4.tgz not in flight; adding
13145 verbose addRemoteTarball [ 'https://registry.npmjs.org/debug/-/debug-4.3.4.tgz', null ]
13146 silly cache add parsed spec Result {
13146 silly cache add   raw: 'ms@https://registry.npmjs.org/ms/-/ms-2.1.2.tgz',
13146 silly cache add   scope: null,
13146 silly cache add   name: 'ms',
13146 silly cache add   rawSpec: 'https://registry.npmjs.org/ms/-/ms-2.1.2.tgz',
13146 silly cache add   spec: 'https://registry.npmjs.org/ms/-/ms-2.1.2.tgz',
13146 silly cache add   type: 'remote' }
13147 silly mapToRegistry name ms@https://registry.npmjs.org/ms/-/ms-2.1.2.tgz
13148 silly mapToRegistry using default registry
13149 silly mapToRegistry registry https://registry.npmjs.org/
13150 silly mapToRegistry data Result {
13150 silly mapToRegistry   raw: 'ms@https://registry.npmjs.org/ms/-/ms-2.1.2.tgz',
13150 silly mapToRegistry   scope: null,
13150 silly mapToRegistry   name: 'ms',
13150 silly mapToRegistry   rawSpec: 'https://registry.npmjs.org/ms/-/ms-2.1.2.tgz',
13150 silly mapToRegistry   spec: 'https://registry.npmjs.org/ms/-/ms-2.1.2.tgz',
13150 silly mapToRegistry   type: 'remote' }
13151 silly mapToRegistry uri https://registry.npmjs.org/ms/-/ms-2.1.2.tgz
13152 verbose addRemoteTarball https://registry.npmjs.org/ms/-/ms-2.1.2.tgz not in flight; adding
13153 verbose addRemoteTarball [ 'https://registry.npmjs.org/ms/-/ms-2.1.2.tgz', null ]
13154 silly gunzTarPerm extractEntry dist/rx.all.compat.min.js
13155 silly fetchOtherPackageData debug@https://registry.npmjs.org/debug/-/debug-4.3.2.tgz
13156 silly cache add args [ 'debug@https://registry.npmjs.org/debug/-/debug-4.3.2.tgz',
13156 silly cache add   null ]
13157 verbose cache add spec debug@https://registry.npmjs.org/debug/-/debug-4.3.2.tgz
13158 silly fetchOtherPackageData ms@https://registry.npmjs.org/ms/-/ms-2.1.2.tgz
13159 silly cache add args [ 'ms@https://registry.npmjs.org/ms/-/ms-2.1.2.tgz', null ]
13160 verbose cache add spec ms@https://registry.npmjs.org/ms/-/ms-2.1.2.tgz
13161 silly fetchOtherPackageData uuid@https://registry.npmjs.org/uuid/-/uuid-8.3.2.tgz
13162 silly cache add args [ 'uuid@https://registry.npmjs.org/uuid/-/uuid-8.3.2.tgz',
13162 silly cache add   null ]
13163 verbose cache add spec uuid@https://registry.npmjs.org/uuid/-/uuid-8.3.2.tgz
13164 silly gunzTarPerm extractEntry source/stringified.d.ts
13165 silly gunzTarPerm extractEntry source/tsconfig-json.d.ts
13166 silly gunzTarPerm extractEntry dist/commonjs-browser/validate.js
13167 silly gunzTarPerm extractEntry dist/esm-browser/validate.js
13168 verbose afterAdd /Users/andyporter/.npm/readable-stream/2.3.7/package/package.json written
13169 silly cache add parsed spec Result {
13169 silly cache add   raw: 'debug@https://registry.npmjs.org/debug/-/debug-4.3.2.tgz',
13169 silly cache add   scope: null,
13169 silly cache add   name: 'debug',
13169 silly cache add   rawSpec: 'https://registry.npmjs.org/debug/-/debug-4.3.2.tgz',
13169 silly cache add   spec: 'https://registry.npmjs.org/debug/-/debug-4.3.2.tgz',
13169 silly cache add   type: 'remote' }
13170 silly mapToRegistry name debug@https://registry.npmjs.org/debug/-/debug-4.3.2.tgz
13171 silly mapToRegistry using default registry
13172 silly mapToRegistry registry https://registry.npmjs.org/
13173 silly mapToRegistry data Result {
13173 silly mapToRegistry   raw: 'debug@https://registry.npmjs.org/debug/-/debug-4.3.2.tgz',
13173 silly mapToRegistry   scope: null,
13173 silly mapToRegistry   name: 'debug',
13173 silly mapToRegistry   rawSpec: 'https://registry.npmjs.org/debug/-/debug-4.3.2.tgz',
13173 silly mapToRegistry   spec: 'https://registry.npmjs.org/debug/-/debug-4.3.2.tgz',
13173 silly mapToRegistry   type: 'remote' }
13174 silly mapToRegistry uri https://registry.npmjs.org/debug/-/debug-4.3.2.tgz
13175 verbose addRemoteTarball https://registry.npmjs.org/debug/-/debug-4.3.2.tgz not in flight; adding
13176 verbose addRemoteTarball [ 'https://registry.npmjs.org/debug/-/debug-4.3.2.tgz', null ]
13177 silly cache add parsed spec Result {
13177 silly cache add   raw: 'ms@https://registry.npmjs.org/ms/-/ms-2.1.2.tgz',
13177 silly cache add   scope: null,
13177 silly cache add   name: 'ms',
13177 silly cache add   rawSpec: 'https://registry.npmjs.org/ms/-/ms-2.1.2.tgz',
13177 silly cache add   spec: 'https://registry.npmjs.org/ms/-/ms-2.1.2.tgz',
13177 silly cache add   type: 'remote' }
13178 silly mapToRegistry name ms@https://registry.npmjs.org/ms/-/ms-2.1.2.tgz
13179 silly mapToRegistry using default registry
13180 silly mapToRegistry registry https://registry.npmjs.org/
13181 silly mapToRegistry data Result {
13181 silly mapToRegistry   raw: 'ms@https://registry.npmjs.org/ms/-/ms-2.1.2.tgz',
13181 silly mapToRegistry   scope: null,
13181 silly mapToRegistry   name: 'ms',
13181 silly mapToRegistry   rawSpec: 'https://registry.npmjs.org/ms/-/ms-2.1.2.tgz',
13181 silly mapToRegistry   spec: 'https://registry.npmjs.org/ms/-/ms-2.1.2.tgz',
13181 silly mapToRegistry   type: 'remote' }
13182 silly mapToRegistry uri https://registry.npmjs.org/ms/-/ms-2.1.2.tgz
13183 verbose addRemoteTarball https://registry.npmjs.org/ms/-/ms-2.1.2.tgz already in flight; waiting
13184 silly cache add parsed spec Result {
13184 silly cache add   raw: 'uuid@https://registry.npmjs.org/uuid/-/uuid-8.3.2.tgz',
13184 silly cache add   scope: null,
13184 silly cache add   name: 'uuid',
13184 silly cache add   rawSpec: 'https://registry.npmjs.org/uuid/-/uuid-8.3.2.tgz',
13184 silly cache add   spec: 'https://registry.npmjs.org/uuid/-/uuid-8.3.2.tgz',
13184 silly cache add   type: 'remote' }
13185 silly mapToRegistry name uuid@https://registry.npmjs.org/uuid/-/uuid-8.3.2.tgz
13186 silly mapToRegistry using default registry
13187 silly mapToRegistry registry https://registry.npmjs.org/
13188 silly mapToRegistry data Result {
13188 silly mapToRegistry   raw: 'uuid@https://registry.npmjs.org/uuid/-/uuid-8.3.2.tgz',
13188 silly mapToRegistry   scope: null,
13188 silly mapToRegistry   name: 'uuid',
13188 silly mapToRegistry   rawSpec: 'https://registry.npmjs.org/uuid/-/uuid-8.3.2.tgz',
13188 silly mapToRegistry   spec: 'https://registry.npmjs.org/uuid/-/uuid-8.3.2.tgz',
13188 silly mapToRegistry   type: 'remote' }
13189 silly mapToRegistry uri https://registry.npmjs.org/uuid/-/uuid-8.3.2.tgz
13190 verbose addRemoteTarball https://registry.npmjs.org/uuid/-/uuid-8.3.2.tgz not in flight; adding
13191 verbose addRemoteTarball [ 'https://registry.npmjs.org/uuid/-/uuid-8.3.2.tgz', null ]
13192 info retry fetch attempt 1 at 6:28:02 PM
13193 info attempt registry request try #1 at 6:28:02 PM
13194 http fetch GET https://registry.npmjs.org/debug/-/debug-4.3.4.tgz
13195 info retry fetch attempt 1 at 6:28:02 PM
13196 info attempt registry request try #1 at 6:28:02 PM
13197 http fetch GET https://registry.npmjs.org/ms/-/ms-2.1.2.tgz
13198 silly gunzTarPerm extractEntry readline.d.ts
13199 silly gunzTarPerm modified mode [ 'readline.d.ts', 511, 493 ]
13200 silly gunzTarPerm extractEntry repl.d.ts
13201 silly gunzTarPerm modified mode [ 'repl.d.ts', 511, 493 ]
13202 silly gunzTarPerm extractEntry dist/server/static-server.js
13203 silly gunzTarPerm extractEntry dist/public/stream.js
13204 verbose afterAdd /Users/andyporter/.npm/@nodelib/fs.walk/1.2.8/package/package.json written
13205 silly gunzTarPerm extractEntry README.md
13206 silly gunzTarPerm modified mode [ 'README.md', 438, 420 ]
13207 silly gunzTarPerm extractEntry base.d.ts
13208 silly gunzTarPerm modified mode [ 'base.d.ts', 438, 420 ]
13209 silly gunzTarPerm extractEntry recipes/gulp.swig/app/scss/main.scss
13210 silly gunzTarPerm extractEntry recipes/gulp.swig/desc.md
13211 info retry fetch attempt 1 at 6:28:02 PM
13212 info attempt registry request try #1 at 6:28:02 PM
13213 http fetch GET https://registry.npmjs.org/uuid/-/uuid-8.3.2.tgz
13214 info retry fetch attempt 1 at 6:28:02 PM
13215 info attempt registry request try #1 at 6:28:02 PM
13216 http fetch GET https://registry.npmjs.org/debug/-/debug-4.3.2.tgz
13217 silly cache afterAdd marked@4.3.0
13218 verbose afterAdd /Users/andyporter/.npm/marked/4.3.0/package/package.json not in flight; writing
13219 verbose correctMkdir /Users/andyporter/.npm correctMkdir not in flight; initializing
13220 silly gunzTarPerm extractEntry dist/engine.io.min.js.map
13221 silly gunzTarPerm extractEntry dist/rx.js
13222 silly gunzTarPerm extractEntry
13223 silly gunzTarPerm extractEntry
13224 silly gunzTarPerm extractEntry
13225 silly gunzTarPerm extractEntry lib/plugins/remote-debug/remote-debug.html
13226 silly gunzTarPerm extractEntry dist/govuk/components/error-summary/template-default.html
13227 silly gunzTarPerm extractEntry dist/govuk/components/exit-this-page/template-default.html
13228 silly gunzTarPerm extractEntry during.js
13229 silly gunzTarPerm extractEntry each.js
13230 silly gunzTarPerm extractEntry eachLimit.js
13231 silly gunzTarPerm extractEntry _baseIndexOf.js
13232 silly gunzTarPerm extractEntry _baseIndexOfWith.js
13233 silly gunzTarPerm extractEntry
13234 silly gunzTarPerm extractEntry source/typed-array.d.ts
13235 silly gunzTarPerm extractEntry source/union-to-intersection.d.ts
13236 verbose afterAdd /Users/andyporter/.npm/marked/4.3.0/package/package.json written
13237 http fetch 200 https://registry.npmjs.org/inherits/-/inherits-2.0.4.tgz
13238 silly gunzTarPerm extractEntry eachOf.js
13239 silly gunzTarPerm extractEntry stream.d.ts
13240 silly gunzTarPerm modified mode [ 'stream.d.ts', 511, 493 ]
13241 silly gunzTarPerm extractEntry string_decoder.d.ts
13242 silly gunzTarPerm modified mode [ 'string_decoder.d.ts', 511, 493 ]
13243 silly gunzTarPerm extractEntry dist/esm-node/validate.js
13244 silly gunzTarPerm extractEntry dist/validate.js
13245 silly gunzTarPerm extractEntry dist/esm/lib/Separator.d.ts
13246 silly gunzTarPerm extractEntry dist/commonjs/lib/theme.d.ts
13247 silly cache afterAdd debug@4.3.7
13248 verbose afterAdd /Users/andyporter/.npm/debug/4.3.7/package/package.json not in flight; writing
13249 verbose correctMkdir /Users/andyporter/.npm correctMkdir not in flight; initializing
13250 silly gunzTarPerm extractEntry
13251 silly gunzTarPerm extractEntry dist/tunnel.js
13252 silly gunzTarPerm extractEntry dist/types.js
13253 http fetch 200 https://registry.npmjs.org/debug/-/debug-4.3.4.tgz
13254 silly gunzTarPerm extractEntry recipes/gulp.swig/readme.md
13255 silly gunzTarPerm extractEntry recipes/gulp.task.sequence/package.json
13256 http fetch 200 https://registry.npmjs.org/debug/-/debug-4.3.2.tgz
13257 http fetch 200 https://registry.npmjs.org/ms/-/ms-2.1.2.tgz
13258 silly gunzTarPerm extractEntry README.md
13259 silly gunzTarPerm extractEntry dist/govuk/components/fieldset/template-default.html
13260 silly gunzTarPerm extractEntry dist/govuk/components/file-upload/template-default.html
13261 verbose afterAdd /Users/andyporter/.npm/debug/4.3.7/package/package.json written
13262 http fetch 200 https://registry.npmjs.org/uuid/-/uuid-8.3.2.tgz
13263 silly gunzTarPerm extractEntry _baseInRange.js
13264 silly gunzTarPerm extractEntry _baseIntersection.js
13265 silly gunzTarPerm extractEntry static/remote-debug.html
13266 silly gunzTarPerm extractEntry static/server-info-snippet.html
13267 silly gunzTarPerm extractEntry index.d.ts
13268 silly gunzTarPerm modified mode [ 'index.d.ts', 438, 420 ]
13269 silly gunzTarPerm extractEntry source/utilities.d.ts
13270 silly gunzTarPerm extractEntry ts41/utilities.d.ts
13271 silly fetchAndShaCheck shasum 0fa2c64f932917c3433a0ded55363aae37416b7c
13272 verbose addTmpTarball /var/folders/_4/7hgy5s8d1493hmmc5xj976900000gq/T/npm-47481-492c5c41/registry.npmjs.org/inherits/-/inherits-2.0.4.tgz not in flight; adding
13273 verbose correctMkdir /Users/andyporter/.npm correctMkdir not in flight; initializing
13274 verbose addTmpTarball validating metadata from /var/folders/_4/7hgy5s8d1493hmmc5xj976900000gq/T/npm-47481-492c5c41/registry.npmjs.org/inherits/-/inherits-2.0.4.tgz
13275 verbose tar unpack /var/folders/_4/7hgy5s8d1493hmmc5xj976900000gq/T/npm-47481-492c5c41/registry.npmjs.org/inherits/-/inherits-2.0.4.tgz
13276 verbose tar unpacking to /var/folders/_4/7hgy5s8d1493hmmc5xj976900000gq/T/npm-47481-492c5c41/unpack-b682baa7
13277 silly gentlyRm /var/folders/_4/7hgy5s8d1493hmmc5xj976900000gq/T/npm-47481-492c5c41/unpack-b682baa7 is being purged
13278 verbose gentlyRm don't care about contents; nuking /var/folders/_4/7hgy5s8d1493hmmc5xj976900000gq/T/npm-47481-492c5c41/unpack-b682baa7
13279 silly gunzTarPerm extractEntry eachOfLimit.js
13280 silly gunzTarPerm extractEntry internal/eachOfLimit.js
13281 silly gunzTarPerm extractEntry timers.d.ts
13282 silly gunzTarPerm modified mode [ 'timers.d.ts', 511, 493 ]
13283 silly gunzTarPerm extractEntry tls.d.ts
13284 silly gunzTarPerm modified mode [ 'tls.d.ts', 511, 493 ]
13285 silly gunzTarPerm extractEntry trace_events.d.ts
13286 silly gunzTarPerm modified mode [ 'trace_events.d.ts', 511, 493 ]
13287 silly gunzTarPerm extractEntry dist/commonjs-browser/version.js
13288 silly gunzTarPerm extractEntry dist/esm-browser/version.js
13289 silly gunzTarPerm modes [ '755', '644' ]
13290 silly gunzTarPerm extractEntry dist/esm/lib/theme.d.ts
13291 silly gunzTarPerm extractEntry dist/commonjs/lib/use-effect.d.ts
13292 silly fetchAndShaCheck shasum 1319f6579357f2338d3337d2cdd4914bb5dcc865
13293 verbose addTmpTarball /var/folders/_4/7hgy5s8d1493hmmc5xj976900000gq/T/npm-47481-492c5c41/registry.npmjs.org/debug/-/debug-4.3.4.tgz not in flight; adding
13294 verbose correctMkdir /Users/andyporter/.npm correctMkdir not in flight; initializing
13295 verbose addTmpTarball validating metadata from /var/folders/_4/7hgy5s8d1493hmmc5xj976900000gq/T/npm-47481-492c5c41/registry.npmjs.org/debug/-/debug-4.3.4.tgz
13296 verbose tar unpack /var/folders/_4/7hgy5s8d1493hmmc5xj976900000gq/T/npm-47481-492c5c41/registry.npmjs.org/debug/-/debug-4.3.4.tgz
13297 verbose tar unpacking to /var/folders/_4/7hgy5s8d1493hmmc5xj976900000gq/T/npm-47481-492c5c41/unpack-34fcfb4e
13298 silly gentlyRm /var/folders/_4/7hgy5s8d1493hmmc5xj976900000gq/T/npm-47481-492c5c41/unpack-34fcfb4e is being purged
13299 verbose gentlyRm don't care about contents; nuking /var/folders/_4/7hgy5s8d1493hmmc5xj976900000gq/T/npm-47481-492c5c41/unpack-34fcfb4e
13300 silly fetchAndShaCheck shasum d09d1f357b443f493382a8eb3ccd183872ae6009
13301 verbose addTmpTarball /var/folders/_4/7hgy5s8d1493hmmc5xj976900000gq/T/npm-47481-492c5c41/registry.npmjs.org/ms/-/ms-2.1.2.tgz not in flight; adding
13302 verbose correctMkdir /Users/andyporter/.npm correctMkdir not in flight; initializing
13303 verbose addTmpTarball validating metadata from /var/folders/_4/7hgy5s8d1493hmmc5xj976900000gq/T/npm-47481-492c5c41/registry.npmjs.org/ms/-/ms-2.1.2.tgz
13304 verbose tar unpack /var/folders/_4/7hgy5s8d1493hmmc5xj976900000gq/T/npm-47481-492c5c41/registry.npmjs.org/ms/-/ms-2.1.2.tgz
13305 verbose tar unpacking to /var/folders/_4/7hgy5s8d1493hmmc5xj976900000gq/T/npm-47481-492c5c41/unpack-0c86f4c2
13306 silly gentlyRm /var/folders/_4/7hgy5s8d1493hmmc5xj976900000gq/T/npm-47481-492c5c41/unpack-0c86f4c2 is being purged
13307 verbose gentlyRm don't care about contents; nuking /var/folders/_4/7hgy5s8d1493hmmc5xj976900000gq/T/npm-47481-492c5c41/unpack-0c86f4c2
13308 silly gunzTarPerm extractEntry recipes/gulp.task.sequence/gulpfile.js
13309 silly gunzTarPerm extractEntry recipes/gulp.task.sequence/app/css/main.css
13310 silly gunzTarPerm extractEntry dist/server/utils.js
13311 silly gunzTarPerm extractEntry dist/utils.js
13312 silly gunzTarPerm extractEntry inspector.d.ts
13313 silly gunzTarPerm modified mode [ 'inspector.d.ts', 438, 420 ]
13314 silly gunzTarPerm modes [ '755', '644' ]
13315 silly gunzTarPerm modes [ '755', '644' ]
13316 silly gunzTarPerm extractEntry ts3.6/
13317 silly gunzTarPerm modified mode [ 'ts3.6/', 511, 493 ]
13318 silly fetchAndShaCheck shasum f0a49c18ac8779e31d4a0c6029dfb76873c7428b
13319 verbose addTmpTarball /var/folders/_4/7hgy5s8d1493hmmc5xj976900000gq/T/npm-47481-492c5c41/registry.npmjs.org/debug/-/debug-4.3.2.tgz not in flight; adding
13320 verbose correctMkdir /Users/andyporter/.npm correctMkdir not in flight; initializing
13321 verbose addTmpTarball validating metadata from /var/folders/_4/7hgy5s8d1493hmmc5xj976900000gq/T/npm-47481-492c5c41/registry.npmjs.org/debug/-/debug-4.3.2.tgz
13322 verbose tar unpack /var/folders/_4/7hgy5s8d1493hmmc5xj976900000gq/T/npm-47481-492c5c41/registry.npmjs.org/debug/-/debug-4.3.2.tgz
13323 verbose tar unpacking to /var/folders/_4/7hgy5s8d1493hmmc5xj976900000gq/T/npm-47481-492c5c41/unpack-6e5db896
13324 silly gentlyRm /var/folders/_4/7hgy5s8d1493hmmc5xj976900000gq/T/npm-47481-492c5c41/unpack-6e5db896 is being purged
13325 verbose gentlyRm don't care about contents; nuking /var/folders/_4/7hgy5s8d1493hmmc5xj976900000gq/T/npm-47481-492c5c41/unpack-6e5db896
13326 silly gunzTarPerm extractEntry
13327 silly gunzTarPerm extractEntry
13328 verbose correctMkdir /Users/andyporter/.npm correctMkdir not in flight; initializing
13329 silly gunzTarPerm modes [ '755', '644' ]
13330 silly gunzTarPerm extractEntry build/cjs/browser-entrypoint.d.ts
13331 silly gunzTarPerm extractEntry build/esm-debug/browser-entrypoint.d.ts
13332 silly gunzTarPerm extractEntry ts3.6/assert.d.ts
13333 silly gunzTarPerm modified mode [ 'ts3.6/assert.d.ts', 511, 493 ]
13334 silly gunzTarPerm extractEntry ts3.6/base.d.ts
13335 silly gunzTarPerm modified mode [ 'ts3.6/base.d.ts', 511, 493 ]
13336 silly gunzTarPerm extractEntry package.json
13337 silly gunzTarPerm extractEntry dist/rx.virtualtime.js
13338 silly fetchAndShaCheck shasum 80d5b5ced271bb9af6c445f21a1a04c606cefbe2
13339 verbose addTmpTarball /var/folders/_4/7hgy5s8d1493hmmc5xj976900000gq/T/npm-47481-492c5c41/registry.npmjs.org/uuid/-/uuid-8.3.2.tgz not in flight; adding
13340 verbose correctMkdir /Users/andyporter/.npm correctMkdir not in flight; initializing
13341 verbose addTmpTarball validating metadata from /var/folders/_4/7hgy5s8d1493hmmc5xj976900000gq/T/npm-47481-492c5c41/registry.npmjs.org/uuid/-/uuid-8.3.2.tgz
13342 verbose tar unpack /var/folders/_4/7hgy5s8d1493hmmc5xj976900000gq/T/npm-47481-492c5c41/registry.npmjs.org/uuid/-/uuid-8.3.2.tgz
13343 verbose tar unpacking to /var/folders/_4/7hgy5s8d1493hmmc5xj976900000gq/T/npm-47481-492c5c41/unpack-390ccaa5
13344 silly gentlyRm /var/folders/_4/7hgy5s8d1493hmmc5xj976900000gq/T/npm-47481-492c5c41/unpack-390ccaa5 is being purged
13345 verbose gentlyRm don't care about contents; nuking /var/folders/_4/7hgy5s8d1493hmmc5xj976900000gq/T/npm-47481-492c5c41/unpack-390ccaa5
13346 silly gunzTarPerm extractEntry dist/govuk/components/footer/template-default.html
13347 silly gunzTarPerm extractEntry dist/govuk/components/header/template-default.html
13348 silly gunzTarPerm extractEntry package.json
13349 silly gunzTarPerm modified mode [ 'package.json', 438, 420 ]
13350 silly gunzTarPerm extractEntry _baseInverter.js
13351 silly gunzTarPerm extractEntry _baseInvoke.js
13352 silly gunzTarPerm modes [ '755', '644' ]
13353 silly gunzTarPerm extractEntry static/server-info.html
13354 silly gunzTarPerm extractEntry LICENSE
13355 silly gunzTarPerm extractEntry package.json
13356 silly gunzTarPerm extractEntry ts3.6/index.d.ts
13357 silly gunzTarPerm modified mode [ 'ts3.6/index.d.ts', 511, 493 ]
13358 silly gunzTarPerm extractEntry source/value-of.d.ts
13359 silly gunzTarPerm extractEntry eachOfSeries.js
13360 silly gunzTarPerm extractEntry eachSeries.js
13361 silly gunzTarPerm extractEntry dist/esm-node/version.js
13362 silly gunzTarPerm extractEntry dist/version.js
13363 silly gunzTarPerm extractEntry LICENSE
13364 silly gunzTarPerm extractEntry recipes/gulp.task.sequence/app/index.html
13365 silly gunzTarPerm extractEntry recipes/gulp.task.sequence/app/scss/main.scss
13366 silly gunzTarPerm extractEntry dist/esm/lib/use-effect.d.ts
13367 silly gunzTarPerm extractEntry dist/commonjs/lib/use-keypress.d.ts
13368 verbose correctMkdir /Users/andyporter/.npm correctMkdir not in flight; initializing
13369 silly gunzTarPerm extractEntry tty.d.ts
13370 silly gunzTarPerm modified mode [ 'tty.d.ts', 511, 493 ]
13371 silly gunzTarPerm extractEntry cli-options/opts.init.json
13372 silly gunzTarPerm extractEntry cli-options/opts.recipe.json
13373 silly gunzTarPerm extractEntry inherits_browser.js
13374 silly gunzTarPerm extractEntry inherits.js
13375 verbose correctMkdir /Users/andyporter/.npm correctMkdir not in flight; initializing
13376 verbose correctMkdir /Users/andyporter/.npm correctMkdir not in flight; initializing
13377 silly gunzTarPerm extractEntry src/browser.js
13378 silly gunzTarPerm extractEntry src/common.js
13379 silly gunzTarPerm extractEntry index.js
13380 silly gunzTarPerm extractEntry license.md
13381 silly gunzTarPerm extractEntry url.d.ts
13382 silly gunzTarPerm modified mode [ 'url.d.ts', 511, 493 ]
13383 silly gunzTarPerm extractEntry build/esm/browser-entrypoint.d.ts
13384 silly gunzTarPerm extractEntry build/cjs/globals.d.ts
13385 silly gunzTarPerm extractEntry src/browser.js
13386 silly gunzTarPerm extractEntry src/common.js
13387 silly gunzTarPerm extractEntry dist/rx.lite.compat.js
13388 silly gunzTarPerm extractEntry dist/bin/uuid
13389 silly gunzTarPerm extractEntry util.d.ts
13390 silly gunzTarPerm modified mode [ 'util.d.ts', 511, 493 ]
13391 silly gunzTarPerm extractEntry dist/govuk/components/hint/template-default.html
13392 silly gunzTarPerm extractEntry dist/govuk/components/input/template-default.html
13393 silly gunzTarPerm extractEntry lib/plugins/overview/snippet-info.html
13394 silly gunzTarPerm extractEntry static/components/switches.html
13395 silly gunzTarPerm extractEntry _baseIsArguments.js
13396 silly gunzTarPerm extractEntry _baseIsArrayBuffer.js
13397 silly gunzTarPerm extractEntry dist/esm/lib/use-keypress.d.ts
13398 silly gunzTarPerm extractEntry dist/commonjs/lib/use-memo.d.ts
13399 silly gunzTarPerm extractEntry ensureAsync.js
13400 silly gunzTarPerm extractEntry every.js
13401 silly gunzTarPerm extractEntry package.json
13402 silly gunzTarPerm extractEntry CHANGELOG.md
13403 silly gunzTarPerm extractEntry dist/esm-browser/index.js
13404 silly gunzTarPerm extractEntry dist/esm-node/index.js
13405 silly gunzTarPerm extractEntry LICENSE
13406 silly gunzTarPerm extractEntry README.md
13407 silly gunzTarPerm extractEntry cli-options/opts.reload.json
13408 silly gunzTarPerm extractEntry cli-options/opts.start.json
13409 silly gunzTarPerm extractEntry recipes/gulp.task.sequence/desc.md
13410 silly gunzTarPerm extractEntry recipes/gulp.task.sequence/readme.md
13411 silly gunzTarPerm extractEntry src/index.js
13412 silly gunzTarPerm extractEntry src/node.js
13413 silly gunzTarPerm extractEntry package.json
13414 silly gunzTarPerm extractEntry README.md
13415 verbose correctMkdir /Users/andyporter/.npm correctMkdir not in flight; initializing
13416 verbose correctMkdir /Users/andyporter/.npm correctMkdir not in flight; initializing
13417 silly cache afterAdd encodeurl@1.0.2
13418 verbose afterAdd /Users/andyporter/.npm/encodeurl/1.0.2/package/package.json not in flight; writing
13419 verbose correctMkdir /Users/andyporter/.npm correctMkdir not in flight; initializing
13420 silly gunzTarPerm extractEntry readme.md
13421 silly gunzTarPerm extractEntry src/index.js
13422 silly gunzTarPerm extractEntry src/node.js
13423 silly gunzTarPerm extractEntry package.json
13424 silly gunzTarPerm extractEntry README.md
13425 silly gunzTarPerm extractEntry build/esm-debug/globals.d.ts
13426 silly gunzTarPerm extractEntry build/esm/globals.d.ts
13427 silly gunzTarPerm extractEntry v8.d.ts
13428 silly gunzTarPerm modified mode [ 'v8.d.ts', 511, 493 ]
13429 silly gunzTarPerm extractEntry vm.d.ts
13430 silly gunzTarPerm modified mode [ 'vm.d.ts', 511, 493 ]
13431 silly gunzTarPerm extractEntry worker_threads.d.ts
13432 silly gunzTarPerm modified mode [ 'worker_threads.d.ts', 511, 493 ]
13433 silly gunzTarPerm extractEntry dist/rx.all.compat.js
13434 silly gunzTarPerm extractEntry _baseIsDate.js
13435 silly gunzTarPerm extractEntry _baseIsEqual.js
13436 silly gunzTarPerm extractEntry lib/plugins/sync-options/sync-options.html
13437 silly gunzTarPerm extractEntry static/sync-options.html
13438 silly gunzTarPerm extractEntry dist/govuk/components/inset-text/template-default.html
13439 silly gunzTarPerm extractEntry dist/govuk/components/label/template-default.html
13440 silly gunzTarPerm extractEntry zlib.d.ts
13441 silly gunzTarPerm modified mode [ 'zlib.d.ts', 511, 493 ]
13442 silly gunzTarPerm extractEntry dist/esm/lib/use-memo.d.ts
13443 silly gunzTarPerm extractEntry dist/commonjs/lib/pagination/use-pagination.d.ts
13444 verbose afterAdd /Users/andyporter/.npm/encodeurl/1.0.2/package/package.json written
13445 silly gunzTarPerm extractEntry CONTRIBUTING.md
13446 silly gunzTarPerm extractEntry LICENSE.md
13447 silly gunzTarPerm extractEntry everyLimit.js
13448 silly gunzTarPerm extractEntry everySeries.js
13449 verbose correctMkdir /Users/andyporter/.npm correctMkdir not in flight; initializing
13450 silly gunzTarPerm extractEntry recipes/html.injection/package.json
13451 silly gunzTarPerm extractEntry recipes/html.injection/app.js
13452 silly cache afterAdd encodeurl@2.0.0
13453 verbose afterAdd /Users/andyporter/.npm/encodeurl/2.0.0/package/package.json not in flight; writing
13454 verbose correctMkdir /Users/andyporter/.npm correctMkdir not in flight; initializing
13455 silly cache afterAdd fs-extra@11.2.0
13456 verbose afterAdd /Users/andyporter/.npm/fs-extra/11.2.0/package/package.json not in flight; writing
13457 verbose correctMkdir /Users/andyporter/.npm correctMkdir not in flight; initializing
13458 verbose correctMkdir /Users/andyporter/.npm correctMkdir not in flight; initializing
13459 silly gunzTarPerm extractEntry package.json
13460 silly gunzTarPerm extractEntry certs/server.key
13461 verbose correctMkdir /Users/andyporter/.npm correctMkdir not in flight; initializing
13462 verbose correctMkdir /Users/andyporter/.npm correctMkdir not in flight; initializing
13463 silly gunzTarPerm extractEntry dist/index.js
13464 silly gunzTarPerm extractEntry dist/md5-browser.js
13465 silly gunzTarPerm extractEntry build/cjs/globals.node.d.ts
13466 silly gunzTarPerm extractEntry build/esm-debug/globals.node.d.ts
13467 silly cache afterAdd iconv-lite@0.4.24
13468 verbose afterAdd /Users/andyporter/.npm/iconv-lite/0.4.24/package/package.json not in flight; writing
13469 verbose correctMkdir /Users/andyporter/.npm correctMkdir not in flight; initializing
13470 verbose afterAdd /Users/andyporter/.npm/encodeurl/2.0.0/package/package.json written
13471 verbose afterAdd /Users/andyporter/.npm/fs-extra/11.2.0/package/package.json written
13472 silly gunzTarPerm extractEntry _baseIsEqualDeep.js
13473 silly gunzTarPerm extractEntry _baseIsMap.js
13474 silly gunzTarPerm extractEntry static/components/type.html
13475 verbose correctMkdir /Users/andyporter/.npm correctMkdir not in flight; initializing
13476 silly gunzTarPerm extractEntry dist/govuk/components/notification-banner/template-default.html
13477 silly gunzTarPerm extractEntry dist/govuk/components/pagination/template-default.html
13478 silly gunzTarPerm extractEntry dist/esm/lib/pagination/use-pagination.d.ts
13479 silly gunzTarPerm extractEntry dist/commonjs/lib/use-prefix.d.ts
13480 silly gunzTarPerm extractEntry filter.js
13481 silly gunzTarPerm extractEntry internal/filter.js
13482 silly gunzTarPerm extractEntry recipes/html.injection/app/css/main.css
13483 silly gunzTarPerm extractEntry recipes/html.injection/app/index.html
13484 silly gunzTarPerm extractEntry README.md
13485 silly gunzTarPerm extractEntry wrapper.mjs
13486 verbose afterAdd /Users/andyporter/.npm/iconv-lite/0.4.24/package/package.json written
13487 silly gunzTarPerm extractEntry dist/cli/transforms/addCwdToWatchOptions.js.map
13488 silly gunzTarPerm extractEntry dist/cli/transforms/addDefaultIgnorePatterns.js.map
13489 silly cache afterAdd on-finished@2.4.1
13490 verbose afterAdd /Users/andyporter/.npm/on-finished/2.4.1/package/package.json not in flight; writing
13491 verbose correctMkdir /Users/andyporter/.npm correctMkdir not in flight; initializing
13492 silly cache afterAdd safe-buffer@5.2.1
13493 verbose afterAdd /Users/andyporter/.npm/safe-buffer/5.2.1/package/package.json not in flight; writing
13494 verbose correctMkdir /Users/andyporter/.npm correctMkdir not in flight; initializing
13495 silly gunzTarPerm extractEntry dist/esm-browser/md5.js
13496 silly gunzTarPerm extractEntry dist/esm-node/md5.js
13497 silly gunzTarPerm extractEntry dist/md5.js
13498 silly gunzTarPerm extractEntry dist/esm-browser/nil.js
13499 silly gunzTarPerm extractEntry dist/esm-node/nil.js
13500 silly gunzTarPerm extractEntry dist/nil.js
13501 silly gunzTarPerm extractEntry dist/esm-browser/parse.js
13502 silly gunzTarPerm extractEntry dist/esm-node/parse.js
13503 silly gunzTarPerm extractEntry dist/parse.js
13504 silly gunzTarPerm extractEntry dist/esm-browser/regex.js
13505 silly gunzTarPerm extractEntry dist/esm-node/regex.js
13506 silly gunzTarPerm extractEntry dist/regex.js
13507 silly gunzTarPerm extractEntry dist/rng-browser.js
13508 silly gunzTarPerm extractEntry dist/esm-browser/rng.js
13509 silly gunzTarPerm extractEntry dist/esm-node/rng.js
13510 silly gunzTarPerm extractEntry dist/rng.js
13511 silly gunzTarPerm extractEntry dist/sha1-browser.js
13512 silly gunzTarPerm extractEntry dist/esm-browser/sha1.js
13513 silly gunzTarPerm extractEntry dist/esm-node/sha1.js
13514 silly gunzTarPerm extractEntry dist/sha1.js
13515 silly gunzTarPerm extractEntry dist/esm-browser/stringify.js
13516 silly gunzTarPerm extractEntry dist/esm-node/stringify.js
13517 silly gunzTarPerm extractEntry dist/stringify.js
13518 silly gunzTarPerm extractEntry dist/uuid-bin.js
13519 silly gunzTarPerm extractEntry dist/umd/uuid.min.js
13520 silly gunzTarPerm extractEntry dist/umd/uuidNIL.min.js
13521 silly gunzTarPerm extractEntry dist/umd/uuidParse.min.js
13522 silly gunzTarPerm extractEntry dist/umd/uuidStringify.min.js
13523 silly gunzTarPerm extractEntry dist/umd/uuidv1.min.js
13524 silly gunzTarPerm extractEntry dist/umd/uuidv3.min.js
13525 silly gunzTarPerm extractEntry dist/umd/uuidv4.min.js
13526 silly gunzTarPerm extractEntry dist/umd/uuidv5.min.js
13527 silly gunzTarPerm extractEntry dist/umd/uuidValidate.min.js
13528 silly gunzTarPerm extractEntry dist/umd/uuidVersion.min.js
13529 silly gunzTarPerm extractEntry dist/esm-browser/v1.js
13530 silly gunzTarPerm extractEntry dist/esm-node/v1.js
13531 silly gunzTarPerm extractEntry dist/v1.js
13532 silly gunzTarPerm extractEntry dist/esm-browser/v3.js
13533 silly gunzTarPerm extractEntry dist/esm-node/v3.js
13534 silly gunzTarPerm extractEntry dist/v3.js
13535 silly gunzTarPerm extractEntry dist/esm-browser/v35.js
13536 silly gunzTarPerm extractEntry dist/esm-node/v35.js
13537 silly gunzTarPerm extractEntry dist/v35.js
13538 silly gunzTarPerm extractEntry dist/esm-browser/v4.js
13539 silly gunzTarPerm extractEntry dist/esm-node/v4.js
13540 silly gunzTarPerm extractEntry dist/v4.js
13541 silly gunzTarPerm extractEntry dist/esm-browser/v5.js
13542 silly gunzTarPerm extractEntry dist/esm-node/v5.js
13543 silly gunzTarPerm extractEntry dist/v5.js
13544 silly gunzTarPerm extractEntry dist/esm-browser/validate.js
13545 silly gunzTarPerm extractEntry dist/esm-node/validate.js
13546 silly gunzTarPerm extractEntry dist/validate.js
13547 silly gunzTarPerm extractEntry dist/esm-browser/version.js
13548 silly gunzTarPerm extractEntry dist/esm-node/version.js
13549 silly gunzTarPerm extractEntry dist/version.js
13550 silly gunzTarPerm extractEntry package.json
13551 silly gunzTarPerm extractEntry CHANGELOG.md
13552 silly gunzTarPerm extractEntry CONTRIBUTING.md
13553 silly gunzTarPerm extractEntry LICENSE.md
13554 silly gunzTarPerm extractEntry README.md
13555 silly gunzTarPerm extractEntry wrapper.mjs
13556 silly gunzTarPerm extractEntry build/esm/globals.node.d.ts
13557 silly gunzTarPerm extractEntry build/cjs/contrib/has-cors.d.ts
13558 verbose correctMkdir /Users/andyporter/.npm correctMkdir not in flight; initializing
13559 silly fetchPackageMetaData universalify@https://registry.npmjs.org/universalify/-/universalify-2.0.0.tgz
13560 verbose correctMkdir /Users/andyporter/.npm correctMkdir not in flight; initializing
13561 silly gunzTarPerm extractEntry lib/plugins/overview/url-info.html
13562 silly gunzTarPerm extractEntry public/favicon.ico
13563 silly gunzTarPerm extractEntry dist/govuk/components/panel/template-default.html
13564 silly gunzTarPerm extractEntry dist/govuk/components/password-input/template-default.html
13565 silly fetchOtherPackageData universalify@https://registry.npmjs.org/universalify/-/universalify-2.0.0.tgz
13566 silly cache add args [ 'universalify@https://registry.npmjs.org/universalify/-/universalify-2.0.0.tgz',
13566 silly cache add   null ]
13567 verbose cache add spec universalify@https://registry.npmjs.org/universalify/-/universalify-2.0.0.tgz
13568 silly gunzTarPerm extractEntry _baseIsMatch.js
13569 silly gunzTarPerm extractEntry _baseIsNaN.js
13570 verbose afterAdd /Users/andyporter/.npm/on-finished/2.4.1/package/package.json written
13571 verbose afterAdd /Users/andyporter/.npm/safe-buffer/5.2.1/package/package.json written
13572 silly cache afterAdd finalhandler@1.3.1
13573 verbose afterAdd /Users/andyporter/.npm/finalhandler/1.3.1/package/package.json not in flight; writing
13574 verbose correctMkdir /Users/andyporter/.npm correctMkdir not in flight; initializing
13575 silly cache add parsed spec Result {
13575 silly cache add   raw: 'universalify@https://registry.npmjs.org/universalify/-/universalify-2.0.0.tgz',
13575 silly cache add   scope: null,
13575 silly cache add   name: 'universalify',
13575 silly cache add   rawSpec: 'https://registry.npmjs.org/universalify/-/universalify-2.0.0.tgz',
13575 silly cache add   spec: 'https://registry.npmjs.org/universalify/-/universalify-2.0.0.tgz',
13575 silly cache add   type: 'remote' }
13576 silly mapToRegistry name universalify@https://registry.npmjs.org/universalify/-/universalify-2.0.0.tgz
13577 silly mapToRegistry using default registry
13578 silly mapToRegistry registry https://registry.npmjs.org/
13579 silly mapToRegistry data Result {
13579 silly mapToRegistry   raw: 'universalify@https://registry.npmjs.org/universalify/-/universalify-2.0.0.tgz',
13579 silly mapToRegistry   scope: null,
13579 silly mapToRegistry   name: 'universalify',
13579 silly mapToRegistry   rawSpec: 'https://registry.npmjs.org/universalify/-/universalify-2.0.0.tgz',
13579 silly mapToRegistry   spec: 'https://registry.npmjs.org/universalify/-/universalify-2.0.0.tgz',
13579 silly mapToRegistry   type: 'remote' }
13580 silly mapToRegistry uri https://registry.npmjs.org/universalify/-/universalify-2.0.0.tgz
13581 verbose addRemoteTarball https://registry.npmjs.org/universalify/-/universalify-2.0.0.tgz not in flight; adding
13582 verbose addRemoteTarball [ 'https://registry.npmjs.org/universalify/-/universalify-2.0.0.tgz',
13582 verbose addRemoteTarball   null ]
13583 silly gunzTarPerm extractEntry dist/esm/lib/use-prefix.d.ts
13584 silly gunzTarPerm extractEntry dist/commonjs/lib/use-ref.d.ts
13585 silly gunzTarPerm extractEntry filterLimit.js
13586 silly cache afterAdd http-basic@8.1.3
13587 verbose afterAdd /Users/andyporter/.npm/http-basic/8.1.3/package/package.json not in flight; writing
13588 verbose correctMkdir /Users/andyporter/.npm correctMkdir not in flight; initializing
13589 silly gunzTarPerm extractEntry recipes/html.injection/desc.md
13590 silly gunzTarPerm extractEntry recipes/html.injection/readme.md
13591 silly cache afterAdd engine.io-parser@5.2.3
13592 verbose afterAdd /Users/andyporter/.npm/engine.io-parser/5.2.3/package/package.json not in flight; writing
13593 verbose correctMkdir /Users/andyporter/.npm correctMkdir not in flight; initializing
13594 info retry fetch attempt 1 at 6:28:02 PM
13595 info attempt registry request try #1 at 6:28:02 PM
13596 http fetch GET https://registry.npmjs.org/universalify/-/universalify-2.0.0.tgz
13597 silly gunzTarPerm extractEntry dist/cli/transforms/addToFilesOption.js.map
13598 silly gunzTarPerm extractEntry dist/cli/transforms/appendServerDirectoryOption.js.map
13599 silly cache afterAdd statuses@2.0.1
13600 verbose afterAdd /Users/andyporter/.npm/statuses/2.0.1/package/package.json not in flight; writing
13601 verbose correctMkdir /Users/andyporter/.npm correctMkdir not in flight; initializing
13602 http fetch 200 https://registry.npmjs.org/universalify/-/universalify-2.0.0.tgz
13603 verbose afterAdd /Users/andyporter/.npm/finalhandler/1.3.1/package/package.json written
13604 verbose afterAdd /Users/andyporter/.npm/http-basic/8.1.3/package/package.json written
13605 silly gunzTarPerm extractEntry build/esm-debug/contrib/has-cors.d.ts
13606 silly gunzTarPerm extractEntry build/esm/contrib/has-cors.d.ts
13607 silly cache afterAdd object-inspect@1.13.4
13608 verbose afterAdd /Users/andyporter/.npm/object-inspect/1.13.4/package/package.json not in flight; writing
13609 verbose correctMkdir /Users/andyporter/.npm correctMkdir not in flight; initializing
13610 silly gunzTarPerm extractEntry public/img/favicon.ico
13611 silly gunzTarPerm extractEntry public/js/app.js
13612 verbose afterAdd /Users/andyporter/.npm/engine.io-parser/5.2.3/package/package.json written
13613 silly gunzTarPerm extractEntry _baseIsNative.js
13614 silly gunzTarPerm extractEntry _baseIsRegExp.js
13615 silly gunzTarPerm extractEntry dist/rx.lite.extras.compat.js
13616 silly gunzTarPerm extractEntry dist/govuk/components/phase-banner/template-default.html
13617 silly gunzTarPerm extractEntry dist/govuk/components/radios/template-default.html
13618 verbose afterAdd /Users/andyporter/.npm/statuses/2.0.1/package/package.json written
13619 silly gunzTarPerm extractEntry dist/esm/lib/use-ref.d.ts
13620 silly gunzTarPerm extractEntry dist/commonjs/lib/use-state.d.ts
13621 silly gunzTarPerm extractEntry filterSeries.js
13622 silly gunzTarPerm extractEntry find.js
13623 verbose correctMkdir /Users/andyporter/.npm correctMkdir not in flight; initializing
13624 silly gunzTarPerm extractEntry recipes/middleware.css.injection/package.json
13625 silly gunzTarPerm extractEntry recipes/middleware.css.injection/app.js
13626 verbose afterAdd /Users/andyporter/.npm/object-inspect/1.13.4/package/package.json written
13627 silly gunzTarPerm extractEntry dist/cli/transforms/appendServerIndexOption.js.map
13628 silly gunzTarPerm extractEntry dist/args.js.map
13629 silly fetchAndShaCheck shasum 75a4984efedc4b08975c5aeb73f530d02df25717
13630 verbose addTmpTarball /var/folders/_4/7hgy5s8d1493hmmc5xj976900000gq/T/npm-47481-492c5c41/registry.npmjs.org/universalify/-/universalify-2.0.0.tgz not in flight; adding
13631 verbose correctMkdir /Users/andyporter/.npm correctMkdir not in flight; initializing
13632 verbose addTmpTarball validating metadata from /var/folders/_4/7hgy5s8d1493hmmc5xj976900000gq/T/npm-47481-492c5c41/registry.npmjs.org/universalify/-/universalify-2.0.0.tgz
13633 verbose tar unpack /var/folders/_4/7hgy5s8d1493hmmc5xj976900000gq/T/npm-47481-492c5c41/registry.npmjs.org/universalify/-/universalify-2.0.0.tgz
13634 verbose tar unpacking to /var/folders/_4/7hgy5s8d1493hmmc5xj976900000gq/T/npm-47481-492c5c41/unpack-4c0e1796
13635 silly gentlyRm /var/folders/_4/7hgy5s8d1493hmmc5xj976900000gq/T/npm-47481-492c5c41/unpack-4c0e1796 is being purged
13636 verbose gentlyRm don't care about contents; nuking /var/folders/_4/7hgy5s8d1493hmmc5xj976900000gq/T/npm-47481-492c5c41/unpack-4c0e1796
13637 silly gunzTarPerm modes [ '755', '644' ]
13638 silly gunzTarPerm extractEntry build/cjs/index.d.ts
13639 silly gunzTarPerm extractEntry build/cjs/transports/index.d.ts
13640 silly gunzTarPerm extractEntry lib/async-tasks.js
13641 silly cache afterAdd depd@2.0.0
13642 verbose afterAdd /Users/andyporter/.npm/depd/2.0.0/package/package.json not in flight; writing
13643 verbose correctMkdir /Users/andyporter/.npm correctMkdir not in flight; initializing
13644 silly gunzTarPerm extractEntry _baseIsSet.js
13645 silly gunzTarPerm extractEntry _baseIsTypedArray.js
13646 silly gunzTarPerm extractEntry dist/rx.aggregates.min.js
13647 silly gunzTarPerm extractEntry dist/rx.lite.compat.min.js
13648 silly gunzTarPerm extractEntry dist/esm/lib/use-state.d.ts
13649 silly gunzTarPerm extractEntry dist/commonjs/lib/utils.d.ts
13650 silly gunzTarPerm extractEntry internal/findGetResult.js
13651 silly gunzTarPerm extractEntry findLimit.js
13652 silly gunzTarPerm extractEntry dist/govuk/components/select/template-default.html
13653 silly gunzTarPerm extractEntry dist/govuk/components/service-navigation/template-default.html
13654 silly gunzTarPerm extractEntry dist/rx.coincidence.min.js
13655 silly cache afterAdd math-intrinsics@1.1.0
13656 verbose afterAdd /Users/andyporter/.npm/math-intrinsics/1.1.0/package/package.json not in flight; writing
13657 verbose correctMkdir /Users/andyporter/.npm correctMkdir not in flight; initializing
13658 verbose correctMkdir /Users/andyporter/.npm correctMkdir not in flight; initializing
13659 silly gunzTarPerm extractEntry LICENSE
13660 silly gunzTarPerm modified mode [ 'LICENSE', 436, 420 ]
13661 silly gunzTarPerm extractEntry recipes/middleware.css.injection/app/css/main.less
13662 silly gunzTarPerm extractEntry recipes/middleware.css.injection/app/index.html
13663 silly gunzTarPerm extractEntry dist/async-tasks.js.map
13664 silly gunzTarPerm extractEntry dist/async.js.map
13665 verbose afterAdd /Users/andyporter/.npm/depd/2.0.0/package/package.json written
13666 verbose correctMkdir /Users/andyporter/.npm correctMkdir not in flight; initializing
13667 silly gunzTarPerm extractEntry index.js
13668 silly gunzTarPerm modified mode [ 'index.js', 436, 420 ]
13669 silly gunzTarPerm extractEntry package.json
13670 silly gunzTarPerm modified mode [ 'package.json', 436, 420 ]
13671 silly gunzTarPerm extractEntry build/esm-debug/index.d.ts
13672 silly gunzTarPerm extractEntry build/esm-debug/transports/index.d.ts
13673 verbose afterAdd /Users/andyporter/.npm/math-intrinsics/1.1.0/package/package.json written
13674 silly gunzTarPerm extractEntry lib/async.js
13675 silly gunzTarPerm extractEntry lib/client-elements.js
13676 silly gunzTarPerm extractEntry _baseIteratee.js
13677 silly gunzTarPerm extractEntry _baseKeys.js
13678 silly gunzTarPerm extractEntry dist/esm/lib/utils.d.ts
13679 silly gunzTarPerm extractEntry findSeries.js
13680 silly gunzTarPerm extractEntry foldl.js
13681 silly gunzTarPerm extractEntry dist/govuk/components/skip-link/template-default.html
13682 silly gunzTarPerm extractEntry dist/govuk/components/summary-list/template-default.html
13683 silly gunzTarPerm extractEntry dist/rx.virtualtime.min.js
13684 silly gunzTarPerm extractEntry dist/rx.coincidence.map
13685 silly gunzTarPerm extractEntry recipes/middleware.css.injection/desc.md
13686 silly gunzTarPerm extractEntry recipes/middleware.css.injection/readme.md
13687 silly cache afterAdd sync-request@6.1.0
13688 verbose afterAdd /Users/andyporter/.npm/sync-request/6.1.0/package/package.json not in flight; writing
13689 verbose correctMkdir /Users/andyporter/.npm correctMkdir not in flight; initializing
13690 silly gunzTarPerm extractEntry dist/bin.js.map
13691 silly gunzTarPerm extractEntry dist/browser-sync.js.map
13692 verbose correctMkdir /Users/andyporter/.npm correctMkdir not in flight; initializing
13693 silly gunzTarPerm extractEntry README.md
13694 silly gunzTarPerm modified mode [ 'README.md', 436, 420 ]
13695 silly gunzTarPerm extractEntry build/esm/index.d.ts
13696 silly gunzTarPerm extractEntry build/esm/transports/index.d.ts
13697 verbose afterAdd /Users/andyporter/.npm/sync-request/6.1.0/package/package.json written
13698 silly gunzTarPerm extractEntry lib/plugins/remote-debug/client-files.js
13699 silly gunzTarPerm extractEntry lib/client-js.js
13700 silly gunzTarPerm extractEntry lib/plugins/remote-debug/compression.js
13701 silly gunzTarPerm extractEntry _baseKeysIn.js
13702 silly gunzTarPerm extractEntry _baseLodash.js
13703 silly gunzTarPerm extractEntry lib/config.js
13704 silly cache afterAdd engine.io@6.6.4
13705 verbose afterAdd /Users/andyporter/.npm/engine.io/6.6.4/package/package.json not in flight; writing
13706 verbose correctMkdir /Users/andyporter/.npm correctMkdir not in flight; initializing
13707 silly gunzTarPerm extractEntry dist/govuk/components/table/template-default.html
13708 silly gunzTarPerm extractEntry dist/govuk/components/tabs/template-default.html
13709 silly gunzTarPerm extractEntry foldr.js
13710 silly gunzTarPerm extractEntry forEach.js
13711 silly gunzTarPerm extractEntry dist/rx.lite.compat.map
13712 silly gunzTarPerm extractEntry lib/plugins/connections/connections.client.js
13713 silly gunzTarPerm extractEntry dist/cli/cli-info.js.map
13714 silly gunzTarPerm extractEntry dist/cli/cli-options.js.map
13715 silly gunzTarPerm extractEntry recipes/grunt.sass/package.json
13716 silly gunzTarPerm extractEntry recipes/grunt.sass/Gruntfile.js
13717 silly gunzTarPerm extractEntry lib/plugins/connections/lib/connections.js
13718 silly cache afterAdd ms@2.1.2
13719 verbose afterAdd /Users/andyporter/.npm/ms/2.1.2/package/package.json not in flight; writing
13720 verbose correctMkdir /Users/andyporter/.npm correctMkdir not in flight; initializing
13721 silly cache afterAdd ms@2.1.2
13722 verbose afterAdd /Users/andyporter/.npm/ms/2.1.2/package/package.json already in flight; not writing
13723 verbose afterAdd /Users/andyporter/.npm/engine.io/6.6.4/package/package.json written
13724 silly gunzTarPerm extractEntry lib/plugins/connections/connections.plugin.js
13725 silly gunzTarPerm extractEntry _baseLt.js
13726 silly gunzTarPerm extractEntry _baseMap.js
13727 silly gunzTarPerm extractEntry build/cjs/contrib/parseqs.d.ts
13728 silly gunzTarPerm extractEntry build/esm-debug/contrib/parseqs.d.ts
13729 silly gunzTarPerm extractEntry lib/directive-stripper.js
13730 verbose correctMkdir /Users/andyporter/.npm correctMkdir not in flight; initializing
13731 silly gunzTarPerm extractEntry forEachLimit.js
13732 silly gunzTarPerm extractEntry forEachOf.js
13733 silly gunzTarPerm extractEntry lib/plugins/remote-debug/overlay-grid/js/grid-overlay.js
13734 silly gunzTarPerm extractEntry dist/govuk/components/tag/template-default.html
13735 silly gunzTarPerm extractEntry dist/govuk/components/task-list/template-default.html
13736 verbose afterAdd /Users/andyporter/.npm/ms/2.1.2/package/package.json written
13737 silly gunzTarPerm extractEntry dist/rx.joinpatterns.map
13738 silly gunzTarPerm extractEntry dist/rx.experimental.map
13739 silly cache afterAdd inherits@2.0.4
13740 verbose afterAdd /Users/andyporter/.npm/inherits/2.0.4/package/package.json not in flight; writing
13741 verbose correctMkdir /Users/andyporter/.npm correctMkdir not in flight; initializing
13742 silly cache afterAdd inherits@2.0.4
13743 verbose afterAdd /Users/andyporter/.npm/inherits/2.0.4/package/package.json already in flight; not writing
13744 silly cache afterAdd inherits@2.0.4
13745 verbose afterAdd /Users/andyporter/.npm/inherits/2.0.4/package/package.json already in flight; not writing
13746 silly gunzTarPerm extractEntry recipes/grunt.sass/app/css/main.css
13747 silly gunzTarPerm extractEntry recipes/grunt.sass/app/index.html
13748 silly gunzTarPerm extractEntry dist/rx.lite.extras.map
13749 silly gunzTarPerm extractEntry dist/cli/command.init.js.map
13750 silly gunzTarPerm extractEntry dist/cli/command.recipe.js.map
13751 silly gunzTarPerm extractEntry dist/rx.aggregates.map
13752 silly gunzTarPerm extractEntry _baseMatches.js
13753 silly gunzTarPerm extractEntry _baseMatchesProperty.js
13754 silly gunzTarPerm extractEntry build/esm/contrib/parseqs.d.ts
13755 silly gunzTarPerm extractEntry build/cjs/contrib/parseuri.d.ts
13756 verbose afterAdd /Users/andyporter/.npm/inherits/2.0.4/package/package.json written
13757 silly gunzTarPerm extractEntry lib/plugins/help/help.client.js
13758 silly gunzTarPerm extractEntry lib/plugins/help/help.plugin.js
13759 silly gunzTarPerm extractEntry forEachOfLimit.js
13760 silly gunzTarPerm extractEntry forEachOfSeries.js
13761 verbose correctMkdir /Users/andyporter/.npm correctMkdir not in flight; initializing
13762 silly gunzTarPerm extractEntry dist/govuk/components/textarea/template-default.html
13763 silly gunzTarPerm extractEntry dist/govuk/components/warning-text/template-default.html
13764 verbose correctMkdir /Users/andyporter/.npm correctMkdir not in flight; initializing
13765 verbose correctMkdir /Users/andyporter/.npm correctMkdir not in flight; initializing
13766 silly fetchPackageMetaData debug@https://registry.npmjs.org/debug/-/debug-4.3.7.tgz
13767 silly fetchPackageMetaData ms@https://registry.npmjs.org/ms/-/ms-2.1.3.tgz
13768 silly fetchOtherPackageData debug@https://registry.npmjs.org/debug/-/debug-4.3.7.tgz
13769 silly cache add args [ 'debug@https://registry.npmjs.org/debug/-/debug-4.3.7.tgz',
13769 silly cache add   null ]
13770 verbose cache add spec debug@https://registry.npmjs.org/debug/-/debug-4.3.7.tgz
13771 silly fetchOtherPackageData ms@https://registry.npmjs.org/ms/-/ms-2.1.3.tgz
13772 silly cache add args [ 'ms@https://registry.npmjs.org/ms/-/ms-2.1.3.tgz', null ]
13773 verbose cache add spec ms@https://registry.npmjs.org/ms/-/ms-2.1.3.tgz
13774 silly gunzTarPerm extractEntry dist/cli/command.reload.js.map
13775 silly gunzTarPerm extractEntry dist/cli/command.start.js.map
13776 silly cache add parsed spec Result {
13776 silly cache add   raw: 'debug@https://registry.npmjs.org/debug/-/debug-4.3.7.tgz',
13776 silly cache add   scope: null,
13776 silly cache add   name: 'debug',
13776 silly cache add   rawSpec: 'https://registry.npmjs.org/debug/-/debug-4.3.7.tgz',
13776 silly cache add   spec: 'https://registry.npmjs.org/debug/-/debug-4.3.7.tgz',
13776 silly cache add   type: 'remote' }
13777 silly mapToRegistry name debug@https://registry.npmjs.org/debug/-/debug-4.3.7.tgz
13778 silly mapToRegistry using default registry
13779 silly mapToRegistry registry https://registry.npmjs.org/
13780 silly mapToRegistry data Result {
13780 silly mapToRegistry   raw: 'debug@https://registry.npmjs.org/debug/-/debug-4.3.7.tgz',
13780 silly mapToRegistry   scope: null,
13780 silly mapToRegistry   name: 'debug',
13780 silly mapToRegistry   rawSpec: 'https://registry.npmjs.org/debug/-/debug-4.3.7.tgz',
13780 silly mapToRegistry   spec: 'https://registry.npmjs.org/debug/-/debug-4.3.7.tgz',
13780 silly mapToRegistry   type: 'remote' }
13781 silly mapToRegistry uri https://registry.npmjs.org/debug/-/debug-4.3.7.tgz
13782 verbose addRemoteTarball https://registry.npmjs.org/debug/-/debug-4.3.7.tgz not in flight; adding
13783 verbose addRemoteTarball [ 'https://registry.npmjs.org/debug/-/debug-4.3.7.tgz', null ]
13784 silly cache add parsed spec Result {
13784 silly cache add   raw: 'ms@https://registry.npmjs.org/ms/-/ms-2.1.3.tgz',
13784 silly cache add   scope: null,
13784 silly cache add   name: 'ms',
13784 silly cache add   rawSpec: 'https://registry.npmjs.org/ms/-/ms-2.1.3.tgz',
13784 silly cache add   spec: 'https://registry.npmjs.org/ms/-/ms-2.1.3.tgz',
13784 silly cache add   type: 'remote' }
13785 silly mapToRegistry name ms@https://registry.npmjs.org/ms/-/ms-2.1.3.tgz
13786 silly mapToRegistry using default registry
13787 silly mapToRegistry registry https://registry.npmjs.org/
13788 silly mapToRegistry data Result {
13788 silly mapToRegistry   raw: 'ms@https://registry.npmjs.org/ms/-/ms-2.1.3.tgz',
13788 silly mapToRegistry   scope: null,
13788 silly mapToRegistry   name: 'ms',
13788 silly mapToRegistry   rawSpec: 'https://registry.npmjs.org/ms/-/ms-2.1.3.tgz',
13788 silly mapToRegistry   spec: 'https://registry.npmjs.org/ms/-/ms-2.1.3.tgz',
13788 silly mapToRegistry   type: 'remote' }
13789 silly mapToRegistry uri https://registry.npmjs.org/ms/-/ms-2.1.3.tgz
13790 verbose addRemoteTarball https://registry.npmjs.org/ms/-/ms-2.1.3.tgz not in flight; adding
13791 verbose addRemoteTarball [ 'https://registry.npmjs.org/ms/-/ms-2.1.3.tgz', null ]
13792 silly gunzTarPerm extractEntry dist/rx.core.map
13793 silly gunzTarPerm extractEntry dist/rx.lite.map
13794 silly gunzTarPerm extractEntry _baseMean.js
13795 silly gunzTarPerm extractEntry _baseMerge.js
13796 info retry fetch attempt 1 at 6:28:03 PM
13797 info attempt registry request try #1 at 6:28:03 PM
13798 http fetch GET https://registry.npmjs.org/debug/-/debug-4.3.7.tgz
13799 info retry fetch attempt 1 at 6:28:03 PM
13800 info attempt registry request try #1 at 6:28:03 PM
13801 http fetch GET https://registry.npmjs.org/ms/-/ms-2.1.3.tgz
13802 silly gunzTarPerm extractEntry build/esm-debug/contrib/parseuri.d.ts
13803 silly gunzTarPerm extractEntry build/esm/contrib/parseuri.d.ts
13804 silly gunzTarPerm extractEntry build/cjs/transports/polling-fetch.d.ts
13805 silly gunzTarPerm extractEntry recipes/grunt.sass/app/scss/main.scss
13806 silly gunzTarPerm extractEntry recipes/grunt.sass/desc.md
13807 silly gunzTarPerm extractEntry build/esm-debug/transports/polling-fetch.d.ts
13808 silly gunzTarPerm extractEntry forEachSeries.js
13809 silly gunzTarPerm extractEntry forever.js
13810 silly gunzTarPerm extractEntry dist/govuk/components/button/template-disabled.html
13811 silly gunzTarPerm extractEntry dist/govuk/components/file-upload/template-disabled.html
13812 verbose correctMkdir /Users/andyporter/.npm correctMkdir not in flight; initializing
13813 silly gunzTarPerm extractEntry lib/plugins/history/history.client.js
13814 silly gunzTarPerm extractEntry lib/plugins/history/history.js
13815 silly gunzTarPerm extractEntry dist/rx.core.binding.map
13816 silly cache afterAdd undici-types@6.21.0
13817 verbose afterAdd /Users/andyporter/.npm/undici-types/6.21.0/package/package.json not in flight; writing
13818 verbose correctMkdir /Users/andyporter/.npm correctMkdir not in flight; initializing
13819 silly gunzTarPerm extractEntry dist/config.js.map
13820 silly gunzTarPerm extractEntry dist/connect-utils.js.map
13821 silly gunzTarPerm extractEntry dist/cli/transforms/copyCLIIgnoreToWatchOptions.js.map
13822 silly gunzTarPerm extractEntry recipes/grunt.sass/readme.md
13823 silly gunzTarPerm extractEntry recipes/server/package.json
13824 silly gunzTarPerm extractEntry dist/default-config.js.map
13825 silly gunzTarPerm extractEntry _baseMergeDeep.js
13826 silly gunzTarPerm extractEntry _baseNth.js
13827 silly gunzTarPerm extractEntry dist/rx.map
13828 verbose correctMkdir /Users/andyporter/.npm correctMkdir not in flight; initializing
13829 verbose afterAdd /Users/andyporter/.npm/undici-types/6.21.0/package/package.json written
13830 silly cache afterAdd debug@4.3.4
13831 verbose afterAdd /Users/andyporter/.npm/debug/4.3.4/package/package.json not in flight; writing
13832 verbose correctMkdir /Users/andyporter/.npm correctMkdir not in flight; initializing
13833 silly gunzTarPerm extractEntry dist/public/exit.js.map
13834 silly gunzTarPerm extractEntry build/esm/transports/polling-fetch.d.ts
13835 silly gunzTarPerm extractEntry build/cjs/transports/polling-xhr.d.ts
13836 silly gunzTarPerm extractEntry build/esm-debug/transports/polling-xhr.d.ts
13837 silly gunzTarPerm extractEntry internal/getIterator.js
13838 silly gunzTarPerm extractEntry groupBy.js
13839 silly cache afterAdd debug@4.3.2
13840 verbose afterAdd /Users/andyporter/.npm/debug/4.3.2/package/package.json not in flight; writing
13841 verbose correctMkdir /Users/andyporter/.npm correctMkdir not in flight; initializing
13842 silly cache afterAdd require-dir@1.2.0
13843 verbose afterAdd /Users/andyporter/.npm/require-dir/1.2.0/package/package.json not in flight; writing
13844 verbose correctMkdir /Users/andyporter/.npm correctMkdir not in flight; initializing
13845 http fetch 200 https://registry.npmjs.org/ms/-/ms-2.1.3.tgz
13846 silly gunzTarPerm extractEntry dist/file-event-handler.js.map
13847 silly gunzTarPerm extractEntry dist/govuk/components/input/template-disabled.html
13848 silly gunzTarPerm extractEntry dist/govuk/components/file-upload/template-enhanced-disabled.html
13849 silly gunzTarPerm extractEntry build/esm/transports/polling-xhr.d.ts
13850 http fetch 200 https://registry.npmjs.org/debug/-/debug-4.3.7.tgz
13851 silly gunzTarPerm extractEntry lib/plugins/history/history.plugin.js
13852 silly gunzTarPerm extractEntry lib/hooks.js
13853 silly gunzTarPerm extractEntry dist/rx.compat.map
13854 verbose correctMkdir /Users/andyporter/.npm correctMkdir not in flight; initializing
13855 silly gunzTarPerm extractEntry dist/file-utils.js.map
13856 silly gunzTarPerm extractEntry recipes/server/app.js
13857 silly gunzTarPerm extractEntry recipes/server/app/css/main.css
13858 verbose afterAdd /Users/andyporter/.npm/debug/4.3.4/package/package.json written
13859 silly gunzTarPerm extractEntry index.js
13860 silly gunzTarPerm extractEntry dist/file-watcher.js.map
13861 verbose correctMkdir /Users/andyporter/.npm correctMkdir not in flight; initializing
13862 verbose afterAdd /Users/andyporter/.npm/require-dir/1.2.0/package/package.json written
13863 verbose afterAdd /Users/andyporter/.npm/debug/4.3.2/package/package.json written
13864 silly gunzTarPerm extractEntry lib/plugins/remote-debug/latency/latency.client.js
13865 silly gunzTarPerm extractEntry _baseOrderBy.js
13866 silly gunzTarPerm extractEntry _basePick.js
13867 silly gunzTarPerm extractEntry dist/cli/transforms/handleExtensionsOption.js.map
13868 silly gunzTarPerm extractEntry lib/plugins/remote-debug/latency/latency.js
13869 silly fetchAndShaCheck shasum 574c8138ce1d2b5861f0b44579dbadd60c6615b2
13870 verbose addTmpTarball /var/folders/_4/7hgy5s8d1493hmmc5xj976900000gq/T/npm-47481-492c5c41/registry.npmjs.org/ms/-/ms-2.1.3.tgz not in flight; adding
13871 verbose correctMkdir /Users/andyporter/.npm correctMkdir not in flight; initializing
13872 verbose addTmpTarball validating metadata from /var/folders/_4/7hgy5s8d1493hmmc5xj976900000gq/T/npm-47481-492c5c41/registry.npmjs.org/ms/-/ms-2.1.3.tgz
13873 verbose tar unpack /var/folders/_4/7hgy5s8d1493hmmc5xj976900000gq/T/npm-47481-492c5c41/registry.npmjs.org/ms/-/ms-2.1.3.tgz
13874 verbose tar unpacking to /var/folders/_4/7hgy5s8d1493hmmc5xj976900000gq/T/npm-47481-492c5c41/unpack-14c041c0
13875 silly gentlyRm /var/folders/_4/7hgy5s8d1493hmmc5xj976900000gq/T/npm-47481-492c5c41/unpack-14c041c0 is being purged
13876 verbose gentlyRm don't care about contents; nuking /var/folders/_4/7hgy5s8d1493hmmc5xj976900000gq/T/npm-47481-492c5c41/unpack-14c041c0
13877 silly gunzTarPerm extractEntry dist/cli/transforms/handleFilesOption.js.map
13878 silly fetchAndShaCheck shasum 87945b4151a011d76d95a198d7111c865c360a52
13879 verbose addTmpTarball /var/folders/_4/7hgy5s8d1493hmmc5xj976900000gq/T/npm-47481-492c5c41/registry.npmjs.org/debug/-/debug-4.3.7.tgz not in flight; adding
13880 verbose correctMkdir /Users/andyporter/.npm correctMkdir not in flight; initializing
13881 verbose addTmpTarball validating metadata from /var/folders/_4/7hgy5s8d1493hmmc5xj976900000gq/T/npm-47481-492c5c41/registry.npmjs.org/debug/-/debug-4.3.7.tgz
13882 verbose tar unpack /var/folders/_4/7hgy5s8d1493hmmc5xj976900000gq/T/npm-47481-492c5c41/registry.npmjs.org/debug/-/debug-4.3.7.tgz
13883 verbose tar unpacking to /var/folders/_4/7hgy5s8d1493hmmc5xj976900000gq/T/npm-47481-492c5c41/unpack-7c32f974
13884 silly gentlyRm /var/folders/_4/7hgy5s8d1493hmmc5xj976900000gq/T/npm-47481-492c5c41/unpack-7c32f974 is being purged
13885 verbose gentlyRm don't care about contents; nuking /var/folders/_4/7hgy5s8d1493hmmc5xj976900000gq/T/npm-47481-492c5c41/unpack-7c32f974
13886 silly gunzTarPerm modes [ '755', '644' ]
13887 silly gunzTarPerm extractEntry groupByLimit.js
13888 silly gunzTarPerm extractEntry groupBySeries.js
13889 silly gunzTarPerm extractEntry dist/govuk/components/file-upload/template-enhanced-with-error-message-and-hint.html
13890 silly gunzTarPerm extractEntry dist/govuk/components/file-upload/template-enhanced.html
13891 silly gunzTarPerm modes [ '755', '644' ]
13892 silly gunzTarPerm extractEntry lib/plugins/network-throttle/network-throttle.client.js
13893 silly gunzTarPerm extractEntry build/cjs/transports/polling-xhr.node.d.ts
13894 silly gunzTarPerm extractEntry build/esm-debug/transports/polling-xhr.node.d.ts
13895 silly gunzTarPerm extractEntry build/esm/transports/polling-xhr.node.d.ts
13896 silly gunzTarPerm extractEntry dist/cli/transforms/handleGhostModeOption.js.map
13897 silly gunzTarPerm extractEntry lib/plugins/network-throttle/network-throttle.js
13898 silly gunzTarPerm extractEntry build/cjs/transports/polling.d.ts
13899 silly gunzTarPerm extractEntry dist/rx.lite.extras.compat.map
13900 silly gunzTarPerm extractEntry dist/cli/transforms/handleHostOption.js.map
13901 silly cache afterAdd @types/node@8.10.66
13902 verbose afterAdd /Users/andyporter/.npm/@types/node/8.10.66/package/package.json not in flight; writing
13903 verbose correctMkdir /Users/andyporter/.npm correctMkdir not in flight; initializing
13904 silly gunzTarPerm extractEntry recipes/server/app/index.html
13905 silly gunzTarPerm extractEntry recipes/server/desc.md
13906 silly gunzTarPerm extractEntry lib/plugins/network-throttle/network-throttle.plugin.js
13907 silly gunzTarPerm extractEntry dist/rx.sorting.map
13908 silly cache afterAdd promise@8.1.0
13909 verbose afterAdd /Users/andyporter/.npm/promise/8.1.0/package/package.json not in flight; writing
13910 verbose correctMkdir /Users/andyporter/.npm correctMkdir not in flight; initializing
13911 silly gunzTarPerm extractEntry index.js
13912 silly gunzTarPerm extractEntry _basePickBy.js
13913 silly gunzTarPerm extractEntry _baseProperty.js
13914 silly gunzTarPerm extractEntry LICENSE
13915 silly gunzTarPerm extractEntry lib/plugins/remote-debug/no-cache.js
13916 silly gunzTarPerm extractEntry dist/rx.binding.map
13917 silly gunzTarPerm extractEntry sass.default.js
13918 verbose afterAdd /Users/andyporter/.npm/@types/node/8.10.66/package/package.json written
13919 silly gunzTarPerm extractEntry index.js
13920 silly gunzTarPerm extractEntry internal/initialParams.js
13921 silly gunzTarPerm extractEntry dist/rx.backpressure.map
13922 silly gunzTarPerm extractEntry package.json
13923 silly gunzTarPerm extractEntry license.md
13924 silly gunzTarPerm extractEntry sass.js
13925 silly gunzTarPerm extractEntry src/browser.js
13926 silly gunzTarPerm extractEntry src/common.js
13927 verbose afterAdd /Users/andyporter/.npm/promise/8.1.0/package/package.json written
13928 silly cache afterAdd universalify@2.0.0
13929 verbose afterAdd /Users/andyporter/.npm/universalify/2.0.0/package/package.json not in flight; writing
13930 verbose correctMkdir /Users/andyporter/.npm correctMkdir not in flight; initializing
13931 silly gunzTarPerm extractEntry dist/govuk/components/task-list/template-example-with-3-states.html
13932 silly gunzTarPerm extractEntry dist/govuk/components/task-list/template-example-with-all-possible-colours.html
13933 silly cache afterAdd nodemon@3.0.3
13934 verbose afterAdd /Users/andyporter/.npm/nodemon/3.0.3/package/package.json not in flight; writing
13935 verbose correctMkdir /Users/andyporter/.npm correctMkdir not in flight; initializing
13936 silly gunzTarPerm extractEntry sass.node.js
13937 silly gunzTarPerm extractEntry build/esm-debug/transports/polling.d.ts
13938 silly gunzTarPerm extractEntry build/esm/transports/polling.d.ts
13939 silly gunzTarPerm extractEntry recipes/server/readme.md
13940 silly gunzTarPerm extractEntry recipes/server.gzipped.assets/package.json
13941 silly gunzTarPerm extractEntry dist/cli/transforms/handlePortsOption.js.map
13942 silly gunzTarPerm extractEntry dist/cli/transforms/handleProxyOption.js.map
13943 silly gunzTarPerm extractEntry dist/rx.testing.map
13944 silly gunzTarPerm extractEntry package.json
13945 silly gunzTarPerm extractEntry dist/rx.async.map
13946 silly gunzTarPerm extractEntry _basePropertyDeep.js
13947 silly gunzTarPerm extractEntry _basePropertyOf.js
13948 silly gunzTarPerm extractEntry lib/opts.js
13949 silly gunzTarPerm extractEntry lib/plugins/remote-debug/overlay-grid/overlay-grid.client.js
13950 verbose afterAdd /Users/andyporter/.npm/universalify/2.0.0/package/package.json written
13951 verbose afterAdd /Users/andyporter/.npm/nodemon/3.0.3/package/package.json written
13952 silly gunzTarPerm extractEntry dist/rx.async.compat.map
13953 silly gunzTarPerm extractEntry README.md
13954 silly gunzTarPerm extractEntry inject.js
13955 silly gunzTarPerm extractEntry internal/iterator.js
13956 silly gunzTarPerm extractEntry src/index.js
13957 silly gunzTarPerm extractEntry src/node.js
13958 silly gunzTarPerm extractEntry package.json
13959 silly gunzTarPerm extractEntry README.md
13960 silly gunzTarPerm extractEntry readme.md
13961 silly gunzTarPerm extractEntry sass.node.mjs
13962 silly gunzTarPerm extractEntry recipes/server.gzipped.assets/app.js
13963 silly gunzTarPerm extractEntry recipes/server.gzipped.assets/app/css/main.css.gz
13964 silly gunzTarPerm extractEntry dist/govuk/components/task-list/template-example-with-hint-text-and-additional-states.html
13965 silly gunzTarPerm extractEntry dist/govuk/components/task-list/template-example-with-very-long-single-word-tags.html
13966 silly gunzTarPerm extractEntry build/cjs/socket.d.ts
13967 silly gunzTarPerm extractEntry build/esm-debug/socket.d.ts
13968 silly gunzTarPerm extractEntry dist/cli/transforms/handleServerOption.js.map
13969 silly gunzTarPerm extractEntry dist/hooks.js.map
13970 silly gunzTarPerm extractEntry types/value/argument_list.d.ts
13971 silly gunzTarPerm extractEntry lib/plugins/remote-debug/overlay-grid/overlay-grid.js
13972 silly gunzTarPerm extractEntry lib/plugins/overview/overview.client.js
13973 silly gunzTarPerm extractEntry types/value/boolean.d.ts
13974 silly gunzTarPerm extractEntry _basePullAll.js
13975 silly gunzTarPerm extractEntry _basePullAt.js
13976 silly gunzTarPerm extractEntry types/value/calculation.d.ts
13977 silly gunzTarPerm extractEntry dist/rx.time.map
13978 silly gunzTarPerm extractEntry dist/rx.all.map
13979 silly gunzTarPerm extractEntry log.js
13980 silly gunzTarPerm extractEntry internal/map.js
13981 silly gunzTarPerm extractEntry types/value/color.d.ts
13982 silly gunzTarPerm extractEntry dist/rx.all.compat.map
13983 verbose correctMkdir /Users/andyporter/.npm correctMkdir not in flight; initializing
13984 silly gunzTarPerm extractEntry dist/govuk/components/details/template-expanded.html
13985 silly gunzTarPerm extractEntry dist/govuk/components/summary-list/template-extreme.html
13986 silly gunzTarPerm extractEntry dist/http-protocol.js.map
13987 silly gunzTarPerm extractEntry dist/index.js.map
13988 silly gunzTarPerm extractEntry types/compile.d.ts
13989 silly gunzTarPerm extractEntry recipes/server.gzipped.assets/app/index.html
13990 silly gunzTarPerm extractEntry recipes/server.gzipped.assets/desc.md
13991 silly gunzTarPerm extractEntry build/esm/socket.d.ts
13992 silly gunzTarPerm extractEntry build/cjs/transport.d.ts
13993 silly gunzTarPerm extractEntry types/deprecations.d.ts
13994 silly gunzTarPerm extractEntry _baseRandom.js
13995 silly gunzTarPerm extractEntry _baseRange.js
13996 silly gunzTarPerm extractEntry lib/plugins/overview/overview.plugin.js
13997 silly gunzTarPerm extractEntry lib/plugins/plugins/plugins.client.js
13998 silly gunzTarPerm extractEntry types/exception.d.ts
13999 silly gunzTarPerm extractEntry map.js
14000 silly gunzTarPerm extractEntry mapLimit.js
14001 silly gunzTarPerm extractEntry types/legacy/exception.d.ts
14002 silly fetchPackageMetaData debug@https://registry.npmjs.org/debug/-/debug-4.3.4.tgz
14003 silly fetchPackageMetaData ms@https://registry.npmjs.org/ms/-/ms-2.1.2.tgz
14004 silly fetchPackageMetaData supports-color@https://registry.npmjs.org/supports-color/-/supports-color-5.5.0.tgz
14005 silly fetchOtherPackageData debug@https://registry.npmjs.org/debug/-/debug-4.3.4.tgz
14006 silly cache add args [ 'debug@https://registry.npmjs.org/debug/-/debug-4.3.4.tgz',
14006 silly cache add   null ]
14007 verbose cache add spec debug@https://registry.npmjs.org/debug/-/debug-4.3.4.tgz
14008 silly fetchOtherPackageData ms@https://registry.npmjs.org/ms/-/ms-2.1.2.tgz
14009 silly cache add args [ 'ms@https://registry.npmjs.org/ms/-/ms-2.1.2.tgz', null ]
14010 verbose cache add spec ms@https://registry.npmjs.org/ms/-/ms-2.1.2.tgz
14011 silly fetchOtherPackageData supports-color@https://registry.npmjs.org/supports-color/-/supports-color-5.5.0.tgz
14012 silly cache add args [ 'supports-color@https://registry.npmjs.org/supports-color/-/supports-color-5.5.0.tgz',
14012 silly cache add   null ]
14013 verbose cache add spec supports-color@https://registry.npmjs.org/supports-color/-/supports-color-5.5.0.tgz
14014 silly gunzTarPerm extractEntry dist/govuk/components/pagination/template-first-page.html
14015 silly gunzTarPerm extractEntry dist/govuk/components/footer/template-full-gds-example.html
14016 silly gunzTarPerm extractEntry types/legacy/function.d.ts
14017 silly gunzTarPerm extractEntry dist/server/index.js.map
14018 silly gunzTarPerm extractEntry dist/public/init.js.map
14019 silly cache add parsed spec Result {
14019 silly cache add   raw: 'debug@https://registry.npmjs.org/debug/-/debug-4.3.4.tgz',
14019 silly cache add   scope: null,
14019 silly cache add   name: 'debug',
14019 silly cache add   rawSpec: 'https://registry.npmjs.org/debug/-/debug-4.3.4.tgz',
14019 silly cache add   spec: 'https://registry.npmjs.org/debug/-/debug-4.3.4.tgz',
14019 silly cache add   type: 'remote' }
14020 silly mapToRegistry name debug@https://registry.npmjs.org/debug/-/debug-4.3.4.tgz
14021 silly mapToRegistry using default registry
14022 silly mapToRegistry registry https://registry.npmjs.org/
14023 silly mapToRegistry data Result {
14023 silly mapToRegistry   raw: 'debug@https://registry.npmjs.org/debug/-/debug-4.3.4.tgz',
14023 silly mapToRegistry   scope: null,
14023 silly mapToRegistry   name: 'debug',
14023 silly mapToRegistry   rawSpec: 'https://registry.npmjs.org/debug/-/debug-4.3.4.tgz',
14023 silly mapToRegistry   spec: 'https://registry.npmjs.org/debug/-/debug-4.3.4.tgz',
14023 silly mapToRegistry   type: 'remote' }
14024 silly mapToRegistry uri https://registry.npmjs.org/debug/-/debug-4.3.4.tgz
14025 verbose addRemoteTarball https://registry.npmjs.org/debug/-/debug-4.3.4.tgz not in flight; adding
14026 verbose addRemoteTarball [ 'https://registry.npmjs.org/debug/-/debug-4.3.4.tgz', null ]
14027 silly cache add parsed spec Result {
14027 silly cache add   raw: 'ms@https://registry.npmjs.org/ms/-/ms-2.1.2.tgz',
14027 silly cache add   scope: null,
14027 silly cache add   name: 'ms',
14027 silly cache add   rawSpec: 'https://registry.npmjs.org/ms/-/ms-2.1.2.tgz',
14027 silly cache add   spec: 'https://registry.npmjs.org/ms/-/ms-2.1.2.tgz',
14027 silly cache add   type: 'remote' }
14028 silly mapToRegistry name ms@https://registry.npmjs.org/ms/-/ms-2.1.2.tgz
14029 silly mapToRegistry using default registry
14030 silly mapToRegistry registry https://registry.npmjs.org/
14031 silly mapToRegistry data Result {
14031 silly mapToRegistry   raw: 'ms@https://registry.npmjs.org/ms/-/ms-2.1.2.tgz',
14031 silly mapToRegistry   scope: null,
14031 silly mapToRegistry   name: 'ms',
14031 silly mapToRegistry   rawSpec: 'https://registry.npmjs.org/ms/-/ms-2.1.2.tgz',
14031 silly mapToRegistry   spec: 'https://registry.npmjs.org/ms/-/ms-2.1.2.tgz',
14031 silly mapToRegistry   type: 'remote' }
14032 silly mapToRegistry uri https://registry.npmjs.org/ms/-/ms-2.1.2.tgz
14033 verbose addRemoteTarball https://registry.npmjs.org/ms/-/ms-2.1.2.tgz not in flight; adding
14034 verbose addRemoteTarball [ 'https://registry.npmjs.org/ms/-/ms-2.1.2.tgz', null ]
14035 silly cache add parsed spec Result {
14035 silly cache add   raw: 'supports-color@https://registry.npmjs.org/supports-color/-/supports-color-5.5.0.tgz',
14035 silly cache add   scope: null,
14035 silly cache add   name: 'supports-color',
14035 silly cache add   rawSpec: 'https://registry.npmjs.org/supports-color/-/supports-color-5.5.0.tgz',
14035 silly cache add   spec: 'https://registry.npmjs.org/supports-color/-/supports-color-5.5.0.tgz',
14035 silly cache add   type: 'remote' }
14036 silly mapToRegistry name supports-color@https://registry.npmjs.org/supports-color/-/supports-color-5.5.0.tgz
14037 silly mapToRegistry using default registry
14038 silly mapToRegistry registry https://registry.npmjs.org/
14039 silly mapToRegistry data Result {
14039 silly mapToRegistry   raw: 'supports-color@https://registry.npmjs.org/supports-color/-/supports-color-5.5.0.tgz',
14039 silly mapToRegistry   scope: null,
14039 silly mapToRegistry   name: 'supports-color',
14039 silly mapToRegistry   rawSpec: 'https://registry.npmjs.org/supports-color/-/supports-color-5.5.0.tgz',
14039 silly mapToRegistry   spec: 'https://registry.npmjs.org/supports-color/-/supports-color-5.5.0.tgz',
14039 silly mapToRegistry   type: 'remote' }
14040 silly mapToRegistry uri https://registry.npmjs.org/supports-color/-/supports-color-5.5.0.tgz
14041 verbose addRemoteTarball https://registry.npmjs.org/supports-color/-/supports-color-5.5.0.tgz not in flight; adding
14042 verbose addRemoteTarball [ 'https://registry.npmjs.org/supports-color/-/supports-color-5.5.0.tgz',
14042 verbose addRemoteTarball   null ]
14043 silly gunzTarPerm extractEntry build/esm-debug/transport.d.ts
14044 silly gunzTarPerm extractEntry build/esm/transport.d.ts
14045 silly gunzTarPerm extractEntry recipes/server.gzipped.assets/readme.md
14046 silly gunzTarPerm extractEntry recipes/server.includes/package.json
14047 silly gunzTarPerm extractEntry types/value/function.d.ts
14048 info retry fetch attempt 1 at 6:28:03 PM
14049 info attempt registry request try #1 at 6:28:03 PM
14050 http fetch GET https://registry.npmjs.org/debug/-/debug-4.3.4.tgz
14051 info retry fetch attempt 1 at 6:28:03 PM
14052 info attempt registry request try #1 at 6:28:03 PM
14053 http fetch GET https://registry.npmjs.org/ms/-/ms-2.1.2.tgz
14054 info retry fetch attempt 1 at 6:28:03 PM
14055 info attempt registry request try #1 at 6:28:03 PM
14056 http fetch GET https://registry.npmjs.org/supports-color/-/supports-color-5.5.0.tgz
14057 silly gunzTarPerm extractEntry _baseReduce.js
14058 silly gunzTarPerm extractEntry _baseRepeat.js
14059 silly gunzTarPerm extractEntry lib/plugins/plugins/plugins.plugin.js
14060 silly gunzTarPerm extractEntry lib/plugins/remote-debug/remote-debug.client.js
14061 silly gunzTarPerm extractEntry types/importer.d.ts
14062 silly gunzTarPerm extractEntry dist/rx.virtualtime.map
14063 silly gunzTarPerm extractEntry mapSeries.js
14064 silly gunzTarPerm extractEntry mapValues.js
14065 silly gunzTarPerm extractEntry types/legacy/importer.d.ts
14066 silly gunzTarPerm extractEntry types/index.d.ts
14067 silly gunzTarPerm extractEntry dist/rx.core.testing.map
14068 silly gunzTarPerm extractEntry license.txt
14069 silly gunzTarPerm extractEntry dist/internal-events.js.map
14070 silly gunzTarPerm extractEntry dist/lodash.custom.js.map
14071 silly gunzTarPerm extractEntry dist/govuk/components/header/template-full-width-with-navigation.html
14072 silly gunzTarPerm extractEntry dist/govuk/components/header/template-full-width.html
14073 silly gunzTarPerm extractEntry types/logger/index.d.ts
14074 silly gunzTarPerm extractEntry build/cjs/util.d.ts
14075 silly gunzTarPerm extractEntry build/esm-debug/util.d.ts
14076 silly gunzTarPerm extractEntry _baseRest.js
14077 silly gunzTarPerm extractEntry _baseSample.js
14078 silly gunzTarPerm extractEntry types/value/index.d.ts
14079 silly gunzTarPerm extractEntry lib/plugins/remote-debug/remote-debug.plugin.js
14080 silly gunzTarPerm extractEntry lib/resolve-plugins.js
14081 silly gunzTarPerm extractEntry types/value/list.d.ts
14082 silly gunzTarPerm extractEntry recipes/server.includes/app.js
14083 silly gunzTarPerm extractEntry recipes/server.includes/app/css/main.css
14084 silly cache afterAdd @parcel/watcher@2.5.1
14085 verbose afterAdd /Users/andyporter/.npm/@parcel/watcher/2.5.1/package/package.json not in flight; writing
14086 verbose correctMkdir /Users/andyporter/.npm correctMkdir not in flight; initializing
14087 silly gunzTarPerm extractEntry mapValuesLimit.js
14088 silly gunzTarPerm extractEntry mapValuesSeries.js
14089 http fetch 200 https://registry.npmjs.org/ms/-/ms-2.1.2.tgz
14090 silly gunzTarPerm extractEntry types/value/map.d.ts
14091 http fetch 200 https://registry.npmjs.org/supports-color/-/supports-color-5.5.0.tgz
14092 http fetch 200 https://registry.npmjs.org/debug/-/debug-4.3.4.tgz
14093 silly gunzTarPerm extractEntry readme.md
14094 silly gunzTarPerm extractEntry ts/rx.core.testing.es6.d.ts
14095 silly gunzTarPerm extractEntry dist/logger.js.map
14096 silly gunzTarPerm extractEntry dist/public/notify.js.map
14097 silly gunzTarPerm extractEntry types/value/mixin.d.ts
14098 silly gunzTarPerm extractEntry dist/govuk/components/tag/template-green.html
14099 silly gunzTarPerm extractEntry dist/govuk/components/tag/template-grey.html
14100 silly gunzTarPerm extractEntry _baseSampleSize.js
14101 silly gunzTarPerm extractEntry _baseSet.js
14102 silly gunzTarPerm extractEntry ts/core/internal/bindcallback.ts
14103 silly gunzTarPerm modified mode [ 'ts/core/internal/bindcallback.ts', 384, 420 ]
14104 silly gunzTarPerm extractEntry build/esm/util.d.ts
14105 silly gunzTarPerm extractEntry build/cjs/transports/websocket.d.ts
14106 verbose afterAdd /Users/andyporter/.npm/@parcel/watcher/2.5.1/package/package.json written
14107 silly gunzTarPerm extractEntry types/value/number.d.ts
14108 silly gunzTarPerm extractEntry recipes/server.includes/app/footer.html
14109 silly gunzTarPerm extractEntry recipes/server.includes/app/header.html
14110 silly gunzTarPerm extractEntry ts/core/internal/errors.ts
14111 silly gunzTarPerm modified mode [ 'ts/core/internal/errors.ts', 384, 420 ]
14112 silly gunzTarPerm extractEntry types/legacy/options.d.ts
14113 silly gunzTarPerm extractEntry lib/server.js
14114 silly gunzTarPerm extractEntry lib/plugins/sync-options/sync-options.client.js
14115 silly gunzTarPerm extractEntry lib/plugins/sync-options/sync-options.plugin.js
14116 silly fetchAndShaCheck shasum d09d1f357b443f493382a8eb3ccd183872ae6009
14117 verbose addTmpTarball /var/folders/_4/7hgy5s8d1493hmmc5xj976900000gq/T/npm-47481-492c5c41/registry.npmjs.org/ms/-/ms-2.1.2.tgz not in flight; adding
14118 verbose correctMkdir /Users/andyporter/.npm correctMkdir not in flight; initializing
14119 verbose addTmpTarball validating metadata from /var/folders/_4/7hgy5s8d1493hmmc5xj976900000gq/T/npm-47481-492c5c41/registry.npmjs.org/ms/-/ms-2.1.2.tgz
14120 verbose tar unpack /var/folders/_4/7hgy5s8d1493hmmc5xj976900000gq/T/npm-47481-492c5c41/registry.npmjs.org/ms/-/ms-2.1.2.tgz
14121 verbose tar unpacking to /var/folders/_4/7hgy5s8d1493hmmc5xj976900000gq/T/npm-47481-492c5c41/unpack-fb459ac2
14122 silly gentlyRm /var/folders/_4/7hgy5s8d1493hmmc5xj976900000gq/T/npm-47481-492c5c41/unpack-fb459ac2 is being purged
14123 verbose gentlyRm don't care about contents; nuking /var/folders/_4/7hgy5s8d1493hmmc5xj976900000gq/T/npm-47481-492c5c41/unpack-fb459ac2
14124 silly gunzTarPerm extractEntry memoize.js
14125 silly gunzTarPerm extractEntry nextTick.js
14126 silly fetchAndShaCheck shasum e2e69a44ac8772f78a1ec0b35b689df6530efc8f
14127 verbose addTmpTarball /var/folders/_4/7hgy5s8d1493hmmc5xj976900000gq/T/npm-47481-492c5c41/registry.npmjs.org/supports-color/-/supports-color-5.5.0.tgz not in flight; adding
14128 verbose correctMkdir /Users/andyporter/.npm correctMkdir not in flight; initializing
14129 verbose addTmpTarball validating metadata from /var/folders/_4/7hgy5s8d1493hmmc5xj976900000gq/T/npm-47481-492c5c41/registry.npmjs.org/supports-color/-/supports-color-5.5.0.tgz
14130 verbose tar unpack /var/folders/_4/7hgy5s8d1493hmmc5xj976900000gq/T/npm-47481-492c5c41/registry.npmjs.org/supports-color/-/supports-color-5.5.0.tgz
14131 verbose tar unpacking to /var/folders/_4/7hgy5s8d1493hmmc5xj976900000gq/T/npm-47481-492c5c41/unpack-923dff49
14132 silly gentlyRm /var/folders/_4/7hgy5s8d1493hmmc5xj976900000gq/T/npm-47481-492c5c41/unpack-923dff49 is being purged
14133 verbose gentlyRm don't care about contents; nuking /var/folders/_4/7hgy5s8d1493hmmc5xj976900000gq/T/npm-47481-492c5c41/unpack-923dff49
14134 silly gunzTarPerm modes [ '755', '644' ]
14135 silly gunzTarPerm extractEntry lib/plugins/network-throttle/targets.js
14136 verbose correctMkdir /Users/andyporter/.npm correctMkdir not in flight; initializing
14137 silly gunzTarPerm modes [ '755', '644' ]
14138 silly gunzTarPerm extractEntry types/options.d.ts
14139 silly fetchAndShaCheck shasum 1319f6579357f2338d3337d2cdd4914bb5dcc865
14140 verbose addTmpTarball /var/folders/_4/7hgy5s8d1493hmmc5xj976900000gq/T/npm-47481-492c5c41/registry.npmjs.org/debug/-/debug-4.3.4.tgz not in flight; adding
14141 verbose correctMkdir /Users/andyporter/.npm correctMkdir not in flight; initializing
14142 verbose addTmpTarball validating metadata from /var/folders/_4/7hgy5s8d1493hmmc5xj976900000gq/T/npm-47481-492c5c41/registry.npmjs.org/debug/-/debug-4.3.4.tgz
14143 verbose tar unpack /var/folders/_4/7hgy5s8d1493hmmc5xj976900000gq/T/npm-47481-492c5c41/registry.npmjs.org/debug/-/debug-4.3.4.tgz
14144 verbose tar unpacking to /var/folders/_4/7hgy5s8d1493hmmc5xj976900000gq/T/npm-47481-492c5c41/unpack-0cce93c6
14145 silly gentlyRm /var/folders/_4/7hgy5s8d1493hmmc5xj976900000gq/T/npm-47481-492c5c41/unpack-0cce93c6 is being purged
14146 verbose gentlyRm don't care about contents; nuking /var/folders/_4/7hgy5s8d1493hmmc5xj976900000gq/T/npm-47481-492c5c41/unpack-0cce93c6
14147 silly gunzTarPerm extractEntry dist/options.js.map
14148 silly gunzTarPerm extractEntry dist/public/pause.js.map
14149 silly gunzTarPerm extractEntry lib/plugins/network-throttle/throttle-server.js
14150 silly gunzTarPerm modes [ '755', '644' ]
14151 silly gunzTarPerm extractEntry _baseSetData.js
14152 silly gunzTarPerm extractEntry _baseSetToString.js
14153 silly gunzTarPerm extractEntry types/legacy/plugin_this.d.ts
14154 verbose correctMkdir /Users/andyporter/.npm correctMkdir not in flight; initializing
14155 silly gunzTarPerm extractEntry build/esm-debug/transports/websocket.d.ts
14156 silly gunzTarPerm extractEntry build/esm/transports/websocket.d.ts
14157 silly gunzTarPerm extractEntry dist/govuk/components/select/template-id.html
14158 silly gunzTarPerm extractEntry dist/govuk/components/radios/template-inline.html
14159 silly gunzTarPerm extractEntry lib/transform.options.js
14160 silly gunzTarPerm extractEntry types/util/promise_or.d.ts
14161 silly gunzTarPerm extractEntry ts/core/internal/isequal.ts
14162 silly gunzTarPerm modified mode [ 'ts/core/internal/isequal.ts', 384, 420 ]
14163 silly gunzTarPerm extractEntry ts/core/internal/priorityqueue.ts
14164 silly gunzTarPerm modified mode [ 'ts/core/internal/priorityqueue.ts', 384, 420 ]
14165 silly gunzTarPerm extractEntry package.json
14166 silly gunzTarPerm extractEntry lib/transforms.js
14167 silly gunzTarPerm extractEntry recipes/server.includes/app/index.html
14168 silly gunzTarPerm extractEntry recipes/server.includes/desc.md
14169 verbose correctMkdir /Users/andyporter/.npm correctMkdir not in flight; initializing
14170 silly gunzTarPerm extractEntry package.json
14171 silly gunzTarPerm extractEntry types/legacy/render.d.ts
14172 silly gunzTarPerm extractEntry lib/UI.js
14173 silly gunzTarPerm extractEntry internal/notId.js
14174 silly gunzTarPerm extractEntry internal/once.js
14175 silly gunzTarPerm extractEntry LICENSE
14176 silly gunzTarPerm extractEntry types/logger/source_location.d.ts
14177 silly gunzTarPerm extractEntry index.js
14178 silly gunzTarPerm extractEntry license.md
14179 silly gunzTarPerm extractEntry lib/urls.js
14180 silly gunzTarPerm extractEntry browser.js
14181 silly gunzTarPerm extractEntry index.js
14182 silly gunzTarPerm extractEntry dist/plugins.js.map
14183 silly gunzTarPerm extractEntry dist/server/proxy-server.js.map
14184 silly gunzTarPerm extractEntry types/logger/source_span.d.ts
14185 silly gunzTarPerm extractEntry dist/govuk/components/button/template-input-disabled.html
14186 silly gunzTarPerm extractEntry dist/govuk/components/button/template-input.html
14187 silly gunzTarPerm extractEntry _baseShuffle.js
14188 silly gunzTarPerm extractEntry _baseSlice.js
14189 silly gunzTarPerm extractEntry src/browser.js
14190 silly gunzTarPerm extractEntry src/common.js
14191 silly gunzTarPerm extractEntry build/cjs/transports/websocket.node.d.ts
14192 silly gunzTarPerm extractEntry build/esm-debug/transports/websocket.node.d.ts
14193 silly gunzTarPerm extractEntry types/value/string.d.ts
14194 silly gunzTarPerm extractEntry recipes/server.includes/readme.md
14195 silly gunzTarPerm extractEntry recipes/server.middleware/package.json
14196 silly gunzTarPerm extractEntry ts/core/internal/util.ts
14197 silly gunzTarPerm modified mode [ 'ts/core/internal/util.ts', 384, 420 ]
14198 silly gunzTarPerm extractEntry ts/core/abstractobserver.ts
14199 silly gunzTarPerm modified mode [ 'ts/core/abstractobserver.ts', 384, 420 ]
14200 silly cache afterAdd semver@7.7.2
14201 verbose afterAdd /Users/andyporter/.npm/semver/7.7.2/package/package.json not in flight; writing
14202 verbose correctMkdir /Users/andyporter/.npm correctMkdir not in flight; initializing
14203 silly gunzTarPerm extractEntry internal/onlyOnce.js
14204 silly gunzTarPerm extractEntry internal/parallel.js
14205 silly gunzTarPerm extractEntry dist/govuk/components/button/template-inverse-disabled.html
14206 silly gunzTarPerm extractEntry dist/govuk/components/button/template-inverse-link.html
14207 silly gunzTarPerm extractEntry readme.md
14208 silly gunzTarPerm extractEntry lib/utils.js
14209 silly gunzTarPerm extractEntry package.json
14210 silly gunzTarPerm extractEntry license
14211 silly gunzTarPerm extractEntry readme.md
14212 silly gunzTarPerm extractEntry dist/server/proxy-utils.js.map
14213 silly gunzTarPerm extractEntry dist/public/public-utils.js.map
14214 silly gunzTarPerm extractEntry src/index.js
14215 silly gunzTarPerm extractEntry src/node.js
14216 silly gunzTarPerm extractEntry package.json
14217 silly gunzTarPerm extractEntry README.md
14218 silly gunzTarPerm extractEntry _baseSome.js
14219 silly gunzTarPerm extractEntry _baseSortBy.js
14220 silly cache afterAdd ms@2.1.3
14221 verbose afterAdd /Users/andyporter/.npm/ms/2.1.3/package/package.json not in flight; writing
14222 verbose correctMkdir /Users/andyporter/.npm correctMkdir not in flight; initializing
14223 silly gunzTarPerm extractEntry build/esm/transports/websocket.node.d.ts
14224 silly gunzTarPerm extractEntry build/cjs/transports/webtransport.d.ts
14225 silly gunzTarPerm extractEntry build/esm-debug/transports/webtransport.d.ts
14226 silly gunzTarPerm extractEntry build/esm/transports/webtransport.d.ts
14227 verbose afterAdd /Users/andyporter/.npm/semver/7.7.2/package/package.json written
14228 silly gunzTarPerm extractEntry recipes/server.middleware/app.js
14229 silly gunzTarPerm extractEntry recipes/server.middleware/app/css/main.css
14230 silly gunzTarPerm extractEntry ts/core/anonymousobserver.ts
14231 silly gunzTarPerm modified mode [ 'ts/core/anonymousobserver.ts', 384, 420 ]
14232 silly gunzTarPerm extractEntry ts/core/backpressure/controlled.ts
14233 silly gunzTarPerm modified mode [ 'ts/core/backpressure/controlled.ts', 384, 420 ]
14234 silly gunzTarPerm extractEntry ts/core/backpressure/pausable.ts
14235 silly gunzTarPerm modified mode [ 'ts/core/backpressure/pausable.ts', 384, 420 ]
14236 silly gunzTarPerm extractEntry ts/core/backpressure/pausablebuffered.ts
14237 silly gunzTarPerm modified mode [ 'ts/core/backpressure/pausablebuffered.ts', 384, 420 ]
14238 silly gunzTarPerm extractEntry parallel.js
14239 silly gunzTarPerm extractEntry parallelLimit.js
14240 verbose afterAdd /Users/andyporter/.npm/ms/2.1.3/package/package.json written
14241 silly gunzTarPerm extractEntry public/css/core.css.map
14242 silly gunzTarPerm extractEntry public/css/core.min.css.map
14243 silly gunzTarPerm extractEntry dist/govuk/components/button/template-inverse-start.html
14244 silly gunzTarPerm extractEntry dist/govuk/components/back-link/template-inverse.html
14245 silly gunzTarPerm extractEntry dist/public/reload.js.map
14246 silly gunzTarPerm extractEntry dist/public/resume.js.map
14247 silly cache afterAdd socket.io@4.8.1
14248 verbose afterAdd /Users/andyporter/.npm/socket.io/4.8.1/package/package.json not in flight; writing
14249 verbose correctMkdir /Users/andyporter/.npm correctMkdir not in flight; initializing
14250 silly gunzTarPerm extractEntry _baseSortedIndex.js
14251 silly gunzTarPerm extractEntry _baseSortedIndexBy.js
14252 verbose correctMkdir /Users/andyporter/.npm correctMkdir not in flight; initializing
14253 silly gunzTarPerm extractEntry recipes/server.middleware/app/index.html
14254 silly gunzTarPerm extractEntry recipes/server.middleware/desc.md
14255 verbose afterAdd /Users/andyporter/.npm/socket.io/4.8.1/package/package.json written
14256 silly gunzTarPerm extractEntry ts/core/backpressure/pauser.ts
14257 silly gunzTarPerm modified mode [ 'ts/core/backpressure/pauser.ts', 384, 420 ]
14258 silly gunzTarPerm extractEntry ts/core/backpressure/stopandwait.ts
14259 silly gunzTarPerm modified mode [ 'ts/core/backpressure/stopandwait.ts', 384, 420 ]
14260 silly gunzTarPerm extractEntry priorityQueue.js
14261 silly gunzTarPerm extractEntry internal/queue.js
14262 silly gunzTarPerm extractEntry README.md
14263 silly gunzTarPerm extractEntry public/img/icons/icons.svg
14264 silly gunzTarPerm extractEntry dist/server/serve-static-wrapper.js.map
14265 silly gunzTarPerm extractEntry dist/server/snippet-server.js.map
14266 silly gunzTarPerm extractEntry _baseSortedUniq.js
14267 silly gunzTarPerm extractEntry _baseSum.js
14268 silly gunzTarPerm extractEntry dist/govuk/components/breadcrumbs/template-inverse.html
14269 silly gunzTarPerm extractEntry dist/govuk/components/button/template-inverse.html
14270 verbose correctMkdir /Users/andyporter/.npm correctMkdir not in flight; initializing
14271 silly gunzTarPerm extractEntry recipes/server.middleware/readme.md
14272 silly gunzTarPerm extractEntry recipes/webpack.babel/package.json
14273 silly gunzTarPerm extractEntry ts/core/backpressure/windowed.ts
14274 silly gunzTarPerm modified mode [ 'ts/core/backpressure/windowed.ts', 384, 420 ]
14275 silly gunzTarPerm extractEntry ts/core/checkedobserver.ts
14276 silly gunzTarPerm modified mode [ 'ts/core/checkedobserver.ts', 384, 420 ]
14277 silly gunzTarPerm extractEntry queue.js
14278 silly gunzTarPerm extractEntry race.js
14279 silly gunzTarPerm extractEntry dist/snippet.js.map
14280 silly gunzTarPerm extractEntry dist/sockets.js.map
14281 silly gunzTarPerm extractEntry _baseTimes.js
14282 silly gunzTarPerm extractEntry _baseToNumber.js
14283 silly gunzTarPerm extractEntry public/img/logo.svg
14284 silly gunzTarPerm extractEntry dist/govuk/components/service-navigation/template-inverse.html
14285 silly gunzTarPerm extractEntry dist/govuk/components/pagination/template-last-page.html
14286 silly cache afterAdd debug@4.3.7
14287 verbose afterAdd /Users/andyporter/.npm/debug/4.3.7/package/package.json not in flight; writing
14288 verbose correctMkdir /Users/andyporter/.npm correctMkdir not in flight; initializing
14289 silly gunzTarPerm extractEntry recipes/webpack.babel/.npmignore
14290 silly gunzTarPerm extractEntry recipes/webpack.babel/app.js
14291 silly gunzTarPerm extractEntry dist/server/static-server.js.map
14292 silly gunzTarPerm extractEntry dist/public/stream.js.map
14293 silly gunzTarPerm extractEntry ts/core/concurrency/scheduleperiodicrecursive.ts
14294 silly gunzTarPerm modified mode [ 'ts/core/concurrency/scheduleperiodicrecursive.ts', 384, 420 ]
14295 silly gunzTarPerm extractEntry ts/core/concurrency/currentthreadscheduler.ts
14296 silly gunzTarPerm modified mode [ 'ts/core/concurrency/currentthreadscheduler.ts', 384, 420 ]
14297 silly gunzTarPerm extractEntry ts/core/concurrency/historicalscheduler.ts
14298 silly gunzTarPerm modified mode [ 'ts/core/concurrency/historicalscheduler.ts', 384, 420 ]
14299 silly gunzTarPerm extractEntry reduce.js
14300 silly gunzTarPerm extractEntry reduceRight.js
14301 silly gunzTarPerm extractEntry _baseToPairs.js
14302 silly gunzTarPerm extractEntry _baseToString.js
14303 silly gunzTarPerm extractEntry ts/core/concurrency/immediatescheduler.ts
14304 silly gunzTarPerm modified mode [ 'ts/core/concurrency/immediatescheduler.ts', 384, 420 ]
14305 silly gunzTarPerm extractEntry public/fonts/source-sans/sourcesanspro-bold-webfont.svg
14306 silly gunzTarPerm extractEntry public/fonts/source-sans/sourcesanspro-it-webfont.svg
14307 verbose afterAdd /Users/andyporter/.npm/debug/4.3.7/package/package.json written
14308 silly gunzTarPerm extractEntry dist/govuk/components/tag/template-light-blue.html
14309 silly gunzTarPerm extractEntry dist/govuk/components/button/template-link.html
14310 silly cache afterAdd fast-glob@3.3.1
14311 verbose afterAdd /Users/andyporter/.npm/fast-glob/3.3.1/package/package.json not in flight; writing
14312 verbose correctMkdir /Users/andyporter/.npm correctMkdir not in flight; initializing
14313 silly gunzTarPerm extractEntry dist/tunnel.js.map
14314 silly gunzTarPerm extractEntry dist/types.js.map
14315 silly gunzTarPerm extractEntry recipes/webpack.babel/webpack.config.js
14316 silly gunzTarPerm extractEntry recipes/webpack.babel/app/index.html
14317 silly gunzTarPerm extractEntry reflect.js
14318 silly gunzTarPerm extractEntry reflectAll.js
14319 verbose correctMkdir /Users/andyporter/.npm correctMkdir not in flight; initializing
14320 verbose correctMkdir /Users/andyporter/.npm correctMkdir not in flight; initializing
14321 silly gunzTarPerm extractEntry _baseTrim.js
14322 silly gunzTarPerm extractEntry _baseUnary.js
14323 silly gunzTarPerm extractEntry ts/core/concurrency/scheduleditem.ts
14324 silly gunzTarPerm modified mode [ 'ts/core/concurrency/scheduleditem.ts', 384, 420 ]
14325 silly gunzTarPerm extractEntry ts/core/concurrency/defaultscheduler.ts
14326 silly gunzTarPerm extractEntry ts/core/concurrency/scheduler.periodic.ts
14327 silly gunzTarPerm extractEntry ts/core/concurrency/scheduler.recursive.ts
14328 verbose afterAdd /Users/andyporter/.npm/fast-glob/3.3.1/package/package.json written
14329 silly gunzTarPerm extractEntry public/fonts/source-sans/sourcesanspro-regular-webfont.svg
14330 silly gunzTarPerm extractEntry templates/config.item.tmpl
14331 silly gunzTarPerm extractEntry dist/govuk/components/error-summary/template-mixed-with-and-without-links.html
14332 silly gunzTarPerm extractEntry dist/govuk/components/date-input/template-month-and-year.html
14333 silly gunzTarPerm extractEntry ts/core/concurrency/scheduler.ts
14334 silly gunzTarPerm extractEntry templates/config.tmpl
14335 verbose correctMkdir /Users/andyporter/.npm correctMkdir not in flight; initializing
14336 silly gunzTarPerm extractEntry recipes/webpack.babel/desc.md
14337 silly gunzTarPerm extractEntry recipes/webpack.babel/readme.md
14338 silly gunzTarPerm extractEntry ts/core/concurrency/scheduler.wrappers.ts
14339 silly gunzTarPerm extractEntry dist/server/utils.js.map
14340 silly gunzTarPerm extractEntry dist/utils.js.map
14341 silly gunzTarPerm extractEntry templates/inline.template.tmpl
14342 silly gunzTarPerm extractEntry internal/reject.js
14343 silly gunzTarPerm extractEntry reject.js
14344 silly gunzTarPerm extractEntry _baseUniq.js
14345 silly gunzTarPerm extractEntry _baseUnset.js
14346 silly gunzTarPerm extractEntry templates/plugin.item.tmpl
14347 silly gunzTarPerm extractEntry dist/govuk/components/warning-text/template-multiple-lines.html
14348 silly gunzTarPerm extractEntry dist/govuk/components/header/template-navigation-item-with-html.html
14349 silly gunzTarPerm extractEntry templates/plugin.tmpl
14350 silly gunzTarPerm extractEntry public/fonts/source-sans/sourcesanspro-bold-webfont.ttf
14351 silly gunzTarPerm extractEntry public/fonts/source-sans/sourcesanspro-it-webfont.ttf
14352 silly gunzTarPerm extractEntry ts/core/concurrency/virtualtimescheduler.ts
14353 silly gunzTarPerm extractEntry ts/core/disposables/booleandisposable.ts
14354 silly gunzTarPerm modified mode [ 'ts/core/disposables/booleandisposable.ts', 384, 420 ]
14355 silly gunzTarPerm extractEntry ts/core/disposables/compositedisposable.ts
14356 silly gunzTarPerm modified mode [ 'ts/core/disposables/compositedisposable.ts', 384, 420 ]
14357 silly gunzTarPerm extractEntry readme.md
14358 silly gunzTarPerm extractEntry certs/browsersync.pfx
14359 silly gunzTarPerm extractEntry recipes/webpack.babel/src/actions.js
14360 silly gunzTarPerm extractEntry recipes/webpack.babel/src/main.js
14361 silly gunzTarPerm extractEntry rejectLimit.js
14362 silly gunzTarPerm extractEntry rejectSeries.js
14363 silly cache afterAdd ms@2.1.2
14364 verbose afterAdd /Users/andyporter/.npm/ms/2.1.2/package/package.json not in flight; writing
14365 verbose correctMkdir /Users/andyporter/.npm correctMkdir not in flight; initializing
14366 silly gunzTarPerm extractEntry ts/core/disposables/disposable.ts
14367 silly gunzTarPerm modified mode [ 'ts/core/disposables/disposable.ts', 384, 420 ]
14368 silly gunzTarPerm extractEntry _baseUpdate.js
14369 silly gunzTarPerm extractEntry _baseValues.js
14370 silly gunzTarPerm extractEntry dist/govuk/components/header/template-navigation-item-with-text-without-link.html
14371 silly gunzTarPerm extractEntry dist/govuk/components/summary-list/template-no-border-on-last-row.html
14372 silly cache afterAdd type-fest@0.21.3
14373 verbose afterAdd /Users/andyporter/.npm/type-fest/0.21.3/package/package.json not in flight; writing
14374 verbose correctMkdir /Users/andyporter/.npm correctMkdir not in flight; initializing
14375 silly cache afterAdd supports-color@5.5.0
14376 verbose afterAdd /Users/andyporter/.npm/supports-color/5.5.0/package/package.json not in flight; writing
14377 verbose correctMkdir /Users/andyporter/.npm correctMkdir not in flight; initializing
14378 verbose afterAdd /Users/andyporter/.npm/ms/2.1.2/package/package.json written
14379 silly gunzTarPerm extractEntry public/fonts/source-sans/sourcesanspro-regular-webfont.ttf
14380 silly gunzTarPerm extractEntry recipes/webpack.monkey-hot-loader/package.json
14381 silly gunzTarPerm extractEntry recipes/webpack.monkey-hot-loader/app.js
14382 silly gunzTarPerm extractEntry certs/gen.sh
14383 silly gunzTarPerm extractEntry templates/connector.tmpl
14384 silly gunzTarPerm extractEntry public/fonts/source-sans/sourcesanspro-bold-webfont.woff
14385 silly gunzTarPerm extractEntry retry.js
14386 silly gunzTarPerm extractEntry retryable.js
14387 silly gunzTarPerm extractEntry _baseWhile.js
14388 silly gunzTarPerm extractEntry _baseWrapperValue.js
14389 silly gunzTarPerm extractEntry ts/core/disposables/refcountdisposable.ts
14390 silly gunzTarPerm modified mode [ 'ts/core/disposables/refcountdisposable.ts', 384, 420 ]
14391 silly gunzTarPerm extractEntry ts/core/es5.ts
14392 silly gunzTarPerm modified mode [ 'ts/core/es5.ts', 384, 420 ]
14393 silly gunzTarPerm extractEntry ts/core/es6-iterable.d.ts
14394 silly gunzTarPerm modified mode [ 'ts/core/es6-iterable.d.ts', 384, 420 ]
14395 verbose afterAdd /Users/andyporter/.npm/type-fest/0.21.3/package/package.json written
14396 verbose afterAdd /Users/andyporter/.npm/supports-color/5.5.0/package/package.json written
14397 silly gunzTarPerm extractEntry ts/core/es6-promise.d.ts
14398 silly gunzTarPerm modified mode [ 'ts/core/es6-promise.d.ts', 384, 420 ]
14399 silly gunzTarPerm extractEntry dist/govuk/components/summary-list/template-no-border.html
14400 silly gunzTarPerm extractEntry dist/govuk/components/tag/template-orange.html
14401 silly gunzTarPerm extractEntry recipes/webpack.monkey-hot-loader/webpack.config.js
14402 silly gunzTarPerm extractEntry recipes/webpack.monkey-hot-loader/app/main.js
14403 silly gunzTarPerm extractEntry select.js
14404 silly gunzTarPerm extractEntry selectLimit.js
14405 silly gunzTarPerm extractEntry public/fonts/source-sans/sourcesanspro-it-webfont.woff
14406 silly gunzTarPerm extractEntry _baseXor.js
14407 silly gunzTarPerm extractEntry _baseZipObject.js
14408 silly gunzTarPerm extractEntry public/fonts/source-sans/sourcesanspro-regular-webfont.woff
14409 verbose correctMkdir /Users/andyporter/.npm correctMkdir not in flight; initializing
14410 silly gunzTarPerm extractEntry dist/govuk/components/summary-list/template-overridden-widths.html
14411 silly gunzTarPerm extractEntry dist/govuk/components/notification-banner/template-paragraph-as-html-heading.html
14412 silly gunzTarPerm extractEntry ts/core/es6.ts
14413 silly gunzTarPerm modified mode [ 'ts/core/es6.ts', 384, 420 ]
14414 silly gunzTarPerm extractEntry ts/core/anonymousobservable.ts
14415 silly gunzTarPerm modified mode [ 'ts/core/anonymousobservable.ts', 384, 420 ]
14416 silly gunzTarPerm extractEntry recipes/webpack.monkey-hot-loader/app/index.html
14417 silly gunzTarPerm extractEntry recipes/webpack.monkey-hot-loader/desc.md
14418 verbose correctMkdir /Users/andyporter/.npm correctMkdir not in flight; initializing
14419 silly gunzTarPerm extractEntry selectSeries.js
14420 silly gunzTarPerm extractEntry seq.js
14421 silly gunzTarPerm extractEntry public/fonts/source-sans/sourcesanspro-bold-webfont.woff2
14422 silly gunzTarPerm extractEntry public/fonts/source-sans/sourcesanspro-it-webfont.woff2
14423 silly gunzTarPerm extractEntry _cacheHas.js
14424 silly gunzTarPerm extractEntry _castArrayLikeObject.js
14425 silly gunzTarPerm extractEntry public/fonts/source-sans/sourcesanspro-regular-webfont.woff2
14426 silly gunzTarPerm extractEntry dist/govuk/components/tag/template-pink.html
14427 silly gunzTarPerm extractEntry dist/govuk/components/radios/template-prechecked-using-value.html
14428 silly gunzTarPerm extractEntry ts/core/joins/pattern.ts
14429 silly gunzTarPerm modified mode [ 'ts/core/joins/pattern.ts', 384, 420 ]
14430 silly gunzTarPerm extractEntry ts/core/joins/plan.ts
14431 silly gunzTarPerm modified mode [ 'ts/core/joins/plan.ts', 384, 420 ]
14432 silly gunzTarPerm extractEntry ts/core/linq/connectableobservable.ts
14433 silly gunzTarPerm modified mode [ 'ts/core/linq/connectableobservable.ts', 384, 420 ]
14434 silly gunzTarPerm extractEntry ts/core/linq/groupedobservable.ts
14435 silly gunzTarPerm modified mode [ 'ts/core/linq/groupedobservable.ts', 384, 420 ]
14436 silly gunzTarPerm extractEntry ts/core/linq/observable/minby.ts
14437 silly gunzTarPerm modified mode [ 'ts/core/linq/observable/minby.ts', 384, 420 ]
14438 silly gunzTarPerm extractEntry recipes/webpack.monkey-hot-loader/readme.md
14439 silly gunzTarPerm extractEntry recipes/webpack.preact-hot-loader/package.json
14440 silly gunzTarPerm extractEntry series.js
14441 silly gunzTarPerm extractEntry internal/setImmediate.js
14442 silly gunzTarPerm extractEntry ts/core/linq/observable/amb.ts
14443 silly gunzTarPerm modified mode [ 'ts/core/linq/observable/amb.ts', 384, 420 ]
14444 silly gunzTarPerm extractEntry _castFunction.js
14445 silly gunzTarPerm extractEntry _castPath.js
14446 silly gunzTarPerm extractEntry ts/core/linq/observable/and.ts
14447 silly gunzTarPerm modified mode [ 'ts/core/linq/observable/and.ts', 384, 420 ]
14448 silly gunzTarPerm extractEntry dist/govuk/components/radios/template-prechecked.html
14449 silly gunzTarPerm extractEntry dist/govuk/components/button/template-prevent-double-click.html
14450 silly cache afterAdd debug@4.3.4
14451 verbose afterAdd /Users/andyporter/.npm/debug/4.3.4/package/package.json not in flight; writing
14452 verbose correctMkdir /Users/andyporter/.npm correctMkdir not in flight; initializing
14453 verbose correctMkdir /Users/andyporter/.npm correctMkdir not in flight; initializing
14454 silly gunzTarPerm extractEntry ts/core/linq/observable/asobservable.ts
14455 silly gunzTarPerm modified mode [ 'ts/core/linq/observable/asobservable.ts', 384, 420 ]
14456 silly gunzTarPerm extractEntry ts/core/linq/observable/average.ts
14457 silly gunzTarPerm modified mode [ 'ts/core/linq/observable/average.ts', 384, 420 ]
14458 verbose afterAdd /Users/andyporter/.npm/debug/4.3.4/package/package.json written
14459 silly gunzTarPerm extractEntry _castRest.js
14460 silly gunzTarPerm extractEntry _castSlice.js
14461 silly gunzTarPerm extractEntry ts/core/linq/observable/buffer.ts
14462 silly gunzTarPerm modified mode [ 'ts/core/linq/observable/buffer.ts', 384, 420 ]
14463 silly gunzTarPerm extractEntry setImmediate.js
14464 silly gunzTarPerm extractEntry internal/slice.js
14465 silly gunzTarPerm extractEntry ts/core/linq/observable/bufferwithcount.ts
14466 silly gunzTarPerm modified mode [ 'ts/core/linq/observable/bufferwithcount.ts', 384, 420 ]
14467 silly gunzTarPerm extractEntry recipes/webpack.preact-hot-loader/.npmignore
14468 silly gunzTarPerm extractEntry recipes/webpack.preact-hot-loader/app.js
14469 silly gunzTarPerm extractEntry dist/govuk/components/tag/template-purple.html
14470 silly gunzTarPerm extractEntry dist/govuk/components/tag/template-red.html
14471 silly cache afterAdd nunjucks@3.2.4
14472 verbose afterAdd /Users/andyporter/.npm/nunjucks/3.2.4/package/package.json not in flight; writing
14473 verbose correctMkdir /Users/andyporter/.npm correctMkdir not in flight; initializing
14474 silly gunzTarPerm extractEntry _charsEndIndex.js
14475 silly gunzTarPerm extractEntry _charsStartIndex.js
14476 silly gunzTarPerm extractEntry some.js
14477 silly gunzTarPerm extractEntry someLimit.js
14478 silly fetchPackageMetaData debug@https://registry.npmjs.org/debug/-/debug-4.3.4.tgz
14479 silly fetchPackageMetaData ms@https://registry.npmjs.org/ms/-/ms-2.1.2.tgz
14480 silly gunzTarPerm extractEntry recipes/webpack.preact-hot-loader/webpack.config.dev.js
14481 silly gunzTarPerm extractEntry recipes/webpack.preact-hot-loader/webpack.config.js
14482 verbose afterAdd /Users/andyporter/.npm/nunjucks/3.2.4/package/package.json written
14483 silly fetchOtherPackageData debug@https://registry.npmjs.org/debug/-/debug-4.3.4.tgz
14484 silly cache add args [ 'debug@https://registry.npmjs.org/debug/-/debug-4.3.4.tgz',
14484 silly cache add   null ]
14485 verbose cache add spec debug@https://registry.npmjs.org/debug/-/debug-4.3.4.tgz
14486 silly fetchOtherPackageData ms@https://registry.npmjs.org/ms/-/ms-2.1.2.tgz
14487 silly cache add args [ 'ms@https://registry.npmjs.org/ms/-/ms-2.1.2.tgz', null ]
14488 verbose cache add spec ms@https://registry.npmjs.org/ms/-/ms-2.1.2.tgz
14489 silly gunzTarPerm extractEntry ts/core/linq/observable/bufferwithtime.ts
14490 silly gunzTarPerm extractEntry ts/core/linq/observable/bufferwithtimeorcount.ts
14491 silly gunzTarPerm modified mode [ 'ts/core/linq/observable/bufferwithtimeorcount.ts', 384, 420 ]
14492 silly cache add parsed spec Result {
14492 silly cache add   raw: 'debug@https://registry.npmjs.org/debug/-/debug-4.3.4.tgz',
14492 silly cache add   scope: null,
14492 silly cache add   name: 'debug',
14492 silly cache add   rawSpec: 'https://registry.npmjs.org/debug/-/debug-4.3.4.tgz',
14492 silly cache add   spec: 'https://registry.npmjs.org/debug/-/debug-4.3.4.tgz',
14492 silly cache add   type: 'remote' }
14493 silly mapToRegistry name debug@https://registry.npmjs.org/debug/-/debug-4.3.4.tgz
14494 silly mapToRegistry using default registry
14495 silly mapToRegistry registry https://registry.npmjs.org/
14496 silly mapToRegistry data Result {
14496 silly mapToRegistry   raw: 'debug@https://registry.npmjs.org/debug/-/debug-4.3.4.tgz',
14496 silly mapToRegistry   scope: null,
14496 silly mapToRegistry   name: 'debug',
14496 silly mapToRegistry   rawSpec: 'https://registry.npmjs.org/debug/-/debug-4.3.4.tgz',
14496 silly mapToRegistry   spec: 'https://registry.npmjs.org/debug/-/debug-4.3.4.tgz',
14496 silly mapToRegistry   type: 'remote' }
14497 silly mapToRegistry uri https://registry.npmjs.org/debug/-/debug-4.3.4.tgz
14498 verbose addRemoteTarball https://registry.npmjs.org/debug/-/debug-4.3.4.tgz not in flight; adding
14499 verbose addRemoteTarball [ 'https://registry.npmjs.org/debug/-/debug-4.3.4.tgz', null ]
14500 silly cache add parsed spec Result {
14500 silly cache add   raw: 'ms@https://registry.npmjs.org/ms/-/ms-2.1.2.tgz',
14500 silly cache add   scope: null,
14500 silly cache add   name: 'ms',
14500 silly cache add   rawSpec: 'https://registry.npmjs.org/ms/-/ms-2.1.2.tgz',
14500 silly cache add   spec: 'https://registry.npmjs.org/ms/-/ms-2.1.2.tgz',
14500 silly cache add   type: 'remote' }
14501 silly mapToRegistry name ms@https://registry.npmjs.org/ms/-/ms-2.1.2.tgz
14502 silly mapToRegistry using default registry
14503 silly mapToRegistry registry https://registry.npmjs.org/
14504 silly mapToRegistry data Result {
14504 silly mapToRegistry   raw: 'ms@https://registry.npmjs.org/ms/-/ms-2.1.2.tgz',
14504 silly mapToRegistry   scope: null,
14504 silly mapToRegistry   name: 'ms',
14504 silly mapToRegistry   rawSpec: 'https://registry.npmjs.org/ms/-/ms-2.1.2.tgz',
14504 silly mapToRegistry   spec: 'https://registry.npmjs.org/ms/-/ms-2.1.2.tgz',
14504 silly mapToRegistry   type: 'remote' }
14505 silly mapToRegistry uri https://registry.npmjs.org/ms/-/ms-2.1.2.tgz
14506 verbose addRemoteTarball https://registry.npmjs.org/ms/-/ms-2.1.2.tgz not in flight; adding
14507 verbose addRemoteTarball [ 'https://registry.npmjs.org/ms/-/ms-2.1.2.tgz', null ]
14508 silly cache afterAdd yargs@17.4.0
14509 verbose afterAdd /Users/andyporter/.npm/yargs/17.4.0/package/package.json not in flight; writing
14510 verbose correctMkdir /Users/andyporter/.npm correctMkdir not in flight; initializing
14511 silly gunzTarPerm extractEntry dist/govuk/components/cookie-banner/template-rejected-confirmation-banner.html
14512 silly gunzTarPerm extractEntry dist/govuk/components/notification-banner/template-rolealert-overridden-to-roleregion-with-type-as-success.html
14513 info retry fetch attempt 1 at 6:28:03 PM
14514 info attempt registry request try #1 at 6:28:03 PM
14515 http fetch GET https://registry.npmjs.org/debug/-/debug-4.3.4.tgz
14516 info retry fetch attempt 1 at 6:28:03 PM
14517 info attempt registry request try #1 at 6:28:03 PM
14518 http fetch GET https://registry.npmjs.org/ms/-/ms-2.1.2.tgz
14519 silly gunzTarPerm extractEntry _cloneArrayBuffer.js
14520 silly gunzTarPerm extractEntry _cloneBuffer.js
14521 verbose afterAdd /Users/andyporter/.npm/yargs/17.4.0/package/package.json written
14522 silly gunzTarPerm extractEntry someSeries.js
14523 silly gunzTarPerm extractEntry sortBy.js
14524 silly gunzTarPerm extractEntry recipes/webpack.preact-hot-loader/.babelrc
14525 silly gunzTarPerm extractEntry recipes/webpack.preact-hot-loader/app/css/main.css
14526 silly gunzTarPerm extractEntry ts/core/linq/observable/case.ts
14527 silly gunzTarPerm extractEntry ts/core/linq/observable/catch.ts
14528 silly gunzTarPerm modified mode [ 'ts/core/linq/observable/catch.ts', 384, 420 ]
14529 silly gunzTarPerm extractEntry dist/govuk/components/button/template-secondary-disabled.html
14530 silly gunzTarPerm extractEntry dist/govuk/components/button/template-secondary-link.html
14531 silly gunzTarPerm extractEntry _cloneDataView.js
14532 silly gunzTarPerm extractEntry _cloneRegExp.js
14533 silly gunzTarPerm extractEntry timeout.js
14534 silly gunzTarPerm extractEntry times.js
14535 silly gunzTarPerm extractEntry recipes/webpack.preact-hot-loader/app/index.html
14536 silly gunzTarPerm extractEntry recipes/webpack.preact-hot-loader/app/js/main.js
14537 silly gunzTarPerm extractEntry ts/core/linq/observable/catchproto.ts
14538 silly gunzTarPerm modified mode [ 'ts/core/linq/observable/catchproto.ts', 384, 420 ]
14539 silly gunzTarPerm extractEntry ts/core/linq/observable/combinelatest.ts
14540 silly gunzTarPerm modified mode [ 'ts/core/linq/observable/combinelatest.ts', 384, 420 ]
14541 http fetch 200 https://registry.npmjs.org/debug/-/debug-4.3.4.tgz
14542 silly gunzTarPerm extractEntry dist/govuk/components/button/template-secondary.html
14543 silly gunzTarPerm extractEntry dist/govuk/components/radios/template-small-inline-extreme.html
14544 silly gunzTarPerm extractEntry _cloneSymbol.js
14545 silly gunzTarPerm extractEntry _cloneTypedArray.js
14546 silly gunzTarPerm extractEntry recipes/webpack.preact-hot-loader/app/js/HelloWorld.jsx
14547 silly gunzTarPerm extractEntry recipes/webpack.preact-hot-loader/desc.md
14548 silly gunzTarPerm extractEntry timesLimit.js
14549 silly gunzTarPerm extractEntry timesSeries.js
14550 silly gunzTarPerm extractEntry ts/core/linq/observable/combinelatestproto.ts
14551 silly gunzTarPerm modified mode [ 'ts/core/linq/observable/combinelatestproto.ts', 384, 420 ]
14552 silly gunzTarPerm extractEntry ts/core/linq/observable/concat.ts
14553 silly gunzTarPerm modified mode [ 'ts/core/linq/observable/concat.ts', 384, 420 ]
14554 silly gunzTarPerm extractEntry ts/core/linq/observable/concatall.ts
14555 silly gunzTarPerm modified mode [ 'ts/core/linq/observable/concatall.ts', 384, 420 ]
14556 http fetch 200 https://registry.npmjs.org/ms/-/ms-2.1.2.tgz
14557 silly gunzTarPerm extractEntry dist/govuk/components/radios/template-small-inline.html
14558 silly gunzTarPerm extractEntry dist/govuk/components/radios/template-small-with-a-divider.html
14559 silly gunzTarPerm extractEntry ts/core/linq/observable/concatmap.ts
14560 silly gunzTarPerm modified mode [ 'ts/core/linq/observable/concatmap.ts', 384, 420 ]
14561 silly fetchAndShaCheck shasum 1319f6579357f2338d3337d2cdd4914bb5dcc865
14562 verbose addTmpTarball /var/folders/_4/7hgy5s8d1493hmmc5xj976900000gq/T/npm-47481-492c5c41/registry.npmjs.org/debug/-/debug-4.3.4.tgz not in flight; adding
14563 verbose correctMkdir /Users/andyporter/.npm correctMkdir not in flight; initializing
14564 verbose addTmpTarball validating metadata from /var/folders/_4/7hgy5s8d1493hmmc5xj976900000gq/T/npm-47481-492c5c41/registry.npmjs.org/debug/-/debug-4.3.4.tgz
14565 verbose tar unpack /var/folders/_4/7hgy5s8d1493hmmc5xj976900000gq/T/npm-47481-492c5c41/registry.npmjs.org/debug/-/debug-4.3.4.tgz
14566 verbose tar unpacking to /var/folders/_4/7hgy5s8d1493hmmc5xj976900000gq/T/npm-47481-492c5c41/unpack-24972da9
14567 silly gentlyRm /var/folders/_4/7hgy5s8d1493hmmc5xj976900000gq/T/npm-47481-492c5c41/unpack-24972da9 is being purged
14568 verbose gentlyRm don't care about contents; nuking /var/folders/_4/7hgy5s8d1493hmmc5xj976900000gq/T/npm-47481-492c5c41/unpack-24972da9
14569 silly gunzTarPerm modes [ '755', '644' ]
14570 silly gunzTarPerm extractEntry _compareAscending.js
14571 silly gunzTarPerm extractEntry _compareMultiple.js
14572 silly gunzTarPerm extractEntry ts/core/linq/observable/concatmapobserver.ts
14573 silly gunzTarPerm modified mode [ 'ts/core/linq/observable/concatmapobserver.ts', 384, 420 ]
14574 silly fetchPackageMetaData yargs-parser@https://registry.npmjs.org/yargs-parser/-/yargs-parser-21.0.1.tgz
14575 silly fetchOtherPackageData yargs-parser@https://registry.npmjs.org/yargs-parser/-/yargs-parser-21.0.1.tgz
14576 silly cache add args [ 'yargs-parser@https://registry.npmjs.org/yargs-parser/-/yargs-parser-21.0.1.tgz',
14576 silly cache add   null ]
14577 verbose cache add spec yargs-parser@https://registry.npmjs.org/yargs-parser/-/yargs-parser-21.0.1.tgz
14578 silly gunzTarPerm extractEntry ts/core/linq/observable/concatproto.ts
14579 silly gunzTarPerm modified mode [ 'ts/core/linq/observable/concatproto.ts', 384, 420 ]
14580 silly cache add parsed spec Result {
14580 silly cache add   raw: 'yargs-parser@https://registry.npmjs.org/yargs-parser/-/yargs-parser-21.0.1.tgz',
14580 silly cache add   scope: null,
14580 silly cache add   name: 'yargs-parser',
14580 silly cache add   rawSpec: 'https://registry.npmjs.org/yargs-parser/-/yargs-parser-21.0.1.tgz',
14580 silly cache add   spec: 'https://registry.npmjs.org/yargs-parser/-/yargs-parser-21.0.1.tgz',
14580 silly cache add   type: 'remote' }
14581 silly mapToRegistry name yargs-parser@https://registry.npmjs.org/yargs-parser/-/yargs-parser-21.0.1.tgz
14582 silly mapToRegistry using default registry
14583 silly mapToRegistry registry https://registry.npmjs.org/
14584 silly mapToRegistry data Result {
14584 silly mapToRegistry   raw: 'yargs-parser@https://registry.npmjs.org/yargs-parser/-/yargs-parser-21.0.1.tgz',
14584 silly mapToRegistry   scope: null,
14584 silly mapToRegistry   name: 'yargs-parser',
14584 silly mapToRegistry   rawSpec: 'https://registry.npmjs.org/yargs-parser/-/yargs-parser-21.0.1.tgz',
14584 silly mapToRegistry   spec: 'https://registry.npmjs.org/yargs-parser/-/yargs-parser-21.0.1.tgz',
14584 silly mapToRegistry   type: 'remote' }
14585 silly mapToRegistry uri https://registry.npmjs.org/yargs-parser/-/yargs-parser-21.0.1.tgz
14586 verbose addRemoteTarball https://registry.npmjs.org/yargs-parser/-/yargs-parser-21.0.1.tgz not in flight; adding
14587 verbose addRemoteTarball [ 'https://registry.npmjs.org/yargs-parser/-/yargs-parser-21.0.1.tgz',
14587 verbose addRemoteTarball   null ]
14588 silly gunzTarPerm extractEntry transform.js
14589 silly gunzTarPerm extractEntry tryEach.js
14590 silly gunzTarPerm extractEntry recipes/webpack.preact-hot-loader/readme.md
14591 silly gunzTarPerm extractEntry recipes/webpack.preact-hot-loader/yarn.lock
14592 silly gunzTarPerm extractEntry ts/core/linq/observable/count.ts
14593 silly gunzTarPerm modified mode [ 'ts/core/linq/observable/count.ts', 384, 420 ]
14594 verbose correctMkdir /Users/andyporter/.npm correctMkdir not in flight; initializing
14595 silly fetchAndShaCheck shasum d09d1f357b443f493382a8eb3ccd183872ae6009
14596 verbose addTmpTarball /var/folders/_4/7hgy5s8d1493hmmc5xj976900000gq/T/npm-47481-492c5c41/registry.npmjs.org/ms/-/ms-2.1.2.tgz not in flight; adding
14597 verbose correctMkdir /Users/andyporter/.npm correctMkdir not in flight; initializing
14598 verbose addTmpTarball validating metadata from /var/folders/_4/7hgy5s8d1493hmmc5xj976900000gq/T/npm-47481-492c5c41/registry.npmjs.org/ms/-/ms-2.1.2.tgz
14599 verbose tar unpack /var/folders/_4/7hgy5s8d1493hmmc5xj976900000gq/T/npm-47481-492c5c41/registry.npmjs.org/ms/-/ms-2.1.2.tgz
14600 verbose tar unpacking to /var/folders/_4/7hgy5s8d1493hmmc5xj976900000gq/T/npm-47481-492c5c41/unpack-7725f04e
14601 silly gentlyRm /var/folders/_4/7hgy5s8d1493hmmc5xj976900000gq/T/npm-47481-492c5c41/unpack-7725f04e is being purged
14602 verbose gentlyRm don't care about contents; nuking /var/folders/_4/7hgy5s8d1493hmmc5xj976900000gq/T/npm-47481-492c5c41/unpack-7725f04e
14603 silly gunzTarPerm extractEntry LICENSE
14604 info retry fetch attempt 1 at 6:28:03 PM
14605 info attempt registry request try #1 at 6:28:03 PM
14606 http fetch GET https://registry.npmjs.org/yargs-parser/-/yargs-parser-21.0.1.tgz
14607 silly gunzTarPerm modes [ '755', '644' ]
14608 silly gunzTarPerm extractEntry ts/core/linq/observable/create.ts
14609 silly gunzTarPerm modified mode [ 'ts/core/linq/observable/create.ts', 384, 420 ]
14610 silly gunzTarPerm extractEntry _composeArgs.js
14611 silly gunzTarPerm extractEntry _composeArgsRight.js
14612 silly gunzTarPerm extractEntry dist/govuk/components/checkboxes/template-small-with-conditional-reveal.html
14613 silly gunzTarPerm extractEntry dist/govuk/components/radios/template-small-with-conditional-reveal.html
14614 silly gunzTarPerm extractEntry ts/core/linq/observable/debounce.ts
14615 silly gunzTarPerm extractEntry src/browser.js
14616 silly gunzTarPerm extractEntry src/common.js
14617 silly gunzTarPerm extractEntry ts/core/linq/observable/defaultifempty.ts
14618 silly gunzTarPerm modified mode [ 'ts/core/linq/observable/defaultifempty.ts', 384, 420 ]
14619 silly gunzTarPerm extractEntry unmemoize.js
14620 silly gunzTarPerm extractEntry until.js
14621 silly gunzTarPerm extractEntry package.json
14622 silly gunzTarPerm extractEntry ts/core/linq/observable/defer.ts
14623 silly gunzTarPerm modified mode [ 'ts/core/linq/observable/defer.ts', 384, 420 ]
14624 silly gunzTarPerm extractEntry recipes/webpack.react-hot-loader/package.json
14625 silly gunzTarPerm extractEntry ts/core/linq/observable/delay.ts
14626 silly gunzTarPerm extractEntry index.js
14627 silly gunzTarPerm extractEntry license.md
14628 silly gunzTarPerm extractEntry ts/core/linq/observable/delaysubscription.ts
14629 silly gunzTarPerm extractEntry fp/_convertBrowser.js
14630 silly gunzTarPerm extractEntry _copyArray.js
14631 silly gunzTarPerm extractEntry src/index.js
14632 silly gunzTarPerm extractEntry src/node.js
14633 silly gunzTarPerm extractEntry package.json
14634 silly gunzTarPerm extractEntry README.md
14635 silly gunzTarPerm extractEntry dist/govuk/components/checkboxes/template-small-with-disabled.html
14636 silly gunzTarPerm extractEntry dist/govuk/components/radios/template-small-with-disabled.html
14637 silly gunzTarPerm extractEntry waterfall.js
14638 silly gunzTarPerm extractEntry whilst.js
14639 silly gunzTarPerm extractEntry ts/core/linq/observable/dematerialize.ts
14640 silly gunzTarPerm modified mode [ 'ts/core/linq/observable/dematerialize.ts', 384, 420 ]
14641 silly gunzTarPerm extractEntry ts/core/linq/observable/distinct.ts
14642 silly gunzTarPerm modified mode [ 'ts/core/linq/observable/distinct.ts', 384, 420 ]
14643 silly cache afterAdd @types/node@10.17.60
14644 verbose afterAdd /Users/andyporter/.npm/@types/node/10.17.60/package/package.json not in flight; writing
14645 verbose correctMkdir /Users/andyporter/.npm correctMkdir not in flight; initializing
14646 silly gunzTarPerm extractEntry ts/core/linq/observable/distinctuntilchanged.ts
14647 silly gunzTarPerm modified mode [ 'ts/core/linq/observable/distinctuntilchanged.ts', 384, 420 ]
14648 silly gunzTarPerm extractEntry _copyObject.js
14649 silly gunzTarPerm extractEntry _copySymbols.js
14650 silly gunzTarPerm extractEntry recipes/webpack.react-hot-loader/app.js
14651 silly gunzTarPerm extractEntry recipes/webpack.react-hot-loader/webpack.config.js
14652 silly gunzTarPerm extractEntry readme.md
14653 silly gunzTarPerm extractEntry ts/core/linq/observable/dowhile.ts
14654 silly gunzTarPerm modified mode [ 'ts/core/linq/observable/dowhile.ts', 384, 420 ]
14655 silly gunzTarPerm extractEntry dist/govuk/components/checkboxes/template-small-with-divider-and-none.html
14656 silly gunzTarPerm extractEntry dist/govuk/components/checkboxes/template-small-with-error.html
14657 silly gunzTarPerm extractEntry ts/core/linq/observable/elementat.ts
14658 silly gunzTarPerm modified mode [ 'ts/core/linq/observable/elementat.ts', 384, 420 ]
14659 verbose afterAdd /Users/andyporter/.npm/@types/node/10.17.60/package/package.json written
14660 silly gunzTarPerm extractEntry internal/withoutIndex.js
14661 silly gunzTarPerm extractEntry internal/wrapAsync.js
14662 http fetch 200 https://registry.npmjs.org/yargs-parser/-/yargs-parser-21.0.1.tgz
14663 silly gunzTarPerm extractEntry ts/core/linq/observable/empty.ts
14664 silly gunzTarPerm extractEntry ts/core/linq/observable/every.ts
14665 silly gunzTarPerm modified mode [ 'ts/core/linq/observable/every.ts', 384, 420 ]
14666 silly gunzTarPerm extractEntry _copySymbolsIn.js
14667 silly gunzTarPerm extractEntry _coreJsData.js
14668 silly gunzTarPerm extractEntry recipes/webpack.react-hot-loader/.babelrc
14669 silly gunzTarPerm extractEntry recipes/webpack.react-hot-loader/app/css/main.css
14670 silly gunzTarPerm extractEntry ts/core/linq/observable/expand.ts
14671 silly gunzTarPerm extractEntry ts/core/linq/observable/filter.ts
14672 silly gunzTarPerm modified mode [ 'ts/core/linq/observable/filter.ts', 384, 420 ]
14673 silly gunzTarPerm extractEntry dist/govuk/components/radios/template-small-with-error.html
14674 silly gunzTarPerm extractEntry dist/govuk/components/checkboxes/template-small-with-hint.html
14675 silly fetchAndShaCheck shasum 0267f286c877a4f0f728fceb6f8a3e4cb95c6e35
14676 verbose addTmpTarball /var/folders/_4/7hgy5s8d1493hmmc5xj976900000gq/T/npm-47481-492c5c41/registry.npmjs.org/yargs-parser/-/yargs-parser-21.0.1.tgz not in flight; adding
14677 verbose correctMkdir /Users/andyporter/.npm correctMkdir not in flight; initializing
14678 verbose addTmpTarball validating metadata from /var/folders/_4/7hgy5s8d1493hmmc5xj976900000gq/T/npm-47481-492c5c41/registry.npmjs.org/yargs-parser/-/yargs-parser-21.0.1.tgz
14679 verbose tar unpack /var/folders/_4/7hgy5s8d1493hmmc5xj976900000gq/T/npm-47481-492c5c41/registry.npmjs.org/yargs-parser/-/yargs-parser-21.0.1.tgz
14680 verbose tar unpacking to /var/folders/_4/7hgy5s8d1493hmmc5xj976900000gq/T/npm-47481-492c5c41/unpack-18c00f16
14681 silly gentlyRm /var/folders/_4/7hgy5s8d1493hmmc5xj976900000gq/T/npm-47481-492c5c41/unpack-18c00f16 is being purged
14682 verbose gentlyRm don't care about contents; nuking /var/folders/_4/7hgy5s8d1493hmmc5xj976900000gq/T/npm-47481-492c5c41/unpack-18c00f16
14683 silly gunzTarPerm extractEntry wrapSync.js
14684 silly gunzTarPerm extractEntry bower.json
14685 silly gunzTarPerm extractEntry ts/core/linq/observable/finally.ts
14686 silly gunzTarPerm modified mode [ 'ts/core/linq/observable/finally.ts', 384, 420 ]
14687 silly gunzTarPerm modes [ '755', '644' ]
14688 silly gunzTarPerm extractEntry ts/core/linq/observable/find.ts
14689 silly gunzTarPerm modified mode [ 'ts/core/linq/observable/find.ts', 384, 420 ]
14690 silly gunzTarPerm extractEntry recipes/webpack.react-hot-loader/app/index.html
14691 silly gunzTarPerm extractEntry recipes/webpack.react-hot-loader/app/js/main.js
14692 silly gunzTarPerm extractEntry _countHolders.js
14693 silly gunzTarPerm extractEntry _createAggregator.js
14694 silly gunzTarPerm extractEntry ts/core/linq/observable/findindex.ts
14695 silly gunzTarPerm modified mode [ 'ts/core/linq/observable/findindex.ts', 384, 420 ]
14696 silly gunzTarPerm extractEntry ts/core/linq/observable/first.ts
14697 silly gunzTarPerm modified mode [ 'ts/core/linq/observable/first.ts', 384, 420 ]
14698 silly gunzTarPerm extractEntry build/index.cjs
14699 silly gunzTarPerm extractEntry dist/govuk/components/radios/template-small-with-hint.html
14700 silly gunzTarPerm extractEntry dist/govuk/components/checkboxes/template-small-with-long-text.html
14701 silly gunzTarPerm extractEntry ts/core/linq/observable/flatmap.ts
14702 silly gunzTarPerm modified mode [ 'ts/core/linq/observable/flatmap.ts', 384, 420 ]
14703 silly gunzTarPerm extractEntry package.json
14704 silly gunzTarPerm extractEntry dist/async.min.map
14705 silly gunzTarPerm extractEntry ts/core/linq/observable/flatmapfirst.ts
14706 silly gunzTarPerm modified mode [ 'ts/core/linq/observable/flatmapfirst.ts', 384, 420 ]
14707 silly gunzTarPerm extractEntry recipes/webpack.react-hot-loader/app/js/HelloWorld.jsx
14708 silly gunzTarPerm extractEntry recipes/webpack.react-hot-loader/desc.md
14709 silly gunzTarPerm extractEntry _createAssigner.js
14710 silly gunzTarPerm extractEntry _createBaseEach.js
14711 silly gunzTarPerm extractEntry browser.js
14712 silly gunzTarPerm extractEntry CHANGELOG.md
14713 silly gunzTarPerm extractEntry README.md
14714 silly gunzTarPerm extractEntry dist/govuk/components/radios/template-small-with-long-text.html
14715 silly gunzTarPerm extractEntry dist/govuk/components/checkboxes/template-small.html
14716 verbose correctMkdir /Users/andyporter/.npm correctMkdir not in flight; initializing
14717 silly gunzTarPerm extractEntry ts/core/linq/observable/flatmaplatest.ts
14718 silly gunzTarPerm modified mode [ 'ts/core/linq/observable/flatmaplatest.ts', 384, 420 ]
14719 silly gunzTarPerm extractEntry ts/core/linq/observable/flatmapwithmaxconcurrent.ts
14720 silly gunzTarPerm modified mode [ 'ts/core/linq/observable/flatmapwithmaxconcurrent.ts',
14720 silly gunzTarPerm   384,
14720 silly gunzTarPerm   420 ]
14721 silly gunzTarPerm extractEntry recipes/webpack.react-hot-loader/readme.md
14722 silly gunzTarPerm extractEntry recipes/webpack.react-transform-hmr/package.json
14723 silly gunzTarPerm extractEntry _createBaseFor.js
14724 silly gunzTarPerm extractEntry _createBind.js
14725 silly gunzTarPerm extractEntry build/lib/index.js
14726 silly gunzTarPerm extractEntry build/lib/string-utils.js
14727 silly gunzTarPerm extractEntry dist/govuk/components/radios/template-small.html
14728 silly gunzTarPerm extractEntry dist/govuk/components/button/template-start-link.html
14729 silly gunzTarPerm extractEntry ts/core/linq/observable/for.ts
14730 silly gunzTarPerm modified mode [ 'ts/core/linq/observable/for.ts', 384, 420 ]
14731 silly gunzTarPerm extractEntry ts/core/linq/observable/forkjoin.ts
14732 silly gunzTarPerm modified mode [ 'ts/core/linq/observable/forkjoin.ts', 384, 420 ]
14733 silly gunzTarPerm extractEntry ts/core/linq/observable/forkjoinproto.ts
14734 silly gunzTarPerm modified mode [ 'ts/core/linq/observable/forkjoinproto.ts', 384, 420 ]
14735 silly gunzTarPerm extractEntry ts/core/linq/observable/from.ts
14736 silly gunzTarPerm extractEntry _createCaseFirst.js
14737 silly gunzTarPerm extractEntry _createCompounder.js
14738 silly gunzTarPerm extractEntry recipes/webpack.react-transform-hmr/app.js
14739 silly gunzTarPerm extractEntry recipes/webpack.react-transform-hmr/webpack.config.js
14740 verbose correctMkdir /Users/andyporter/.npm correctMkdir not in flight; initializing
14741 silly gunzTarPerm extractEntry ts/core/linq/observable/fromarray.ts
14742 silly gunzTarPerm extractEntry build/lib/tokenize-arg-string.js
14743 silly gunzTarPerm extractEntry build/lib/yargs-parser-types.js
14744 silly gunzTarPerm extractEntry dist/govuk/components/button/template-start.html
14745 silly gunzTarPerm extractEntry dist/govuk/components/fieldset/template-styled-as-large-text.html
14746 verbose correctMkdir /Users/andyporter/.npm correctMkdir not in flight; initializing
14747 silly gunzTarPerm extractEntry ts/core/linq/observable/fromcallback.ts
14748 silly gunzTarPerm modified mode [ 'ts/core/linq/observable/fromcallback.ts', 384, 420 ]
14749 silly cache afterAdd uuid@9.0.1
14750 verbose afterAdd /Users/andyporter/.npm/uuid/9.0.1/package/package.json not in flight; writing
14751 verbose correctMkdir /Users/andyporter/.npm correctMkdir not in flight; initializing
14752 silly gunzTarPerm extractEntry ts/core/linq/observable/fromevent.ts
14753 silly gunzTarPerm extractEntry ts/core/linq/observable/fromeventpattern.ts
14754 silly gunzTarPerm modified mode [ 'ts/core/linq/observable/fromeventpattern.ts', 384, 420 ]
14755 silly gunzTarPerm extractEntry _createCtor.js
14756 silly gunzTarPerm extractEntry _createCurry.js
14757 verbose afterAdd /Users/andyporter/.npm/uuid/9.0.1/package/package.json written
14758 silly gunzTarPerm extractEntry ts/core/linq/observable/fromnodecallback.ts
14759 silly gunzTarPerm extractEntry dist/govuk/components/label/template-styled-as-large-text.html
14760 silly gunzTarPerm extractEntry dist/govuk/components/fieldset/template-styled-as-medium-text.html
14761 silly gunzTarPerm extractEntry ts/core/linq/observable/frompromise.ts
14762 silly gunzTarPerm modified mode [ 'ts/core/linq/observable/frompromise.ts', 384, 420 ]
14763 silly gunzTarPerm extractEntry recipes/webpack.react-transform-hmr/.babelrc
14764 silly gunzTarPerm extractEntry recipes/webpack.react-transform-hmr/app/css/main.css
14765 silly gunzTarPerm extractEntry ts/core/linq/observable/generate.ts
14766 silly gunzTarPerm modified mode [ 'ts/core/linq/observable/generate.ts', 384, 420 ]
14767 silly gunzTarPerm extractEntry build/lib/yargs-parser.js
14768 silly gunzTarPerm extractEntry package.json
14769 verbose correctMkdir /Users/andyporter/.npm correctMkdir not in flight; initializing
14770 silly gunzTarPerm extractEntry _createFind.js
14771 silly gunzTarPerm extractEntry _createFlow.js
14772 silly gunzTarPerm extractEntry recipes/webpack.react-transform-hmr/app/index.html
14773 silly gunzTarPerm extractEntry recipes/webpack.react-transform-hmr/app/js/main.js
14774 silly gunzTarPerm extractEntry dist/govuk/components/label/template-styled-as-medium-text.html
14775 silly gunzTarPerm extractEntry dist/govuk/components/fieldset/template-styled-as-small-text.html
14776 silly cache afterAdd ms@2.1.2
14777 verbose afterAdd /Users/andyporter/.npm/ms/2.1.2/package/package.json not in flight; writing
14778 verbose correctMkdir /Users/andyporter/.npm correctMkdir not in flight; initializing
14779 silly gunzTarPerm extractEntry ts/core/linq/observable/generatewithabsolutetime.ts
14780 silly gunzTarPerm modified mode [ 'ts/core/linq/observable/generatewithabsolutetime.ts',
14780 silly gunzTarPerm   384,
14780 silly gunzTarPerm   420 ]
14781 silly gunzTarPerm extractEntry ts/core/linq/observable/generatewithrelativetime.ts
14782 silly gunzTarPerm modified mode [ 'ts/core/linq/observable/generatewithrelativetime.ts',
14782 silly gunzTarPerm   384,
14782 silly gunzTarPerm   420 ]
14783 silly gunzTarPerm extractEntry ts/core/linq/observable/groupby.ts
14784 silly gunzTarPerm modified mode [ 'ts/core/linq/observable/groupby.ts', 384, 420 ]
14785 silly gunzTarPerm extractEntry CHANGELOG.md
14786 silly gunzTarPerm extractEntry README.md
14787 silly cache afterAdd socket.io-client@4.8.1
14788 verbose afterAdd /Users/andyporter/.npm/socket.io-client/4.8.1/package/package.json not in flight; writing
14789 verbose correctMkdir /Users/andyporter/.npm correctMkdir not in flight; initializing
14790 silly fetchPackageMetaData commander@https://registry.npmjs.org/commander/-/commander-5.1.0.tgz
14791 silly gunzTarPerm extractEntry ts/core/linq/observable/groupbyuntil.ts
14792 silly gunzTarPerm modified mode [ 'ts/core/linq/observable/groupbyuntil.ts', 384, 420 ]
14793 silly gunzTarPerm extractEntry _createHybrid.js
14794 silly gunzTarPerm extractEntry _createInverter.js
14795 silly fetchOtherPackageData commander@https://registry.npmjs.org/commander/-/commander-5.1.0.tgz
14796 silly cache add args [ 'commander@https://registry.npmjs.org/commander/-/commander-5.1.0.tgz',
14796 silly cache add   null ]
14797 verbose cache add spec commander@https://registry.npmjs.org/commander/-/commander-5.1.0.tgz
14798 verbose correctMkdir /Users/andyporter/.npm correctMkdir not in flight; initializing
14799 verbose afterAdd /Users/andyporter/.npm/ms/2.1.2/package/package.json written
14800 silly cache add parsed spec Result {
14800 silly cache add   raw: 'commander@https://registry.npmjs.org/commander/-/commander-5.1.0.tgz',
14800 silly cache add   scope: null,
14800 silly cache add   name: 'commander',
14800 silly cache add   rawSpec: 'https://registry.npmjs.org/commander/-/commander-5.1.0.tgz',
14800 silly cache add   spec: 'https://registry.npmjs.org/commander/-/commander-5.1.0.tgz',
14800 silly cache add   type: 'remote' }
14801 silly mapToRegistry name commander@https://registry.npmjs.org/commander/-/commander-5.1.0.tgz
14802 silly mapToRegistry using default registry
14803 silly mapToRegistry registry https://registry.npmjs.org/
14804 silly mapToRegistry data Result {
14804 silly mapToRegistry   raw: 'commander@https://registry.npmjs.org/commander/-/commander-5.1.0.tgz',
14804 silly mapToRegistry   scope: null,
14804 silly mapToRegistry   name: 'commander',
14804 silly mapToRegistry   rawSpec: 'https://registry.npmjs.org/commander/-/commander-5.1.0.tgz',
14804 silly mapToRegistry   spec: 'https://registry.npmjs.org/commander/-/commander-5.1.0.tgz',
14804 silly mapToRegistry   type: 'remote' }
14805 silly mapToRegistry uri https://registry.npmjs.org/commander/-/commander-5.1.0.tgz
14806 verbose addRemoteTarball https://registry.npmjs.org/commander/-/commander-5.1.0.tgz not in flight; adding
14807 verbose addRemoteTarball [ 'https://registry.npmjs.org/commander/-/commander-5.1.0.tgz',
14807 verbose addRemoteTarball   null ]
14808 silly gunzTarPerm extractEntry ts/core/linq/observable/groupjoin.ts
14809 silly gunzTarPerm modified mode [ 'ts/core/linq/observable/groupjoin.ts', 384, 420 ]
14810 silly gunzTarPerm extractEntry recipes/webpack.react-transform-hmr/app/js/HelloWorld.jsx
14811 silly gunzTarPerm extractEntry recipes/webpack.react-transform-hmr/desc.md
14812 verbose afterAdd /Users/andyporter/.npm/socket.io-client/4.8.1/package/package.json written
14813 info retry fetch attempt 1 at 6:28:04 PM
14814 info attempt registry request try #1 at 6:28:04 PM
14815 http fetch GET https://registry.npmjs.org/commander/-/commander-5.1.0.tgz
14816 silly gunzTarPerm extractEntry ts/core/linq/observable/if.ts
14817 silly gunzTarPerm extractEntry dist/govuk/components/label/template-styled-as-small-text.html
14818 silly gunzTarPerm extractEntry dist/govuk/components/fieldset/template-styled-as-xl-text.html
14819 silly gunzTarPerm extractEntry ts/core/linq/observable/ignoreelements.ts
14820 silly gunzTarPerm modified mode [ 'ts/core/linq/observable/ignoreelements.ts', 384, 420 ]
14821 silly gunzTarPerm extractEntry LICENSE.txt
14822 silly gunzTarPerm extractEntry ts/core/linq/observable/includes.ts
14823 silly gunzTarPerm modified mode [ 'ts/core/linq/observable/includes.ts', 384, 420 ]
14824 silly gunzTarPerm extractEntry _createMathOperation.js
14825 silly gunzTarPerm extractEntry _createOver.js
14826 silly gunzTarPerm extractEntry ts/core/linq/observable/indexof.ts
14827 silly gunzTarPerm modified mode [ 'ts/core/linq/observable/indexof.ts', 384, 420 ]
14828 silly cache afterAdd @inquirer/core@10.1.15
14829 verbose afterAdd /Users/andyporter/.npm/@inquirer/core/10.1.15/package/package.json not in flight; writing
14830 verbose correctMkdir /Users/andyporter/.npm correctMkdir not in flight; initializing
14831 silly gunzTarPerm extractEntry recipes/webpack.react-transform-hmr/readme.md
14832 silly gunzTarPerm extractEntry recipes/webpack.typescript/package.json
14833 silly gunzTarPerm extractEntry ts/core/linq/observable/interval.ts
14834 silly gunzTarPerm extractEntry dist/govuk/components/label/template-styled-as-xl-text.html
14835 silly gunzTarPerm extractEntry dist/govuk/components/notification-banner/template-success-with-custom-html.html
14836 silly gunzTarPerm extractEntry ts/core/linq/observable/isempty.ts
14837 silly gunzTarPerm modified mode [ 'ts/core/linq/observable/isempty.ts', 384, 420 ]
14838 silly gunzTarPerm extractEntry ts/core/linq/observable/join.ts
14839 silly gunzTarPerm modified mode [ 'ts/core/linq/observable/join.ts', 384, 420 ]
14840 verbose afterAdd /Users/andyporter/.npm/@inquirer/core/10.1.15/package/package.json written
14841 silly gunzTarPerm extractEntry ts/core/linq/observable/jortsort.ts
14842 silly gunzTarPerm modified mode [ 'ts/core/linq/observable/jortsort.ts', 384, 420 ]
14843 silly gunzTarPerm extractEntry _createPadding.js
14844 silly gunzTarPerm extractEntry _createPartial.js
14845 silly cache afterAdd debug@4.3.4
14846 verbose afterAdd /Users/andyporter/.npm/debug/4.3.4/package/package.json not in flight; writing
14847 verbose correctMkdir /Users/andyporter/.npm correctMkdir not in flight; initializing
14848 silly gunzTarPerm extractEntry ts/core/linq/observable/jortsortuntil.ts
14849 silly gunzTarPerm modified mode [ 'ts/core/linq/observable/jortsortuntil.ts', 384, 420 ]
14850 http fetch 200 https://registry.npmjs.org/commander/-/commander-5.1.0.tgz
14851 silly gunzTarPerm extractEntry recipes/webpack.typescript/app.js
14852 silly gunzTarPerm extractEntry recipes/webpack.typescript/webpack.config.js
14853 silly gunzTarPerm extractEntry dist/govuk/components/table/template-table-with-head-and-caption.html
14854 silly gunzTarPerm extractEntry dist/govuk/components/table/template-table-with-head.html
14855 silly gunzTarPerm extractEntry ts/core/linq/observable/just.ts
14856 verbose afterAdd /Users/andyporter/.npm/debug/4.3.4/package/package.json written
14857 silly gunzTarPerm extractEntry _createRange.js
14858 silly gunzTarPerm extractEntry _createRecurry.js
14859 silly fetchAndShaCheck shasum 46abbd1652f8e059bddaef99bbdcb2ad9cf179ae
14860 verbose addTmpTarball /var/folders/_4/7hgy5s8d1493hmmc5xj976900000gq/T/npm-47481-492c5c41/registry.npmjs.org/commander/-/commander-5.1.0.tgz not in flight; adding
14861 verbose correctMkdir /Users/andyporter/.npm correctMkdir not in flight; initializing
14862 verbose addTmpTarball validating metadata from /var/folders/_4/7hgy5s8d1493hmmc5xj976900000gq/T/npm-47481-492c5c41/registry.npmjs.org/commander/-/commander-5.1.0.tgz
14863 verbose tar unpack /var/folders/_4/7hgy5s8d1493hmmc5xj976900000gq/T/npm-47481-492c5c41/registry.npmjs.org/commander/-/commander-5.1.0.tgz
14864 verbose tar unpacking to /var/folders/_4/7hgy5s8d1493hmmc5xj976900000gq/T/npm-47481-492c5c41/unpack-753138db
14865 silly gentlyRm /var/folders/_4/7hgy5s8d1493hmmc5xj976900000gq/T/npm-47481-492c5c41/unpack-753138db is being purged
14866 verbose gentlyRm don't care about contents; nuking /var/folders/_4/7hgy5s8d1493hmmc5xj976900000gq/T/npm-47481-492c5c41/unpack-753138db
14867 silly gunzTarPerm modes [ '755', '644' ]
14868 silly gunzTarPerm extractEntry dist/govuk/components/tabs/template-tabs-with-anchor-in-panel.html
14869 silly gunzTarPerm extractEntry dist/govuk/components/footer/template-three-equal-columns.html
14870 silly gunzTarPerm extractEntry recipes/webpack.typescript/app/index.html
14871 silly gunzTarPerm extractEntry recipes/webpack.typescript/desc.md
14872 silly fetchPackageMetaData signal-exit@https://registry.npmjs.org/signal-exit/-/signal-exit-4.1.0.tgz
14873 silly fetchPackageMetaData wrap-ansi@https://registry.npmjs.org/wrap-ansi/-/wrap-ansi-6.2.0.tgz
14874 silly gunzTarPerm extractEntry ts/core/linq/observable/last.ts
14875 silly gunzTarPerm modified mode [ 'ts/core/linq/observable/last.ts', 384, 420 ]
14876 silly gunzTarPerm extractEntry ts/core/linq/observable/let.ts
14877 silly gunzTarPerm modified mode [ 'ts/core/linq/observable/let.ts', 384, 420 ]
14878 silly fetchOtherPackageData signal-exit@https://registry.npmjs.org/signal-exit/-/signal-exit-4.1.0.tgz
14879 silly cache add args [ 'signal-exit@https://registry.npmjs.org/signal-exit/-/signal-exit-4.1.0.tgz',
14879 silly cache add   null ]
14880 verbose cache add spec signal-exit@https://registry.npmjs.org/signal-exit/-/signal-exit-4.1.0.tgz
14881 silly fetchOtherPackageData wrap-ansi@https://registry.npmjs.org/wrap-ansi/-/wrap-ansi-6.2.0.tgz
14882 silly cache add args [ 'wrap-ansi@https://registry.npmjs.org/wrap-ansi/-/wrap-ansi-6.2.0.tgz',
14882 silly cache add   null ]
14883 verbose cache add spec wrap-ansi@https://registry.npmjs.org/wrap-ansi/-/wrap-ansi-6.2.0.tgz
14884 silly cache add parsed spec Result {
14884 silly cache add   raw: 'signal-exit@https://registry.npmjs.org/signal-exit/-/signal-exit-4.1.0.tgz',
14884 silly cache add   scope: null,
14884 silly cache add   name: 'signal-exit',
14884 silly cache add   rawSpec: 'https://registry.npmjs.org/signal-exit/-/signal-exit-4.1.0.tgz',
14884 silly cache add   spec: 'https://registry.npmjs.org/signal-exit/-/signal-exit-4.1.0.tgz',
14884 silly cache add   type: 'remote' }
14885 silly mapToRegistry name signal-exit@https://registry.npmjs.org/signal-exit/-/signal-exit-4.1.0.tgz
14886 silly mapToRegistry using default registry
14887 silly mapToRegistry registry https://registry.npmjs.org/
14888 silly mapToRegistry data Result {
14888 silly mapToRegistry   raw: 'signal-exit@https://registry.npmjs.org/signal-exit/-/signal-exit-4.1.0.tgz',
14888 silly mapToRegistry   scope: null,
14888 silly mapToRegistry   name: 'signal-exit',
14888 silly mapToRegistry   rawSpec: 'https://registry.npmjs.org/signal-exit/-/signal-exit-4.1.0.tgz',
14888 silly mapToRegistry   spec: 'https://registry.npmjs.org/signal-exit/-/signal-exit-4.1.0.tgz',
14888 silly mapToRegistry   type: 'remote' }
14889 silly mapToRegistry uri https://registry.npmjs.org/signal-exit/-/signal-exit-4.1.0.tgz
14890 verbose addRemoteTarball https://registry.npmjs.org/signal-exit/-/signal-exit-4.1.0.tgz not in flight; adding
14891 verbose addRemoteTarball [ 'https://registry.npmjs.org/signal-exit/-/signal-exit-4.1.0.tgz',
14891 verbose addRemoteTarball   null ]
14892 silly cache add parsed spec Result {
14892 silly cache add   raw: 'wrap-ansi@https://registry.npmjs.org/wrap-ansi/-/wrap-ansi-6.2.0.tgz',
14892 silly cache add   scope: null,
14892 silly cache add   name: 'wrap-ansi',
14892 silly cache add   rawSpec: 'https://registry.npmjs.org/wrap-ansi/-/wrap-ansi-6.2.0.tgz',
14892 silly cache add   spec: 'https://registry.npmjs.org/wrap-ansi/-/wrap-ansi-6.2.0.tgz',
14892 silly cache add   type: 'remote' }
14893 silly mapToRegistry name wrap-ansi@https://registry.npmjs.org/wrap-ansi/-/wrap-ansi-6.2.0.tgz
14894 silly mapToRegistry using default registry
14895 silly mapToRegistry registry https://registry.npmjs.org/
14896 silly mapToRegistry data Result {
14896 silly mapToRegistry   raw: 'wrap-ansi@https://registry.npmjs.org/wrap-ansi/-/wrap-ansi-6.2.0.tgz',
14896 silly mapToRegistry   scope: null,
14896 silly mapToRegistry   name: 'wrap-ansi',
14896 silly mapToRegistry   rawSpec: 'https://registry.npmjs.org/wrap-ansi/-/wrap-ansi-6.2.0.tgz',
14896 silly mapToRegistry   spec: 'https://registry.npmjs.org/wrap-ansi/-/wrap-ansi-6.2.0.tgz',
14896 silly mapToRegistry   type: 'remote' }
14897 silly mapToRegistry uri https://registry.npmjs.org/wrap-ansi/-/wrap-ansi-6.2.0.tgz
14898 verbose addRemoteTarball https://registry.npmjs.org/wrap-ansi/-/wrap-ansi-6.2.0.tgz not in flight; adding
14899 verbose addRemoteTarball [ 'https://registry.npmjs.org/wrap-ansi/-/wrap-ansi-6.2.0.tgz',
14899 verbose addRemoteTarball   null ]
14900 info retry fetch attempt 1 at 6:28:04 PM
14901 info attempt registry request try #1 at 6:28:04 PM
14902 http fetch GET https://registry.npmjs.org/wrap-ansi/-/wrap-ansi-6.2.0.tgz
14903 info retry fetch attempt 1 at 6:28:04 PM
14904 info attempt registry request try #1 at 6:28:04 PM
14905 http fetch GET https://registry.npmjs.org/signal-exit/-/signal-exit-4.1.0.tgz
14906 silly gunzTarPerm extractEntry LICENSE
14907 silly gunzTarPerm extractEntry _createRelationalOperation.js
14908 silly gunzTarPerm extractEntry _createRound.js
14909 silly gunzTarPerm extractEntry dist/govuk/components/error-message/template-translated.html
14910 silly gunzTarPerm extractEntry dist/govuk/components/exit-this-page/template-translated.html
14911 silly gunzTarPerm extractEntry index.js
14912 silly gunzTarPerm extractEntry ts/core/linq/observable/manyselect.ts
14913 silly gunzTarPerm modified mode [ 'ts/core/linq/observable/manyselect.ts', 384, 420 ]
14914 silly gunzTarPerm extractEntry ts/core/linq/observable/map.ts
14915 silly gunzTarPerm modified mode [ 'ts/core/linq/observable/map.ts', 384, 420 ]
14916 silly gunzTarPerm extractEntry ts/core/linq/observable/materialize.ts
14917 silly gunzTarPerm modified mode [ 'ts/core/linq/observable/materialize.ts', 384, 420 ]
14918 silly gunzTarPerm extractEntry package.json
14919 silly gunzTarPerm extractEntry CHANGELOG.md
14920 silly gunzTarPerm extractEntry Readme.md
14921 silly gunzTarPerm extractEntry typings/index.d.ts
14922 silly gunzTarPerm extractEntry ts/core/linq/observable/max.ts
14923 silly gunzTarPerm modified mode [ 'ts/core/linq/observable/max.ts', 384, 420 ]
14924 silly gunzTarPerm extractEntry recipes/webpack.typescript/readme.md
14925 silly gunzTarPerm extractEntry recipes/webpack.typescript/src/main.ts
14926 silly gunzTarPerm extractEntry ts/core/linq/observable/maxby.ts
14927 silly gunzTarPerm modified mode [ 'ts/core/linq/observable/maxby.ts', 384, 420 ]
14928 silly gunzTarPerm extractEntry _createSet.js
14929 silly gunzTarPerm extractEntry _createToPairs.js
14930 silly gunzTarPerm extractEntry ts/core/linq/observable/merge.ts
14931 silly gunzTarPerm extractEntry dist/govuk/components/file-upload/template-translated.html
14932 silly gunzTarPerm extractEntry dist/govuk/components/summary-list/template-translated.html
14933 silly gunzTarPerm extractEntry ts/core/linq/observable/mergeall.ts
14934 silly gunzTarPerm modified mode [ 'ts/core/linq/observable/mergeall.ts', 384, 420 ]
14935 silly gunzTarPerm extractEntry recipes/webpack.typescript/tsconfig.json
14936 silly gunzTarPerm extractEntry recipes/webpack.typescript.react/package.json
14937 silly gunzTarPerm extractEntry ts/core/linq/observable/mergeconcat.ts
14938 silly gunzTarPerm extractEntry ts/core/linq/observable/mergedelayerror.ts
14939 silly gunzTarPerm modified mode [ 'ts/core/linq/observable/mergedelayerror.ts', 384, 420 ]
14940 silly gunzTarPerm extractEntry _createWrap.js
14941 silly gunzTarPerm extractEntry _customDefaultsAssignIn.js
14942 silly gunzTarPerm extractEntry ts/core/linq/observable/min.ts
14943 silly gunzTarPerm modified mode [ 'ts/core/linq/observable/min.ts', 384, 420 ]
14944 silly gunzTarPerm extractEntry dist/govuk/components/tag/template-turquoise.html
14945 silly gunzTarPerm extractEntry dist/govuk/components/button/template-warning-disabled.html
14946 silly gunzTarPerm extractEntry ts/core/linq/observable/ambproto.ts
14947 silly gunzTarPerm modified mode [ 'ts/core/linq/observable/ambproto.ts', 384, 420 ]
14948 silly gunzTarPerm extractEntry ts/core/linq/observable/multicast.ts
14949 silly gunzTarPerm modified mode [ 'ts/core/linq/observable/multicast.ts', 384, 420 ]
14950 silly gunzTarPerm extractEntry recipes/webpack.typescript.react/webpack.dev.config.js
14951 silly gunzTarPerm extractEntry recipes/webpack.typescript.react/preview.js
14952 silly gunzTarPerm extractEntry _customDefaultsMerge.js
14953 silly gunzTarPerm extractEntry _customOmitClone.js
14954 silly gunzTarPerm extractEntry ts/core/linq/observable/never.ts
14955 silly gunzTarPerm modified mode [ 'ts/core/linq/observable/never.ts', 384, 420 ]
14956 http fetch 200 https://registry.npmjs.org/wrap-ansi/-/wrap-ansi-6.2.0.tgz
14957 silly gunzTarPerm extractEntry ts/core/linq/observable/observeon.ts
14958 silly gunzTarPerm extractEntry dist/govuk/components/button/template-warning-link.html
14959 silly gunzTarPerm extractEntry dist/govuk/components/button/template-warning.html
14960 silly gunzTarPerm extractEntry ts/core/linq/observable/of.ts
14961 silly gunzTarPerm extractEntry recipes/webpack.typescript.react/app.js
14962 silly gunzTarPerm extractEntry recipes/webpack.typescript.react/webpack.common.config.js
14963 http fetch 200 https://registry.npmjs.org/signal-exit/-/signal-exit-4.1.0.tgz
14964 silly gunzTarPerm extractEntry ts/core/linq/observable/ofarraychanges.ts
14965 silly gunzTarPerm modified mode [ 'ts/core/linq/observable/ofarraychanges.ts', 384, 420 ]
14966 silly gunzTarPerm extractEntry _DataView.js
14967 silly gunzTarPerm extractEntry _deburrLetter.js
14968 silly gunzTarPerm extractEntry ts/core/linq/observable/ofobjectchanges.ts
14969 silly gunzTarPerm modified mode [ 'ts/core/linq/observable/ofobjectchanges.ts', 384, 420 ]
14970 silly fetchAndShaCheck shasum e9393ba07102e6c91a3b221478f0257cd2856e53
14971 verbose addTmpTarball /var/folders/_4/7hgy5s8d1493hmmc5xj976900000gq/T/npm-47481-492c5c41/registry.npmjs.org/wrap-ansi/-/wrap-ansi-6.2.0.tgz not in flight; adding
14972 verbose correctMkdir /Users/andyporter/.npm correctMkdir not in flight; initializing
14973 verbose addTmpTarball validating metadata from /var/folders/_4/7hgy5s8d1493hmmc5xj976900000gq/T/npm-47481-492c5c41/registry.npmjs.org/wrap-ansi/-/wrap-ansi-6.2.0.tgz
14974 verbose tar unpack /var/folders/_4/7hgy5s8d1493hmmc5xj976900000gq/T/npm-47481-492c5c41/registry.npmjs.org/wrap-ansi/-/wrap-ansi-6.2.0.tgz
14975 verbose tar unpacking to /var/folders/_4/7hgy5s8d1493hmmc5xj976900000gq/T/npm-47481-492c5c41/unpack-4adfeb10
14976 silly gentlyRm /var/folders/_4/7hgy5s8d1493hmmc5xj976900000gq/T/npm-47481-492c5c41/unpack-4adfeb10 is being purged
14977 verbose gentlyRm don't care about contents; nuking /var/folders/_4/7hgy5s8d1493hmmc5xj976900000gq/T/npm-47481-492c5c41/unpack-4adfeb10
14978 silly gunzTarPerm modes [ '755', '644' ]
14979 silly gunzTarPerm extractEntry ts/core/linq/observable/onerrorresumenext.ts
14980 silly gunzTarPerm modified mode [ 'ts/core/linq/observable/onerrorresumenext.ts', 384, 420 ]
14981 silly gunzTarPerm extractEntry dist/govuk/components/radios/template-with-a-divider.html
14982 silly gunzTarPerm extractEntry dist/govuk/components/notification-banner/template-with-a-list.html
14983 silly gunzTarPerm extractEntry recipes/webpack.typescript.react/webpack.config.js
14984 silly gunzTarPerm extractEntry recipes/webpack.typescript.react/app/dist/bundle.js
14985 silly fetchAndShaCheck shasum 952188c1cbd546070e2dd20d0f41c0ae0530cb04
14986 verbose addTmpTarball /var/folders/_4/7hgy5s8d1493hmmc5xj976900000gq/T/npm-47481-492c5c41/registry.npmjs.org/signal-exit/-/signal-exit-4.1.0.tgz not in flight; adding
14987 verbose correctMkdir /Users/andyporter/.npm correctMkdir not in flight; initializing
14988 verbose addTmpTarball validating metadata from /var/folders/_4/7hgy5s8d1493hmmc5xj976900000gq/T/npm-47481-492c5c41/registry.npmjs.org/signal-exit/-/signal-exit-4.1.0.tgz
14989 verbose tar unpack /var/folders/_4/7hgy5s8d1493hmmc5xj976900000gq/T/npm-47481-492c5c41/registry.npmjs.org/signal-exit/-/signal-exit-4.1.0.tgz
14990 verbose tar unpacking to /var/folders/_4/7hgy5s8d1493hmmc5xj976900000gq/T/npm-47481-492c5c41/unpack-34f552d0
14991 silly gentlyRm /var/folders/_4/7hgy5s8d1493hmmc5xj976900000gq/T/npm-47481-492c5c41/unpack-34f552d0 is being purged
14992 verbose gentlyRm don't care about contents; nuking /var/folders/_4/7hgy5s8d1493hmmc5xj976900000gq/T/npm-47481-492c5c41/unpack-34f552d0
14993 silly gunzTarPerm modes [ '755', '644' ]
14994 silly gunzTarPerm extractEntry license
14995 silly gunzTarPerm extractEntry _defineProperty.js
14996 silly gunzTarPerm extractEntry _equalArrays.js
14997 silly gunzTarPerm extractEntry ts/core/linq/observable/onerrorresumenextproto.ts
14998 silly gunzTarPerm modified mode [ 'ts/core/linq/observable/onerrorresumenextproto.ts', 384, 420 ]
14999 silly gunzTarPerm extractEntry ts/core/linq/observable/pairs.ts
15000 silly gunzTarPerm modified mode [ 'ts/core/linq/observable/pairs.ts', 384, 420 ]
15001 silly gunzTarPerm extractEntry ts/core/linq/observable/pairwise.ts
15002 silly gunzTarPerm modified mode [ 'ts/core/linq/observable/pairwise.ts', 384, 420 ]
15003 silly gunzTarPerm extractEntry index.js
15004 silly gunzTarPerm extractEntry package.json
15005 silly gunzTarPerm extractEntry ts/core/linq/observable/partition.ts
15006 silly gunzTarPerm modified mode [ 'ts/core/linq/observable/partition.ts', 384, 420 ]
15007 silly gunzTarPerm extractEntry dist/cjs/browser.js
15008 silly gunzTarPerm extractEntry dist/govuk/components/checkboxes/template-with-a-medium-legend.html
15009 silly gunzTarPerm extractEntry dist/govuk/components/radios/template-with-a-medium-legend.html
15010 silly gunzTarPerm extractEntry ts/core/linq/observable/pipe.ts
15011 silly gunzTarPerm modified mode [ 'ts/core/linq/observable/pipe.ts', 384, 420 ]
15012 silly gunzTarPerm extractEntry recipes/webpack.typescript.react/app/index.html
15013 silly gunzTarPerm extractEntry recipes/webpack.typescript.react/tsconfig.json
15014 silly gunzTarPerm extractEntry _equalByTag.js
15015 silly gunzTarPerm extractEntry _equalObjects.js
15016 silly gunzTarPerm extractEntry ts/core/linq/observable/pluck.ts
15017 silly gunzTarPerm modified mode [ 'ts/core/linq/observable/pluck.ts', 384, 420 ]
15018 silly gunzTarPerm extractEntry dist/mjs/browser.js
15019 silly gunzTarPerm extractEntry dist/cjs/index.js
15020 silly gunzTarPerm extractEntry ts/core/linq/observable/publish.ts
15021 silly gunzTarPerm modified mode [ 'ts/core/linq/observable/publish.ts', 384, 420 ]
15022 silly gunzTarPerm extractEntry readme.md
15023 silly gunzTarPerm extractEntry ts/core/linq/observable/publishlast.ts
15024 silly gunzTarPerm modified mode [ 'ts/core/linq/observable/publishlast.ts', 384, 420 ]
15025 silly gunzTarPerm extractEntry ts/core/linq/observable/publishvalue.ts
15026 silly gunzTarPerm modified mode [ 'ts/core/linq/observable/publishvalue.ts', 384, 420 ]
15027 silly gunzTarPerm extractEntry dist/govuk/components/service-navigation/template-with-a-single-navigation-item-and-collapsenavigationonmobile-set-to-true.html
15028 silly gunzTarPerm extractEntry dist/govuk/components/service-navigation/template-with-a-single-navigation-item.html
15029 silly gunzTarPerm extractEntry _escapeHtmlChar.js
15030 silly gunzTarPerm extractEntry _escapeStringChar.js
15031 silly gunzTarPerm extractEntry ts/core/linq/observable/range.ts
15032 silly gunzTarPerm extractEntry recipes/webpack.typescript.react/typings/browser/ambient/react/index.d.ts
15033 silly gunzTarPerm extractEntry recipes/webpack.typescript.react/typings/browser/ambient/react-dom/index.d.ts
15034 silly gunzTarPerm extractEntry recipes/webpack.typescript.react/typings/browser.d.ts
15035 silly gunzTarPerm extractEntry recipes/webpack.typescript.react/typings/main/ambient/react/index.d.ts
15036 silly gunzTarPerm extractEntry recipes/webpack.typescript.react/typings/main/ambient/react-dom/index.d.ts
15037 silly gunzTarPerm extractEntry recipes/webpack.typescript.react/typings/main.d.ts
15038 silly gunzTarPerm extractEntry recipes/webpack.typescript.react/typings.json
15039 silly gunzTarPerm extractEntry recipes/webpack.typescript.react/desc.md
15040 silly gunzTarPerm extractEntry recipes/webpack.typescript.react/readme.md
15041 silly gunzTarPerm extractEntry recipes/webpack.typescript.react/src/components/HelloWorld.tsx
15042 silly gunzTarPerm extractEntry recipes/webpack.typescript.react/src/main.tsx
15043 silly gunzTarPerm extractEntry ts/core/linq/observable/reduce.ts
15044 silly gunzTarPerm modified mode [ 'ts/core/linq/observable/reduce.ts', 384, 420 ]
15045 verbose correctMkdir /Users/andyporter/.npm correctMkdir not in flight; initializing
15046 silly gunzTarPerm extractEntry ts/core/linq/observable/repeat.ts
15047 silly gunzTarPerm extractEntry dist/mjs/index.js
15048 silly gunzTarPerm extractEntry dist/cjs/signals.js
15049 silly gunzTarPerm extractEntry dist/mjs/signals.js
15050 silly gunzTarPerm extractEntry dist/cjs/package.json
15051 silly gunzTarPerm extractEntry dist/mjs/package.json
15052 silly gunzTarPerm extractEntry package.json
15053 silly gunzTarPerm extractEntry dist/cjs/browser.d.ts.map
15054 silly gunzTarPerm extractEntry dist/mjs/browser.d.ts.map
15055 silly gunzTarPerm extractEntry dist/cjs/browser.js.map
15056 silly gunzTarPerm extractEntry dist/mjs/browser.js.map
15057 silly gunzTarPerm extractEntry dist/cjs/index.d.ts.map
15058 silly gunzTarPerm extractEntry dist/mjs/index.d.ts.map
15059 silly gunzTarPerm extractEntry dist/cjs/index.js.map
15060 silly gunzTarPerm extractEntry dist/mjs/index.js.map
15061 silly gunzTarPerm extractEntry dist/cjs/signals.d.ts.map
15062 silly gunzTarPerm extractEntry dist/mjs/signals.d.ts.map
15063 silly gunzTarPerm extractEntry dist/cjs/signals.js.map
15064 silly gunzTarPerm extractEntry dist/mjs/signals.js.map
15065 silly gunzTarPerm extractEntry README.md
15066 silly gunzTarPerm extractEntry dist/cjs/browser.d.ts
15067 silly gunzTarPerm extractEntry dist/mjs/browser.d.ts
15068 silly gunzTarPerm extractEntry dist/cjs/index.d.ts
15069 silly gunzTarPerm extractEntry dist/mjs/index.d.ts
15070 silly gunzTarPerm extractEntry dist/cjs/signals.d.ts
15071 silly gunzTarPerm extractEntry dist/mjs/signals.d.ts
15072 silly gunzTarPerm extractEntry LICENSE.txt
15073 silly gunzTarPerm extractEntry ts/core/linq/observable/repeatproto.ts
15074 silly gunzTarPerm modified mode [ 'ts/core/linq/observable/repeatproto.ts', 384, 420 ]
15075 silly gunzTarPerm extractEntry dist/govuk/components/summary-list/template-with-actions.html
15076 silly gunzTarPerm extractEntry dist/govuk/components/button/template-with-active-state.html
15077 silly gunzTarPerm extractEntry fp/_falseOptions.js
15078 silly gunzTarPerm extractEntry _flatRest.js
15079 silly gunzTarPerm extractEntry ts/core/linq/observable/replay.ts
15080 silly gunzTarPerm extractEntry ts/core/linq/observable/retry.ts
15081 silly gunzTarPerm modified mode [ 'ts/core/linq/observable/retry.ts', 384, 420 ]
15082 silly fetchPackageMetaData debug@https://registry.npmjs.org/debug/-/debug-4.3.7.tgz
15083 silly fetchPackageMetaData ms@https://registry.npmjs.org/ms/-/ms-2.1.3.tgz
15084 silly gunzTarPerm extractEntry ts/core/linq/observable/retrywhen.ts
15085 silly gunzTarPerm modified mode [ 'ts/core/linq/observable/retrywhen.ts', 384, 420 ]
15086 silly fetchOtherPackageData debug@https://registry.npmjs.org/debug/-/debug-4.3.7.tgz
15087 silly cache add args [ 'debug@https://registry.npmjs.org/debug/-/debug-4.3.7.tgz',
15087 silly cache add   null ]
15088 verbose cache add spec debug@https://registry.npmjs.org/debug/-/debug-4.3.7.tgz
15089 silly fetchOtherPackageData ms@https://registry.npmjs.org/ms/-/ms-2.1.3.tgz
15090 silly cache add args [ 'ms@https://registry.npmjs.org/ms/-/ms-2.1.3.tgz', null ]
15091 verbose cache add spec ms@https://registry.npmjs.org/ms/-/ms-2.1.3.tgz
15092 silly cache add parsed spec Result {
15092 silly cache add   raw: 'debug@https://registry.npmjs.org/debug/-/debug-4.3.7.tgz',
15092 silly cache add   scope: null,
15092 silly cache add   name: 'debug',
15092 silly cache add   rawSpec: 'https://registry.npmjs.org/debug/-/debug-4.3.7.tgz',
15092 silly cache add   spec: 'https://registry.npmjs.org/debug/-/debug-4.3.7.tgz',
15092 silly cache add   type: 'remote' }
15093 silly mapToRegistry name debug@https://registry.npmjs.org/debug/-/debug-4.3.7.tgz
15094 silly mapToRegistry using default registry
15095 silly mapToRegistry registry https://registry.npmjs.org/
15096 silly mapToRegistry data Result {
15096 silly mapToRegistry   raw: 'debug@https://registry.npmjs.org/debug/-/debug-4.3.7.tgz',
15096 silly mapToRegistry   scope: null,
15096 silly mapToRegistry   name: 'debug',
15096 silly mapToRegistry   rawSpec: 'https://registry.npmjs.org/debug/-/debug-4.3.7.tgz',
15096 silly mapToRegistry   spec: 'https://registry.npmjs.org/debug/-/debug-4.3.7.tgz',
15096 silly mapToRegistry   type: 'remote' }
15097 silly mapToRegistry uri https://registry.npmjs.org/debug/-/debug-4.3.7.tgz
15098 verbose addRemoteTarball https://registry.npmjs.org/debug/-/debug-4.3.7.tgz not in flight; adding
15099 verbose addRemoteTarball [ 'https://registry.npmjs.org/debug/-/debug-4.3.7.tgz', null ]
15100 silly cache add parsed spec Result {
15100 silly cache add   raw: 'ms@https://registry.npmjs.org/ms/-/ms-2.1.3.tgz',
15100 silly cache add   scope: null,
15100 silly cache add   name: 'ms',
15100 silly cache add   rawSpec: 'https://registry.npmjs.org/ms/-/ms-2.1.3.tgz',
15100 silly cache add   spec: 'https://registry.npmjs.org/ms/-/ms-2.1.3.tgz',
15100 silly cache add   type: 'remote' }
15101 silly mapToRegistry name ms@https://registry.npmjs.org/ms/-/ms-2.1.3.tgz
15102 silly mapToRegistry using default registry
15103 silly mapToRegistry registry https://registry.npmjs.org/
15104 silly mapToRegistry data Result {
15104 silly mapToRegistry   raw: 'ms@https://registry.npmjs.org/ms/-/ms-2.1.3.tgz',
15104 silly mapToRegistry   scope: null,
15104 silly mapToRegistry   name: 'ms',
15104 silly mapToRegistry   rawSpec: 'https://registry.npmjs.org/ms/-/ms-2.1.3.tgz',
15104 silly mapToRegistry   spec: 'https://registry.npmjs.org/ms/-/ms-2.1.3.tgz',
15104 silly mapToRegistry   type: 'remote' }
15105 silly mapToRegistry uri https://registry.npmjs.org/ms/-/ms-2.1.3.tgz
15106 verbose addRemoteTarball https://registry.npmjs.org/ms/-/ms-2.1.3.tgz not in flight; adding
15107 verbose addRemoteTarball [ 'https://registry.npmjs.org/ms/-/ms-2.1.3.tgz', null ]
15108 silly gunzTarPerm extractEntry ts/core/linq/observable/sample.ts
15109 silly gunzTarPerm extractEntry dist/govuk/components/accordion/template-with-additional-descriptions.html
15110 silly gunzTarPerm extractEntry dist/govuk/components/accordion/template-with-all-sections-already-open.html
15111 info retry fetch attempt 1 at 6:28:04 PM
15112 info attempt registry request try #1 at 6:28:04 PM
15113 http fetch GET https://registry.npmjs.org/debug/-/debug-4.3.7.tgz
15114 info retry fetch attempt 1 at 6:28:04 PM
15115 info attempt registry request try #1 at 6:28:04 PM
15116 http fetch GET https://registry.npmjs.org/ms/-/ms-2.1.3.tgz
15117 silly gunzTarPerm extractEntry ts/core/linq/observable/scan.ts
15118 silly gunzTarPerm modified mode [ 'ts/core/linq/observable/scan.ts', 384, 420 ]
15119 silly gunzTarPerm extractEntry _freeGlobal.js
15120 silly gunzTarPerm extractEntry _getAllKeys.js
15121 silly gunzTarPerm extractEntry ts/core/linq/observable/selectmanyobserver.ts
15122 silly gunzTarPerm modified mode [ 'ts/core/linq/observable/selectmanyobserver.ts', 384, 420 ]
15123 silly gunzTarPerm extractEntry ts/core/linq/observable/sequenceequal.ts
15124 silly gunzTarPerm modified mode [ 'ts/core/linq/observable/sequenceequal.ts', 384, 420 ]
15125 silly cache afterAdd yargs-parser@21.0.1
15126 verbose afterAdd /Users/andyporter/.npm/yargs-parser/21.0.1/package/package.json not in flight; writing
15127 verbose correctMkdir /Users/andyporter/.npm correctMkdir not in flight; initializing
15128 silly gunzTarPerm extractEntry ts/core/linq/observable/share.ts
15129 silly gunzTarPerm modified mode [ 'ts/core/linq/observable/share.ts', 384, 420 ]
15130 silly gunzTarPerm extractEntry dist/govuk/components/input/template-with-autocapitalize-turned-off.html
15131 silly gunzTarPerm extractEntry dist/govuk/components/input/template-with-autocomplete-attribute.html
15132 silly gunzTarPerm extractEntry ts/core/linq/observable/sharereplay.ts
15133 silly gunzTarPerm modified mode [ 'ts/core/linq/observable/sharereplay.ts', 384, 420 ]
15134 silly gunzTarPerm extractEntry _getAllKeysIn.js
15135 silly gunzTarPerm extractEntry _getData.js
15136 silly gunzTarPerm extractEntry ts/core/linq/observable/sharevalue.ts
15137 silly gunzTarPerm modified mode [ 'ts/core/linq/observable/sharevalue.ts', 384, 420 ]
15138 verbose afterAdd /Users/andyporter/.npm/yargs-parser/21.0.1/package/package.json written
15139 silly gunzTarPerm extractEntry ts/core/linq/observable/single.ts
15140 silly gunzTarPerm modified mode [ 'ts/core/linq/observable/single.ts', 384, 420 ]
15141 silly gunzTarPerm extractEntry ts/core/linq/observable/singleinstance.ts
15142 silly gunzTarPerm modified mode [ 'ts/core/linq/observable/singleinstance.ts', 384, 420 ]
15143 silly gunzTarPerm extractEntry dist/govuk/components/textarea/template-with-autocomplete-attribute.html
15144 silly gunzTarPerm extractEntry dist/govuk/components/date-input/template-with-autocomplete-values.html
15145 silly gunzTarPerm extractEntry ts/core/linq/observable/skip.ts
15146 silly gunzTarPerm modified mode [ 'ts/core/linq/observable/skip.ts', 384, 420 ]
15147 silly gunzTarPerm extractEntry _getFuncName.js
15148 silly gunzTarPerm extractEntry _getHolder.js
15149 silly gunzTarPerm extractEntry ts/core/linq/observable/skiplast.ts
15150 silly gunzTarPerm modified mode [ 'ts/core/linq/observable/skiplast.ts', 384, 420 ]
15151 silly gunzTarPerm extractEntry ts/core/linq/observable/skiplastwithtime.ts
15152 verbose correctMkdir /Users/andyporter/.npm correctMkdir not in flight; initializing
15153 silly gunzTarPerm extractEntry ts/core/linq/observable/skipuntil.ts
15154 silly gunzTarPerm modified mode [ 'ts/core/linq/observable/skipuntil.ts', 384, 420 ]
15155 http fetch 200 https://registry.npmjs.org/ms/-/ms-2.1.3.tgz
15156 silly gunzTarPerm extractEntry dist/govuk/components/label/template-with-bold-text.html
15157 silly gunzTarPerm extractEntry dist/govuk/components/breadcrumbs/template-with-collapse-on-mobile.html
15158 silly gunzTarPerm extractEntry ts/core/linq/observable/skipuntilwithtime.ts
15159 silly gunzTarPerm modified mode [ 'ts/core/linq/observable/skipuntilwithtime.ts', 384, 420 ]
15160 verbose correctMkdir /Users/andyporter/.npm correctMkdir not in flight; initializing
15161 silly gunzTarPerm extractEntry _getMapData.js
15162 silly gunzTarPerm extractEntry _getMatchData.js
15163 silly gunzTarPerm extractEntry dist/govuk/components/service-navigation/template-with-collapsenavigationonmobile-set-to-false.html
15164 silly gunzTarPerm extractEntry dist/govuk/components/checkboxes/template-with-conditional-item-checked.html
15165 silly gunzTarPerm extractEntry ts/core/linq/observable/skipwhile.ts
15166 silly gunzTarPerm modified mode [ 'ts/core/linq/observable/skipwhile.ts', 384, 420 ]
15167 silly gunzTarPerm extractEntry ts/core/linq/observable/skipwithtime.ts
15168 silly gunzTarPerm modified mode [ 'ts/core/linq/observable/skipwithtime.ts', 384, 420 ]
15169 silly gunzTarPerm extractEntry ts/core/linq/observable/some.ts
15170 silly gunzTarPerm modified mode [ 'ts/core/linq/observable/some.ts', 384, 420 ]
15171 http fetch 200 https://registry.npmjs.org/debug/-/debug-4.3.7.tgz
15172 silly gunzTarPerm extractEntry ts/core/linq/observable/spawn.ts
15173 silly gunzTarPerm modified mode [ 'ts/core/linq/observable/spawn.ts', 384, 420 ]
15174 silly fetchAndShaCheck shasum 574c8138ce1d2b5861f0b44579dbadd60c6615b2
15175 verbose addTmpTarball /var/folders/_4/7hgy5s8d1493hmmc5xj976900000gq/T/npm-47481-492c5c41/registry.npmjs.org/ms/-/ms-2.1.3.tgz not in flight; adding
15176 verbose correctMkdir /Users/andyporter/.npm correctMkdir not in flight; initializing
15177 verbose addTmpTarball validating metadata from /var/folders/_4/7hgy5s8d1493hmmc5xj976900000gq/T/npm-47481-492c5c41/registry.npmjs.org/ms/-/ms-2.1.3.tgz
15178 verbose tar unpack /var/folders/_4/7hgy5s8d1493hmmc5xj976900000gq/T/npm-47481-492c5c41/registry.npmjs.org/ms/-/ms-2.1.3.tgz
15179 verbose tar unpacking to /var/folders/_4/7hgy5s8d1493hmmc5xj976900000gq/T/npm-47481-492c5c41/unpack-86f2e546
15180 silly gentlyRm /var/folders/_4/7hgy5s8d1493hmmc5xj976900000gq/T/npm-47481-492c5c41/unpack-86f2e546 is being purged
15181 verbose gentlyRm don't care about contents; nuking /var/folders/_4/7hgy5s8d1493hmmc5xj976900000gq/T/npm-47481-492c5c41/unpack-86f2e546
15182 silly gunzTarPerm modes [ '755', '644' ]
15183 silly gunzTarPerm extractEntry _getNative.js
15184 silly gunzTarPerm extractEntry _getPrototype.js
15185 silly cache afterAdd commander@5.1.0
15186 verbose afterAdd /Users/andyporter/.npm/commander/5.1.0/package/package.json not in flight; writing
15187 verbose correctMkdir /Users/andyporter/.npm correctMkdir not in flight; initializing
15188 silly gunzTarPerm extractEntry dist/govuk/components/radios/template-with-conditional-item-checked.html
15189 silly gunzTarPerm extractEntry dist/govuk/components/radios/template-with-conditional-items-and-pre-checked-value.html
15190 silly cache afterAdd wrap-ansi@6.2.0
15191 verbose afterAdd /Users/andyporter/.npm/wrap-ansi/6.2.0/package/package.json not in flight; writing
15192 verbose correctMkdir /Users/andyporter/.npm correctMkdir not in flight; initializing
15193 silly gunzTarPerm extractEntry index.js
15194 verbose afterAdd /Users/andyporter/.npm/commander/5.1.0/package/package.json written
15195 silly gunzTarPerm extractEntry ts/core/linq/observable/start.ts
15196 silly gunzTarPerm modified mode [ 'ts/core/linq/observable/start.ts', 384, 420 ]
15197 silly gunzTarPerm extractEntry ts/core/linq/observable/startasync.ts
15198 silly gunzTarPerm modified mode [ 'ts/core/linq/observable/startasync.ts', 384, 420 ]
15199 silly gunzTarPerm extractEntry _getRawTag.js
15200 silly gunzTarPerm extractEntry _getSymbols.js
15201 silly fetchAndShaCheck shasum 87945b4151a011d76d95a198d7111c865c360a52
15202 verbose addTmpTarball /var/folders/_4/7hgy5s8d1493hmmc5xj976900000gq/T/npm-47481-492c5c41/registry.npmjs.org/debug/-/debug-4.3.7.tgz not in flight; adding
15203 verbose correctMkdir /Users/andyporter/.npm correctMkdir not in flight; initializing
15204 verbose addTmpTarball validating metadata from /var/folders/_4/7hgy5s8d1493hmmc5xj976900000gq/T/npm-47481-492c5c41/registry.npmjs.org/debug/-/debug-4.3.7.tgz
15205 verbose tar unpack /var/folders/_4/7hgy5s8d1493hmmc5xj976900000gq/T/npm-47481-492c5c41/registry.npmjs.org/debug/-/debug-4.3.7.tgz
15206 verbose tar unpacking to /var/folders/_4/7hgy5s8d1493hmmc5xj976900000gq/T/npm-47481-492c5c41/unpack-3df96127
15207 silly gentlyRm /var/folders/_4/7hgy5s8d1493hmmc5xj976900000gq/T/npm-47481-492c5c41/unpack-3df96127 is being purged
15208 verbose gentlyRm don't care about contents; nuking /var/folders/_4/7hgy5s8d1493hmmc5xj976900000gq/T/npm-47481-492c5c41/unpack-3df96127
15209 silly gunzTarPerm extractEntry package.json
15210 silly gunzTarPerm extractEntry license.md
15211 verbose afterAdd /Users/andyporter/.npm/wrap-ansi/6.2.0/package/package.json written
15212 silly gunzTarPerm modes [ '755', '644' ]
15213 silly gunzTarPerm extractEntry dist/govuk/components/checkboxes/template-with-conditional-items-with-special-characters.html
15214 silly gunzTarPerm extractEntry dist/govuk/components/radios/template-with-conditional-items-with-special-characters.html
15215 silly gunzTarPerm extractEntry LICENSE
15216 silly gunzTarPerm extractEntry ts/core/linq/observable/startwith.ts
15217 silly gunzTarPerm extractEntry ts/core/linq/observable/subscribeon.ts
15218 silly gunzTarPerm extractEntry ts/core/linq/observable/sum.ts
15219 silly gunzTarPerm modified mode [ 'ts/core/linq/observable/sum.ts', 384, 420 ]
15220 silly gunzTarPerm extractEntry _getSymbolsIn.js
15221 silly gunzTarPerm extractEntry _getTag.js
15222 silly gunzTarPerm extractEntry readme.md
15223 silly gunzTarPerm extractEntry ts/core/linq/observable/switch.ts
15224 silly gunzTarPerm modified mode [ 'ts/core/linq/observable/switch.ts', 384, 420 ]
15225 silly gunzTarPerm extractEntry dist/govuk/components/checkboxes/template-with-conditional-items.html
15226 silly gunzTarPerm extractEntry dist/govuk/components/radios/template-with-conditional-items.html
15227 silly gunzTarPerm extractEntry src/browser.js
15228 silly gunzTarPerm extractEntry src/common.js
15229 silly gunzTarPerm extractEntry ts/core/linq/observable/switchfirst.ts
15230 silly gunzTarPerm modified mode [ 'ts/core/linq/observable/switchfirst.ts', 384, 420 ]
15231 verbose correctMkdir /Users/andyporter/.npm correctMkdir not in flight; initializing
15232 silly gunzTarPerm extractEntry ts/core/linq/observable/take.ts
15233 silly gunzTarPerm extractEntry ts/core/linq/observable/takelast.ts
15234 silly gunzTarPerm modified mode [ 'ts/core/linq/observable/takelast.ts', 384, 420 ]
15235 silly gunzTarPerm extractEntry _getValue.js
15236 silly gunzTarPerm extractEntry _getView.js
15237 silly gunzTarPerm extractEntry ts/core/linq/observable/takelastbuffer.ts
15238 silly gunzTarPerm modified mode [ 'ts/core/linq/observable/takelastbuffer.ts', 384, 420 ]
15239 silly gunzTarPerm extractEntry dist/govuk/components/pagination/template-with-custom-accessible-labels-on-item-links.html
15240 silly gunzTarPerm extractEntry dist/govuk/components/footer/template-with-custom-html-content-licence-and-copyright-notice.html
15241 silly gunzTarPerm extractEntry src/index.js
15242 silly gunzTarPerm extractEntry src/node.js
15243 silly gunzTarPerm extractEntry package.json
15244 silly gunzTarPerm extractEntry README.md
15245 silly gunzTarPerm extractEntry _getWrapDetails.js
15246 silly gunzTarPerm extractEntry _Hash.js
15247 silly gunzTarPerm extractEntry dist/govuk/components/pagination/template-with-custom-link-and-item-text.html
15248 silly gunzTarPerm extractEntry dist/govuk/components/back-link/template-with-custom-link.html
15249 silly gunzTarPerm extractEntry ts/core/linq/observable/takelastbufferwithtime.ts
15250 silly gunzTarPerm extractEntry ts/core/linq/observable/takelastwithtime.ts
15251 silly cache afterAdd serve-index@1.9.1
15252 verbose afterAdd /Users/andyporter/.npm/serve-index/1.9.1/package/package.json not in flight; writing
15253 verbose correctMkdir /Users/andyporter/.npm correctMkdir not in flight; initializing
15254 silly fetchPackageMetaData Error: ENOTDIR: not a directory, open '/var/folders/_4/7hgy5s8d1493hmmc5xj976900000gq/T/npm-47481-492c5c41/unpack-5ad1e55e/package.json'
15254 silly fetchPackageMetaData     at Error (native)
15254 silly fetchPackageMetaData  error for @types/node@https://registry.npmjs.org/@types/node/-/node-22.17.2.tgz { Error: ENOTDIR: not a directory, open '/var/folders/_4/7hgy5s8d1493hmmc5xj976900000gq/T/npm-47481-492c5c41/unpack-5ad1e55e/package.json'
15254 silly fetchPackageMetaData     at Error (native)
15254 silly fetchPackageMetaData   errno: -20,
15254 silly fetchPackageMetaData   code: 'ENOTDIR',
15254 silly fetchPackageMetaData   syscall: 'open',
15254 silly fetchPackageMetaData   path: '/var/folders/_4/7hgy5s8d1493hmmc5xj976900000gq/T/npm-47481-492c5c41/unpack-5ad1e55e/package.json' }
15255 silly gunzTarPerm extractEntry _hashClear.js
15256 silly gunzTarPerm extractEntry _hashDelete.js
15257 silly gunzTarPerm extractEntry dist/govuk/components/header/template-with-custom-menu-button-label.html
15258 silly gunzTarPerm extractEntry dist/govuk/components/header/template-with-custom-menu-button-text.html
15259 silly gunzTarPerm extractEntry ts/core/linq/observable/takeuntil.ts
15260 silly gunzTarPerm modified mode [ 'ts/core/linq/observable/takeuntil.ts', 384, 420 ]
15261 silly gunzTarPerm extractEntry ts/core/linq/observable/takeuntilwithtime.ts
15262 silly gunzTarPerm modified mode [ 'ts/core/linq/observable/takeuntilwithtime.ts', 384, 420 ]
15263 silly gunzTarPerm extractEntry _hashGet.js
15264 silly gunzTarPerm extractEntry _hashHas.js
15265 verbose afterAdd /Users/andyporter/.npm/serve-index/1.9.1/package/package.json written
15266 silly gunzTarPerm extractEntry dist/govuk/components/footer/template-with-custom-meta.html
15267 silly gunzTarPerm extractEntry dist/govuk/components/header/template-with-custom-navigation-label.html
15268 silly gunzTarPerm extractEntry ts/core/linq/observable/takewhile.ts
15269 silly gunzTarPerm modified mode [ 'ts/core/linq/observable/takewhile.ts', 384, 420 ]
15270 silly gunzTarPerm extractEntry ts/core/linq/observable/takewithtime.ts
15271 silly gunzTarPerm modified mode [ 'ts/core/linq/observable/takewithtime.ts', 384, 420 ]
15272 silly gunzTarPerm extractEntry _hashSet.js
15273 silly gunzTarPerm extractEntry _hasPath.js
15274 silly gunzTarPerm extractEntry dist/govuk/components/pagination/template-with-custom-navigation-landmark.html
15275 silly gunzTarPerm extractEntry dist/govuk/components/character-count/template-with-custom-rows.html
15276 silly gunzTarPerm extractEntry ts/core/linq/observable/tap.ts
15277 silly gunzTarPerm modified mode [ 'ts/core/linq/observable/tap.ts', 384, 420 ]
15278 silly gunzTarPerm extractEntry ts/core/linq/observable/thendo.ts
15279 silly gunzTarPerm modified mode [ 'ts/core/linq/observable/thendo.ts', 384, 420 ]
15280 silly gunzTarPerm extractEntry ts/core/linq/observable/throttle.ts
15281 silly gunzTarPerm extractEntry ts/core/linq/observable/throw.ts
15282 silly gunzTarPerm extractEntry ts/core/linq/observable/timeinterval.ts
15283 silly gunzTarPerm extractEntry _hasUnicode.js
15284 silly gunzTarPerm extractEntry _hasUnicodeWord.js
15285 silly gunzTarPerm extractEntry ts/core/linq/observable/timeout.ts
15286 silly fetchPackageMetaData http-errors@https://registry.npmjs.org/http-errors/-/http-errors-1.6.3.tgz
15287 silly fetchPackageMetaData setprototypeof@https://registry.npmjs.org/setprototypeof/-/setprototypeof-1.1.0.tgz
15288 silly gunzTarPerm extractEntry dist/govuk/components/textarea/template-with-custom-rows.html
15289 silly gunzTarPerm extractEntry dist/govuk/components/footer/template-with-custom-text-content-licence-and-copyright-notice.html
15290 verbose correctMkdir /Users/andyporter/.npm correctMkdir not in flight; initializing
15291 silly fetchOtherPackageData http-errors@https://registry.npmjs.org/http-errors/-/http-errors-1.6.3.tgz
15292 silly cache add args [ 'http-errors@https://registry.npmjs.org/http-errors/-/http-errors-1.6.3.tgz',
15292 silly cache add   null ]
15293 verbose cache add spec http-errors@https://registry.npmjs.org/http-errors/-/http-errors-1.6.3.tgz
15294 silly fetchOtherPackageData setprototypeof@https://registry.npmjs.org/setprototypeof/-/setprototypeof-1.1.0.tgz
15295 silly cache add args [ 'setprototypeof@https://registry.npmjs.org/setprototypeof/-/setprototypeof-1.1.0.tgz',
15295 silly cache add   null ]
15296 verbose cache add spec setprototypeof@https://registry.npmjs.org/setprototypeof/-/setprototypeof-1.1.0.tgz
15297 silly cache add parsed spec Result {
15297 silly cache add   raw: 'http-errors@https://registry.npmjs.org/http-errors/-/http-errors-1.6.3.tgz',
15297 silly cache add   scope: null,
15297 silly cache add   name: 'http-errors',
15297 silly cache add   rawSpec: 'https://registry.npmjs.org/http-errors/-/http-errors-1.6.3.tgz',
15297 silly cache add   spec: 'https://registry.npmjs.org/http-errors/-/http-errors-1.6.3.tgz',
15297 silly cache add   type: 'remote' }
15298 silly mapToRegistry name http-errors@https://registry.npmjs.org/http-errors/-/http-errors-1.6.3.tgz
15299 silly mapToRegistry using default registry
15300 silly mapToRegistry registry https://registry.npmjs.org/
15301 silly mapToRegistry data Result {
15301 silly mapToRegistry   raw: 'http-errors@https://registry.npmjs.org/http-errors/-/http-errors-1.6.3.tgz',
15301 silly mapToRegistry   scope: null,
15301 silly mapToRegistry   name: 'http-errors',
15301 silly mapToRegistry   rawSpec: 'https://registry.npmjs.org/http-errors/-/http-errors-1.6.3.tgz',
15301 silly mapToRegistry   spec: 'https://registry.npmjs.org/http-errors/-/http-errors-1.6.3.tgz',
15301 silly mapToRegistry   type: 'remote' }
15302 silly mapToRegistry uri https://registry.npmjs.org/http-errors/-/http-errors-1.6.3.tgz
15303 verbose addRemoteTarball https://registry.npmjs.org/http-errors/-/http-errors-1.6.3.tgz not in flight; adding
15304 verbose addRemoteTarball [ 'https://registry.npmjs.org/http-errors/-/http-errors-1.6.3.tgz',
15304 verbose addRemoteTarball   null ]
15305 silly cache add parsed spec Result {
15305 silly cache add   raw: 'setprototypeof@https://registry.npmjs.org/setprototypeof/-/setprototypeof-1.1.0.tgz',
15305 silly cache add   scope: null,
15305 silly cache add   name: 'setprototypeof',
15305 silly cache add   rawSpec: 'https://registry.npmjs.org/setprototypeof/-/setprototypeof-1.1.0.tgz',
15305 silly cache add   spec: 'https://registry.npmjs.org/setprototypeof/-/setprototypeof-1.1.0.tgz',
15305 silly cache add   type: 'remote' }
15306 silly mapToRegistry name setprototypeof@https://registry.npmjs.org/setprototypeof/-/setprototypeof-1.1.0.tgz
15307 silly mapToRegistry using default registry
15308 silly mapToRegistry registry https://registry.npmjs.org/
15309 silly mapToRegistry data Result {
15309 silly mapToRegistry   raw: 'setprototypeof@https://registry.npmjs.org/setprototypeof/-/setprototypeof-1.1.0.tgz',
15309 silly mapToRegistry   scope: null,
15309 silly mapToRegistry   name: 'setprototypeof',
15309 silly mapToRegistry   rawSpec: 'https://registry.npmjs.org/setprototypeof/-/setprototypeof-1.1.0.tgz',
15309 silly mapToRegistry   spec: 'https://registry.npmjs.org/setprototypeof/-/setprototypeof-1.1.0.tgz',
15309 silly mapToRegistry   type: 'remote' }
15310 silly mapToRegistry uri https://registry.npmjs.org/setprototypeof/-/setprototypeof-1.1.0.tgz
15311 verbose addRemoteTarball https://registry.npmjs.org/setprototypeof/-/setprototypeof-1.1.0.tgz not in flight; adding
15312 verbose addRemoteTarball [ 'https://registry.npmjs.org/setprototypeof/-/setprototypeof-1.1.0.tgz',
15312 verbose addRemoteTarball   null ]
15313 silly gunzTarPerm extractEntry ts/core/linq/observable/timer.ts
15314 info retry fetch attempt 1 at 6:28:04 PM
15315 info attempt registry request try #1 at 6:28:04 PM
15316 http fetch GET https://registry.npmjs.org/http-errors/-/http-errors-1.6.3.tgz
15317 info retry fetch attempt 1 at 6:28:04 PM
15318 info attempt registry request try #1 at 6:28:04 PM
15319 http fetch GET https://registry.npmjs.org/setprototypeof/-/setprototypeof-1.1.0.tgz
15320 verbose correctMkdir /Users/andyporter/.npm correctMkdir not in flight; initializing
15321 silly gunzTarPerm extractEntry ts/core/linq/observable/timestamp.ts
15322 silly gunzTarPerm extractEntry ts/core/linq/observable/toarray.ts
15323 silly gunzTarPerm modified mode [ 'ts/core/linq/observable/toarray.ts', 384, 420 ]
15324 silly gunzTarPerm extractEntry dist/govuk/components/back-link/template-with-custom-text.html
15325 silly gunzTarPerm extractEntry dist/govuk/components/character-count/template-with-custom-textarea-description.html
15326 silly gunzTarPerm extractEntry _initCloneArray.js
15327 silly gunzTarPerm extractEntry _initCloneByTag.js
15328 silly gunzTarPerm extractEntry dist/govuk/components/date-input/template-with-default-items.html
15329 silly gunzTarPerm extractEntry dist/govuk/components/character-count/template-with-default-value-exceeding-limit.html
15330 silly gunzTarPerm extractEntry ts/core/linq/observable/toasync.ts
15331 silly gunzTarPerm extractEntry ts/core/linq/observable/tomap.ts
15332 silly gunzTarPerm modified mode [ 'ts/core/linq/observable/tomap.ts', 384, 420 ]
15333 silly cache afterAdd uuid@8.3.2
15334 verbose afterAdd /Users/andyporter/.npm/uuid/8.3.2/package/package.json not in flight; writing
15335 verbose correctMkdir /Users/andyporter/.npm correctMkdir not in flight; initializing
15336 silly gunzTarPerm extractEntry _initCloneObject.js
15337 silly gunzTarPerm extractEntry _insertWrapDetails.js
15338 verbose afterAdd /Users/andyporter/.npm/uuid/8.3.2/package/package.json written
15339 silly gunzTarPerm extractEntry dist/govuk/components/character-count/template-with-default-value.html
15340 silly gunzTarPerm extractEntry dist/govuk/components/textarea/template-with-default-value.html
15341 silly cache afterAdd ms@2.1.3
15342 verbose afterAdd /Users/andyporter/.npm/ms/2.1.3/package/package.json not in flight; writing
15343 verbose correctMkdir /Users/andyporter/.npm correctMkdir not in flight; initializing
15344 silly gunzTarPerm extractEntry ts/core/linq/observable/topromise.ts
15345 silly gunzTarPerm modified mode [ 'ts/core/linq/observable/topromise.ts', 384, 420 ]
15346 silly gunzTarPerm extractEntry ts/core/linq/observable/toset.ts
15347 silly gunzTarPerm modified mode [ 'ts/core/linq/observable/toset.ts', 384, 420 ]
15348 silly gunzTarPerm extractEntry _isFlattenable.js
15349 silly gunzTarPerm extractEntry _isIndex.js
15350 verbose afterAdd /Users/andyporter/.npm/ms/2.1.3/package/package.json written
15351 http fetch 200 https://registry.npmjs.org/http-errors/-/http-errors-1.6.3.tgz
15352 silly gunzTarPerm extractEntry dist/govuk/components/footer/template-with-default-width-navigation-one-column.html
15353 silly gunzTarPerm extractEntry dist/govuk/components/footer/template-with-default-width-navigation-two-columns.html
15354 http fetch 200 https://registry.npmjs.org/setprototypeof/-/setprototypeof-1.1.0.tgz
15355 silly gunzTarPerm extractEntry _isIterateeCall.js
15356 silly gunzTarPerm extractEntry _isKey.js
15357 silly gunzTarPerm extractEntry ts/core/linq/observable/transduce.ts
15358 silly gunzTarPerm modified mode [ 'ts/core/linq/observable/transduce.ts', 384, 420 ]
15359 silly gunzTarPerm extractEntry ts/core/linq/observable/using.ts
15360 silly gunzTarPerm modified mode [ 'ts/core/linq/observable/using.ts', 384, 420 ]
15361 silly fetchAndShaCheck shasum d0bd85536887b6fe7c0d818cb962d9d91c54e656
15362 verbose addTmpTarball /var/folders/_4/7hgy5s8d1493hmmc5xj976900000gq/T/npm-47481-492c5c41/registry.npmjs.org/setprototypeof/-/setprototypeof-1.1.0.tgz not in flight; adding
15363 verbose correctMkdir /Users/andyporter/.npm correctMkdir not in flight; initializing
15364 verbose addTmpTarball validating metadata from /var/folders/_4/7hgy5s8d1493hmmc5xj976900000gq/T/npm-47481-492c5c41/registry.npmjs.org/setprototypeof/-/setprototypeof-1.1.0.tgz
15365 verbose tar unpack /var/folders/_4/7hgy5s8d1493hmmc5xj976900000gq/T/npm-47481-492c5c41/registry.npmjs.org/setprototypeof/-/setprototypeof-1.1.0.tgz
15366 verbose tar unpacking to /var/folders/_4/7hgy5s8d1493hmmc5xj976900000gq/T/npm-47481-492c5c41/unpack-1aa782ea
15367 silly gentlyRm /var/folders/_4/7hgy5s8d1493hmmc5xj976900000gq/T/npm-47481-492c5c41/unpack-1aa782ea is being purged
15368 verbose gentlyRm don't care about contents; nuking /var/folders/_4/7hgy5s8d1493hmmc5xj976900000gq/T/npm-47481-492c5c41/unpack-1aa782ea
15369 silly fetchAndShaCheck shasum 8b55680bb4be283a0b5bf4ea2e38580be1d9320d
15370 verbose addTmpTarball /var/folders/_4/7hgy5s8d1493hmmc5xj976900000gq/T/npm-47481-492c5c41/registry.npmjs.org/http-errors/-/http-errors-1.6.3.tgz not in flight; adding
15371 verbose correctMkdir /Users/andyporter/.npm correctMkdir not in flight; initializing
15372 verbose addTmpTarball validating metadata from /var/folders/_4/7hgy5s8d1493hmmc5xj976900000gq/T/npm-47481-492c5c41/registry.npmjs.org/http-errors/-/http-errors-1.6.3.tgz
15373 verbose tar unpack /var/folders/_4/7hgy5s8d1493hmmc5xj976900000gq/T/npm-47481-492c5c41/registry.npmjs.org/http-errors/-/http-errors-1.6.3.tgz
15374 verbose tar unpacking to /var/folders/_4/7hgy5s8d1493hmmc5xj976900000gq/T/npm-47481-492c5c41/unpack-e813a687
15375 silly gentlyRm /var/folders/_4/7hgy5s8d1493hmmc5xj976900000gq/T/npm-47481-492c5c41/unpack-e813a687 is being purged
15376 verbose gentlyRm don't care about contents; nuking /var/folders/_4/7hgy5s8d1493hmmc5xj976900000gq/T/npm-47481-492c5c41/unpack-e813a687
15377 verbose correctMkdir /Users/andyporter/.npm correctMkdir not in flight; initializing
15378 silly gunzTarPerm extractEntry dist/govuk/components/error-summary/template-with-description-only.html
15379 silly gunzTarPerm extractEntry dist/govuk/components/checkboxes/template-with-disabled-item.html
15380 silly gunzTarPerm modes [ '755', '644' ]
15381 silly gunzTarPerm modes [ '755', '644' ]
15382 silly gunzTarPerm extractEntry _isKeyable.js
15383 silly gunzTarPerm extractEntry _isLaziable.js
15384 silly gunzTarPerm extractEntry ts/core/linq/observable/when.ts
15385 silly gunzTarPerm modified mode [ 'ts/core/linq/observable/when.ts', 384, 420 ]
15386 silly gunzTarPerm extractEntry ts/core/linq/observable/while.ts
15387 silly gunzTarPerm modified mode [ 'ts/core/linq/observable/while.ts', 384, 420 ]
15388 silly gunzTarPerm extractEntry ts/core/linq/observable/window.ts
15389 silly gunzTarPerm modified mode [ 'ts/core/linq/observable/window.ts', 384, 420 ]
15390 silly gunzTarPerm extractEntry ts/core/linq/observable/windowwithcount.ts
15391 silly gunzTarPerm modified mode [ 'ts/core/linq/observable/windowwithcount.ts', 384, 420 ]
15392 silly gunzTarPerm extractEntry package.json
15393 silly gunzTarPerm extractEntry package.json
15394 silly gunzTarPerm extractEntry dist/govuk/components/radios/template-with-disabled.html
15395 silly gunzTarPerm extractEntry dist/govuk/components/checkboxes/template-with-divider-and-none.html
15396 silly gunzTarPerm extractEntry README.md
15397 silly gunzTarPerm extractEntry LICENSE
15398 silly gunzTarPerm extractEntry README.md
15399 silly gunzTarPerm extractEntry LICENSE
15400 silly gunzTarPerm extractEntry index.js
15401 silly gunzTarPerm extractEntry HISTORY.md
15402 silly gunzTarPerm extractEntry _isMaskable.js
15403 silly gunzTarPerm extractEntry _isMasked.js
15404 silly gunzTarPerm extractEntry ts/core/linq/observable/windowwithtime.ts
15405 silly gunzTarPerm extractEntry ts/core/linq/observable/windowwithtimeorcount.ts
15406 silly gunzTarPerm modified mode [ 'ts/core/linq/observable/windowwithtimeorcount.ts', 384, 420 ]
15407 silly gunzTarPerm extractEntry ts/core/linq/observable/withlatestfrom.ts
15408 silly gunzTarPerm modified mode [ 'ts/core/linq/observable/withlatestfrom.ts', 384, 420 ]
15409 silly gunzTarPerm extractEntry ts/core/linq/observable/zip.ts
15410 silly gunzTarPerm extractEntry dist/govuk/components/checkboxes/template-with-divider-none-and-conditional-items.html
15411 silly gunzTarPerm extractEntry dist/govuk/components/task-list/template-with-empty-values.html
15412 silly gunzTarPerm extractEntry index.js
15413 silly gunzTarPerm extractEntry index.d.ts
15414 silly gunzTarPerm extractEntry _isPrototype.js
15415 silly gunzTarPerm extractEntry _isStrictComparable.js
15416 silly cache afterAdd debug@4.3.7
15417 verbose afterAdd /Users/andyporter/.npm/debug/4.3.7/package/package.json not in flight; writing
15418 verbose correctMkdir /Users/andyporter/.npm correctMkdir not in flight; initializing
15419 silly gunzTarPerm extractEntry ts/core/linq/observable/zipiterable.ts
15420 silly gunzTarPerm modified mode [ 'ts/core/linq/observable/zipiterable.ts', 384, 420 ]
15421 silly gunzTarPerm extractEntry ts/core/notification.ts
15422 silly gunzTarPerm modified mode [ 'ts/core/notification.ts', 384, 420 ]
15423 silly gunzTarPerm extractEntry ts/core/observable.ts
15424 silly gunzTarPerm modified mode [ 'ts/core/observable.ts', 384, 420 ]
15425 silly gunzTarPerm extractEntry dist/govuk/components/input/template-with-error-and-hint.html
15426 silly gunzTarPerm extractEntry dist/govuk/components/file-upload/template-with-error-message-and-hint.html
15427 verbose afterAdd /Users/andyporter/.npm/debug/4.3.7/package/package.json written
15428 silly gunzTarPerm extractEntry ts/core/observer-extras.ts
15429 silly gunzTarPerm modified mode [ 'ts/core/observer-extras.ts', 384, 420 ]
15430 silly gunzTarPerm extractEntry _iteratorToArray.js
15431 silly gunzTarPerm extractEntry _lazyClone.js
15432 silly gunzTarPerm extractEntry ts/core/observer-lite.ts
15433 silly gunzTarPerm modified mode [ 'ts/core/observer-lite.ts', 384, 420 ]
15434 silly gunzTarPerm extractEntry ts/core/observer.ts
15435 silly gunzTarPerm modified mode [ 'ts/core/observer.ts', 384, 420 ]
15436 silly gunzTarPerm extractEntry ts/core/scheduledobserver.ts
15437 silly gunzTarPerm modified mode [ 'ts/core/scheduledobserver.ts', 384, 420 ]
15438 silly gunzTarPerm extractEntry ts/core/subjects/anonymoussubject.ts
15439 silly gunzTarPerm modified mode [ 'ts/core/subjects/anonymoussubject.ts', 384, 420 ]
15440 silly gunzTarPerm extractEntry dist/govuk/components/checkboxes/template-with-error-message-and-hints-on-items.html
15441 silly gunzTarPerm extractEntry dist/govuk/components/checkboxes/template-with-error-message.html
15442 silly gunzTarPerm extractEntry _lazyReverse.js
15443 silly gunzTarPerm extractEntry _lazyValue.js
15444 silly gunzTarPerm extractEntry ts/core/subjects/asyncsubject.ts
15445 silly gunzTarPerm modified mode [ 'ts/core/subjects/asyncsubject.ts', 384, 420 ]
15446 silly gunzTarPerm extractEntry ts/core/subjects/behaviorsubject.ts
15447 silly gunzTarPerm modified mode [ 'ts/core/subjects/behaviorsubject.ts', 384, 420 ]
15448 silly gunzTarPerm extractEntry dist/govuk/components/input/template-with-error-message.html
15449 silly gunzTarPerm extractEntry dist/govuk/components/password-input/template-with-error-message.html
15450 silly gunzTarPerm extractEntry _LazyWrapper.js
15451 silly gunzTarPerm extractEntry _ListCache.js
15452 silly gunzTarPerm extractEntry ts/core/subjects/replaysubject.ts
15453 silly gunzTarPerm extractEntry ts/core/subjects/subject.ts
15454 silly gunzTarPerm modified mode [ 'ts/core/subjects/subject.ts', 384, 420 ]
15455 silly gunzTarPerm extractEntry dist/govuk/components/textarea/template-with-error-message.html
15456 silly gunzTarPerm extractEntry dist/govuk/components/date-input/template-with-error-on-day-input.html
15457 silly gunzTarPerm extractEntry _listCacheClear.js
15458 silly gunzTarPerm extractEntry _listCacheDelete.js
15459 silly gunzTarPerm extractEntry ts/core/testing/mockdisposable.ts
15460 silly gunzTarPerm modified mode [ 'ts/core/testing/mockdisposable.ts', 384, 420 ]
15461 silly gunzTarPerm extractEntry ts/core/testing/mockobserver.ts
15462 silly gunzTarPerm modified mode [ 'ts/core/testing/mockobserver.ts', 384, 420 ]
15463 silly gunzTarPerm extractEntry ts/core/testing/reactivetest.ts
15464 silly gunzTarPerm modified mode [ 'ts/core/testing/reactivetest.ts', 384, 420 ]
15465 silly gunzTarPerm extractEntry ts/core/testing/recorded.ts
15466 silly gunzTarPerm modified mode [ 'ts/core/testing/recorded.ts', 384, 420 ]
15467 silly gunzTarPerm extractEntry dist/govuk/components/date-input/template-with-error-on-month-input.html
15468 silly gunzTarPerm extractEntry dist/govuk/components/date-input/template-with-error-on-year-input.html
15469 silly gunzTarPerm extractEntry ts/core/testing/subscription.ts
15470 silly gunzTarPerm modified mode [ 'ts/core/testing/subscription.ts', 384, 420 ]
15471 silly gunzTarPerm extractEntry _listCacheGet.js
15472 silly gunzTarPerm extractEntry _listCacheHas.js
15473 silly gunzTarPerm extractEntry ts/core/testing/testscheduler.ts
15474 silly gunzTarPerm modified mode [ 'ts/core/testing/testscheduler.ts', 384, 420 ]
15475 silly gunzTarPerm extractEntry ts/iterable.es6.d.ts
15476 silly gunzTarPerm modified mode [ 'ts/iterable.es6.d.ts', 384, 420 ]
15477 silly gunzTarPerm extractEntry ts/rx.aggregates.d.ts
15478 silly gunzTarPerm extractEntry dist/govuk/components/character-count/template-with-error.html
15479 silly gunzTarPerm extractEntry dist/govuk/components/date-input/template-with-errors-and-hint.html
15480 silly gunzTarPerm extractEntry ts/rx.aggregates.es6.d.ts
15481 silly gunzTarPerm extractEntry _listCacheSet.js
15482 silly gunzTarPerm extractEntry _LodashWrapper.js
15483 silly gunzTarPerm extractEntry dist/govuk/components/date-input/template-with-errors-only.html
15484 silly gunzTarPerm extractEntry dist/govuk/components/error-summary/template-with-everything.html
15485 silly gunzTarPerm extractEntry _Map.js
15486 silly gunzTarPerm extractEntry _MapCache.js
15487 silly gunzTarPerm extractEntry ts/rx.all.d.ts
15488 silly gunzTarPerm extractEntry ts/rx.all.es6.d.ts
15489 verbose correctMkdir /Users/andyporter/.npm correctMkdir not in flight; initializing
15490 silly gunzTarPerm extractEntry ts/rx.async.d.ts
15491 verbose correctMkdir /Users/andyporter/.npm correctMkdir not in flight; initializing
15492 silly gunzTarPerm extractEntry ts/rx.async.es6.d.ts
15493 silly gunzTarPerm extractEntry ts/rx.backpressure.d.ts
15494 silly gunzTarPerm extractEntry dist/govuk/components/input/template-with-extra-letter-spacing.html
15495 silly gunzTarPerm extractEntry dist/govuk/components/checkboxes/template-with-fieldset-and-error-message.html
15496 silly gunzTarPerm extractEntry ts/rx.backpressure.es6.d.ts
15497 silly gunzTarPerm extractEntry _mapCacheClear.js
15498 silly gunzTarPerm extractEntry _mapCacheDelete.js
15499 silly gunzTarPerm extractEntry ts/rx.binding.d.ts
15500 silly gunzTarPerm extractEntry ts/rx.binding.es6.d.ts
15501 silly gunzTarPerm extractEntry ts/rx.coincidence.d.ts
15502 silly gunzTarPerm extractEntry dist/govuk/components/radios/template-with-fieldset-and-error-message.html
15503 silly gunzTarPerm extractEntry dist/govuk/components/button/template-with-focus-state.html
15504 silly gunzTarPerm extractEntry _mapCacheGet.js
15505 silly gunzTarPerm extractEntry _mapCacheHas.js
15506 silly cache afterAdd http-errors@1.6.3
15507 verbose afterAdd /Users/andyporter/.npm/http-errors/1.6.3/package/package.json not in flight; writing
15508 verbose correctMkdir /Users/andyporter/.npm correctMkdir not in flight; initializing
15509 silly cache afterAdd setprototypeof@1.1.0
15510 verbose afterAdd /Users/andyporter/.npm/setprototypeof/1.1.0/package/package.json not in flight; writing
15511 verbose correctMkdir /Users/andyporter/.npm correctMkdir not in flight; initializing
15512 silly gunzTarPerm extractEntry ts/rx.coincidence.es6.d.ts
15513 silly gunzTarPerm extractEntry ts/rx.core.binding.d.ts
15514 silly gunzTarPerm extractEntry dist/govuk/components/skip-link/template-with-focus.html
15515 silly gunzTarPerm extractEntry dist/govuk/components/accordion/template-with-focusable-elements-inside.html
15516 verbose afterAdd /Users/andyporter/.npm/http-errors/1.6.3/package/package.json written
15517 verbose afterAdd /Users/andyporter/.npm/setprototypeof/1.1.0/package/package.json written
15518 silly gunzTarPerm extractEntry _mapCacheSet.js
15519 silly gunzTarPerm extractEntry fp/_mapping.js
15520 silly gunzTarPerm extractEntry dist/govuk/components/header/template-with-full-width-border.html
15521 silly gunzTarPerm extractEntry dist/govuk/components/select/template-with-full-width-override.html
15522 silly gunzTarPerm extractEntry ts/rx.core.binding.es6.d.ts
15523 silly gunzTarPerm extractEntry ts/rx.core.d.ts
15524 silly gunzTarPerm extractEntry _mapToArray.js
15525 silly gunzTarPerm extractEntry _matchesStrictComparable.js
15526 silly gunzTarPerm extractEntry dist/govuk/components/character-count/template-with-hint-and-error.html
15527 silly gunzTarPerm extractEntry dist/govuk/components/select/template-with-hint-text-and-error-message.html
15528 silly gunzTarPerm extractEntry ts/rx.core.es6.d.ts
15529 silly gunzTarPerm extractEntry ts/rx.core.testing.d.ts
15530 verbose correctMkdir /Users/andyporter/.npm correctMkdir not in flight; initializing
15531 silly gunzTarPerm extractEntry _memoizeCapped.js
15532 silly gunzTarPerm extractEntry _mergeData.js
15533 silly gunzTarPerm extractEntry dist/govuk/components/file-upload/template-with-hint-text.html
15534 silly gunzTarPerm extractEntry dist/govuk/components/input/template-with-hint-text.html
15535 silly gunzTarPerm extractEntry ts/es6-promise.es6.d.ts
15536 silly gunzTarPerm modified mode [ 'ts/es6-promise.es6.d.ts', 384, 420 ]
15537 silly gunzTarPerm extractEntry ts/rx.d.ts
15538 silly gunzTarPerm extractEntry _metaMap.js
15539 silly gunzTarPerm extractEntry _nativeCreate.js
15540 silly gunzTarPerm extractEntry dist/govuk/components/password-input/template-with-hint-text.html
15541 silly gunzTarPerm extractEntry dist/govuk/components/character-count/template-with-hint.html
15542 silly gunzTarPerm extractEntry ts/rx.es6.d.ts
15543 silly gunzTarPerm extractEntry ts/rx.experimental.d.ts
15544 silly gunzTarPerm extractEntry _nativeKeys.js
15545 silly gunzTarPerm extractEntry _nativeKeysIn.js
15546 silly cache afterAdd signal-exit@4.1.0
15547 verbose afterAdd /Users/andyporter/.npm/signal-exit/4.1.0/package/package.json not in flight; writing
15548 verbose correctMkdir /Users/andyporter/.npm correctMkdir not in flight; initializing
15549 silly gunzTarPerm extractEntry dist/govuk/components/textarea/template-with-hint.html
15550 silly gunzTarPerm extractEntry dist/govuk/components/checkboxes/template-with-hints-on-items.html
15551 verbose afterAdd /Users/andyporter/.npm/signal-exit/4.1.0/package/package.json written
15552 silly gunzTarPerm extractEntry ts/rx.experimental.es6.d.ts
15553 silly gunzTarPerm extractEntry ts/rx.joinpatterns.d.ts
15554 silly gunzTarPerm modified mode [ 'ts/rx.joinpatterns.d.ts', 384, 420 ]
15555 silly gunzTarPerm extractEntry _nodeUtil.js
15556 silly gunzTarPerm extractEntry _objectToString.js
15557 silly gunzTarPerm extractEntry dist/govuk/components/radios/template-with-hints-on-items.html
15558 silly gunzTarPerm extractEntry dist/govuk/components/button/template-with-hover-state.html
15559 verbose correctMkdir /Users/andyporter/.npm correctMkdir not in flight; initializing
15560 silly gunzTarPerm extractEntry _overArg.js
15561 silly gunzTarPerm extractEntry _overRest.js
15562 silly gunzTarPerm extractEntry ts/rx.joinpatterns.es6.d.ts
15563 silly gunzTarPerm modified mode [ 'ts/rx.joinpatterns.es6.d.ts', 384, 420 ]
15564 silly gunzTarPerm extractEntry ts/rx.lite.d.ts
15565 silly gunzTarPerm extractEntry dist/govuk/components/service-navigation/template-with-html-navigation-items.html
15566 silly gunzTarPerm extractEntry dist/govuk/components/cookie-banner/template-with-html.html
15567 silly gunzTarPerm extractEntry _parent.js
15568 silly gunzTarPerm extractEntry _Promise.js
15569 silly gunzTarPerm extractEntry ts/rx.lite.es6.d.ts
15570 silly gunzTarPerm extractEntry ts/rx.lite.extras.d.ts
15571 silly gunzTarPerm extractEntry ts/rx.lite.extras.es6.d.ts
15572 silly gunzTarPerm extractEntry dist/govuk/components/details/template-with-html.html
15573 silly gunzTarPerm extractEntry dist/govuk/components/hint/template-with-html.html
15574 silly gunzTarPerm extractEntry _realNames.js
15575 silly gunzTarPerm extractEntry _reEscape.js
15576 silly gunzTarPerm extractEntry ts/rx.sorting.d.ts
15577 silly gunzTarPerm modified mode [ 'ts/rx.sorting.d.ts', 384, 420 ]
15578 silly gunzTarPerm extractEntry ts/rx.sorting.es6.d.ts
15579 silly gunzTarPerm modified mode [ 'ts/rx.sorting.es6.d.ts', 384, 420 ]
15580 silly gunzTarPerm extractEntry ts/rx.testing.d.ts
15581 silly gunzTarPerm extractEntry ts/rx.testing.es6.d.ts
15582 silly gunzTarPerm extractEntry _reEvaluate.js
15583 silly gunzTarPerm extractEntry _reInterpolate.js
15584 silly gunzTarPerm extractEntry ts/rx.time.d.ts
15585 silly gunzTarPerm extractEntry dist/govuk/components/inset-text/template-with-html.html
15586 silly gunzTarPerm extractEntry dist/govuk/components/checkboxes/template-with-id-and-name.html
15587 silly gunzTarPerm extractEntry ts/rx.time.es6.d.ts
15588 silly gunzTarPerm extractEntry ts/rx.virtualtime.d.ts
15589 silly gunzTarPerm extractEntry ts/rx.virtualtime.es6.d.ts
15590 silly gunzTarPerm extractEntry ts/tsconfig.json
15591 silly gunzTarPerm modified mode [ 'ts/tsconfig.json', 384, 420 ]
15592 silly gunzTarPerm extractEntry _reorder.js
15593 silly gunzTarPerm extractEntry _replaceHolders.js
15594 silly gunzTarPerm extractEntry dist/govuk/components/radios/template-with-idprefix.html
15595 silly gunzTarPerm extractEntry dist/govuk/components/date-input/template-with-input-attributes.html
15596 silly gunzTarPerm extractEntry dist/govuk/components/password-input/template-with-input-width-class.html
15597 silly gunzTarPerm extractEntry dist/govuk/components/character-count/template-with-label-as-page-heading.html
15598 silly gunzTarPerm extractEntry _root.js
15599 silly gunzTarPerm extractEntry _safeGet.js
15600 silly cache afterAdd sass@1.89.2
15601 verbose afterAdd /Users/andyporter/.npm/sass/1.89.2/package/package.json not in flight; writing
15602 verbose correctMkdir /Users/andyporter/.npm correctMkdir not in flight; initializing
15603 verbose afterAdd /Users/andyporter/.npm/sass/1.89.2/package/package.json written
15604 silly gunzTarPerm extractEntry _Set.js
15605 silly gunzTarPerm extractEntry _SetCache.js
15606 silly gunzTarPerm extractEntry dist/govuk/components/file-upload/template-with-label-as-page-heading.html
15607 silly gunzTarPerm extractEntry dist/govuk/components/input/template-with-label-as-page-heading.html
15608 silly gunzTarPerm extractEntry _setCacheAdd.js
15609 silly gunzTarPerm extractEntry _setCacheHas.js
15610 silly gunzTarPerm extractEntry dist/govuk/components/password-input/template-with-label-as-page-heading.html
15611 silly gunzTarPerm extractEntry dist/govuk/components/select/template-with-label-as-page-heading.html
15612 verbose correctMkdir /Users/andyporter/.npm correctMkdir not in flight; initializing
15613 silly gunzTarPerm extractEntry _setData.js
15614 silly gunzTarPerm extractEntry _setToArray.js
15615 silly gunzTarPerm extractEntry dist/govuk/components/textarea/template-with-label-as-page-heading.html
15616 silly gunzTarPerm extractEntry dist/govuk/components/header/template-with-large-navigation.html
15617 silly gunzTarPerm extractEntry _setToPairs.js
15618 silly gunzTarPerm extractEntry _setToString.js
15619 silly gunzTarPerm extractEntry dist/govuk/components/service-navigation/template-with-large-navigation.html
15620 silly gunzTarPerm extractEntry dist/govuk/components/breadcrumbs/template-with-last-breadcrumb-as-current-page.html
15621 silly gunzTarPerm extractEntry _setWrapToString.js
15622 silly gunzTarPerm extractEntry _shortOut.js
15623 silly gunzTarPerm extractEntry dist/govuk/components/checkboxes/template-with-legend-as-a-page-heading.html
15624 silly gunzTarPerm extractEntry dist/govuk/components/radios/template-with-legend-as-page-heading.html
15625 silly gunzTarPerm extractEntry _shuffleSelf.js
15626 silly gunzTarPerm extractEntry _Stack.js
15627 silly gunzTarPerm extractEntry dist/govuk/components/accordion/template-with-long-content-and-description.html
15628 silly gunzTarPerm extractEntry dist/govuk/components/notification-banner/template-with-long-heading.html
15629 silly gunzTarPerm extractEntry _stackClear.js
15630 silly gunzTarPerm extractEntry _stackDelete.js
15631 silly gunzTarPerm extractEntry dist/govuk/components/service-navigation/template-with-long-service-name.html
15632 silly gunzTarPerm extractEntry dist/govuk/components/notification-banner/template-with-lots-of-content.html
15633 silly gunzTarPerm extractEntry _stackGet.js
15634 silly gunzTarPerm extractEntry _stackHas.js
15635 silly gunzTarPerm extractEntry dist/govuk/components/pagination/template-with-many-pages.html
15636 silly gunzTarPerm extractEntry dist/govuk/components/footer/template-with-meta-links-and-meta-content.html
15637 silly gunzTarPerm extractEntry _stackSet.js
15638 silly gunzTarPerm extractEntry _strictIndexOf.js
15639 silly cache afterAdd engine.io-client@6.6.3
15640 verbose afterAdd /Users/andyporter/.npm/engine.io-client/6.6.3/package/package.json not in flight; writing
15641 verbose correctMkdir /Users/andyporter/.npm correctMkdir not in flight; initializing
15642 silly gunzTarPerm extractEntry dist/govuk/components/footer/template-with-meta.html
15643 silly gunzTarPerm extractEntry dist/govuk/components/breadcrumbs/template-with-multiple-levels.html
15644 verbose afterAdd /Users/andyporter/.npm/engine.io-client/6.6.3/package/package.json written
15645 silly gunzTarPerm extractEntry _strictLastIndexOf.js
15646 silly gunzTarPerm extractEntry _stringSize.js
15647 silly gunzTarPerm extractEntry dist/govuk/components/service-navigation/template-with-navigation-with-a-current-item.html
15648 silly gunzTarPerm extractEntry dist/govuk/components/service-navigation/template-with-navigation-with-an-active-item.html
15649 silly gunzTarPerm extractEntry _stringToArray.js
15650 silly gunzTarPerm extractEntry _stringToPath.js
15651 verbose correctMkdir /Users/andyporter/.npm correctMkdir not in flight; initializing
15652 silly gunzTarPerm extractEntry dist/govuk/components/footer/template-with-navigation.html
15653 silly gunzTarPerm extractEntry dist/govuk/components/header/template-with-navigation.html
15654 silly gunzTarPerm extractEntry _Symbol.js
15655 silly gunzTarPerm extractEntry _toKey.js
15656 silly gunzTarPerm extractEntry dist/govuk/components/password-input/template-with-new-password-autocomplete.html
15657 silly gunzTarPerm extractEntry _toSource.js
15658 silly gunzTarPerm extractEntry _trimmedEndIndex.js
15659 silly gunzTarPerm extractEntry dist/govuk/components/pagination/template-with-next-only.html
15660 silly gunzTarPerm extractEntry dist/govuk/components/summary-list/template-with-no-first-action.html
15661 silly cache afterAdd browser-sync@3.0.4
15662 verbose afterAdd /Users/andyporter/.npm/browser-sync/3.0.4/package/package.json not in flight; writing
15663 verbose correctMkdir /Users/andyporter/.npm correctMkdir not in flight; initializing
15664 silly gunzTarPerm extractEntry _Uint8Array.js
15665 silly gunzTarPerm extractEntry _unescapeHtmlChar.js
15666 silly gunzTarPerm extractEntry dist/govuk/components/select/template-with-no-items.html
15667 silly gunzTarPerm extractEntry dist/govuk/components/service-navigation/template-with-non-link-navigation-items.html
15668 verbose afterAdd /Users/andyporter/.npm/browser-sync/3.0.4/package/package.json written
15669 silly gunzTarPerm extractEntry _unicodeSize.js
15670 silly gunzTarPerm extractEntry _unicodeToArray.js
15671 silly gunzTarPerm extractEntry dist/govuk/components/breadcrumbs/template-with-one-level.html
15672 silly gunzTarPerm extractEntry dist/govuk/components/accordion/template-with-one-section-open.html
15673 silly gunzTarPerm extractEntry _unicodeWords.js
15674 silly gunzTarPerm extractEntry _updateWrapDetails.js
15675 silly gunzTarPerm extractEntry dist/govuk/components/checkboxes/template-with-optional-form-group-classes-showing-group-error.html
15676 silly gunzTarPerm extractEntry dist/govuk/components/radios/template-with-optional-form-group-classes-showing-group-error.html
15677 silly gunzTarPerm extractEntry fp/_util.js
15678 silly gunzTarPerm extractEntry _WeakMap.js
15679 silly gunzTarPerm extractEntry dist/govuk/components/date-input/template-with-optional-form-group-classes.html
15680 silly gunzTarPerm extractEntry dist/govuk/components/file-upload/template-with-optional-form-group-classes.html
15681 silly gunzTarPerm extractEntry _wrapperClone.js
15682 silly gunzTarPerm extractEntry add.js
15683 silly fetchPackageMetaData debug@https://registry.npmjs.org/debug/-/debug-4.3.7.tgz
15684 silly fetchPackageMetaData ms@https://registry.npmjs.org/ms/-/ms-2.1.3.tgz
15685 silly fetchOtherPackageData debug@https://registry.npmjs.org/debug/-/debug-4.3.7.tgz
15686 silly cache add args [ 'debug@https://registry.npmjs.org/debug/-/debug-4.3.7.tgz',
15686 silly cache add   null ]
15687 verbose cache add spec debug@https://registry.npmjs.org/debug/-/debug-4.3.7.tgz
15688 silly fetchOtherPackageData ms@https://registry.npmjs.org/ms/-/ms-2.1.3.tgz
15689 silly cache add args [ 'ms@https://registry.npmjs.org/ms/-/ms-2.1.3.tgz', null ]
15690 verbose cache add spec ms@https://registry.npmjs.org/ms/-/ms-2.1.3.tgz
15691 silly cache add parsed spec Result {
15691 silly cache add   raw: 'debug@https://registry.npmjs.org/debug/-/debug-4.3.7.tgz',
15691 silly cache add   scope: null,
15691 silly cache add   name: 'debug',
15691 silly cache add   rawSpec: 'https://registry.npmjs.org/debug/-/debug-4.3.7.tgz',
15691 silly cache add   spec: 'https://registry.npmjs.org/debug/-/debug-4.3.7.tgz',
15691 silly cache add   type: 'remote' }
15692 silly mapToRegistry name debug@https://registry.npmjs.org/debug/-/debug-4.3.7.tgz
15693 silly mapToRegistry using default registry
15694 silly mapToRegistry registry https://registry.npmjs.org/
15695 silly mapToRegistry data Result {
15695 silly mapToRegistry   raw: 'debug@https://registry.npmjs.org/debug/-/debug-4.3.7.tgz',
15695 silly mapToRegistry   scope: null,
15695 silly mapToRegistry   name: 'debug',
15695 silly mapToRegistry   rawSpec: 'https://registry.npmjs.org/debug/-/debug-4.3.7.tgz',
15695 silly mapToRegistry   spec: 'https://registry.npmjs.org/debug/-/debug-4.3.7.tgz',
15695 silly mapToRegistry   type: 'remote' }
15696 silly mapToRegistry uri https://registry.npmjs.org/debug/-/debug-4.3.7.tgz
15697 verbose addRemoteTarball https://registry.npmjs.org/debug/-/debug-4.3.7.tgz not in flight; adding
15698 verbose addRemoteTarball [ 'https://registry.npmjs.org/debug/-/debug-4.3.7.tgz', null ]
15699 silly cache add parsed spec Result {
15699 silly cache add   raw: 'ms@https://registry.npmjs.org/ms/-/ms-2.1.3.tgz',
15699 silly cache add   scope: null,
15699 silly cache add   name: 'ms',
15699 silly cache add   rawSpec: 'https://registry.npmjs.org/ms/-/ms-2.1.3.tgz',
15699 silly cache add   spec: 'https://registry.npmjs.org/ms/-/ms-2.1.3.tgz',
15699 silly cache add   type: 'remote' }
15700 silly mapToRegistry name ms@https://registry.npmjs.org/ms/-/ms-2.1.3.tgz
15701 silly mapToRegistry using default registry
15702 silly mapToRegistry registry https://registry.npmjs.org/
15703 silly mapToRegistry data Result {
15703 silly mapToRegistry   raw: 'ms@https://registry.npmjs.org/ms/-/ms-2.1.3.tgz',
15703 silly mapToRegistry   scope: null,
15703 silly mapToRegistry   name: 'ms',
15703 silly mapToRegistry   rawSpec: 'https://registry.npmjs.org/ms/-/ms-2.1.3.tgz',
15703 silly mapToRegistry   spec: 'https://registry.npmjs.org/ms/-/ms-2.1.3.tgz',
15703 silly mapToRegistry   type: 'remote' }
15704 silly mapToRegistry uri https://registry.npmjs.org/ms/-/ms-2.1.3.tgz
15705 verbose addRemoteTarball https://registry.npmjs.org/ms/-/ms-2.1.3.tgz not in flight; adding
15706 verbose addRemoteTarball [ 'https://registry.npmjs.org/ms/-/ms-2.1.3.tgz', null ]
15707 silly gunzTarPerm extractEntry dist/govuk/components/input/template-with-optional-form-group-classes.html
15708 silly gunzTarPerm extractEntry dist/govuk/components/select/template-with-optional-form-group-classes.html
15709 info retry fetch attempt 1 at 6:28:04 PM
15710 info attempt registry request try #1 at 6:28:04 PM
15711 http fetch GET https://registry.npmjs.org/debug/-/debug-4.3.7.tgz
15712 info retry fetch attempt 1 at 6:28:04 PM
15713 info attempt registry request try #1 at 6:28:04 PM
15714 http fetch GET https://registry.npmjs.org/ms/-/ms-2.1.3.tgz
15715 silly gunzTarPerm extractEntry fp/add.js
15716 silly gunzTarPerm extractEntry after.js
15717 silly gunzTarPerm extractEntry dist/govuk/components/textarea/template-with-optional-form-group-classes.html
15718 silly gunzTarPerm extractEntry dist/govuk/components/input/template-with-pattern-attribute.html
15719 silly gunzTarPerm extractEntry fp/after.js
15720 silly gunzTarPerm extractEntry fp/all.js
15721 silly gunzTarPerm extractEntry dist/govuk/components/checkboxes/template-with-pre-checked-values.html
15722 silly gunzTarPerm extractEntry dist/govuk/components/input/template-with-prefix-and-long-suffix.html
15723 silly fetchPackageMetaData fs-extra@https://registry.npmjs.org/fs-extra/-/fs-extra-3.0.1.tgz
15724 silly fetchPackageMetaData jsonfile@https://registry.npmjs.org/jsonfile/-/jsonfile-3.0.1.tgz
15725 silly fetchOtherPackageData fs-extra@https://registry.npmjs.org/fs-extra/-/fs-extra-3.0.1.tgz
15726 silly cache add args [ 'fs-extra@https://registry.npmjs.org/fs-extra/-/fs-extra-3.0.1.tgz',
15726 silly cache add   null ]
15727 verbose cache add spec fs-extra@https://registry.npmjs.org/fs-extra/-/fs-extra-3.0.1.tgz
15728 silly fetchOtherPackageData jsonfile@https://registry.npmjs.org/jsonfile/-/jsonfile-3.0.1.tgz
15729 silly cache add args [ 'jsonfile@https://registry.npmjs.org/jsonfile/-/jsonfile-3.0.1.tgz',
15729 silly cache add   null ]
15730 verbose cache add spec jsonfile@https://registry.npmjs.org/jsonfile/-/jsonfile-3.0.1.tgz
15731 silly cache add parsed spec Result {
15731 silly cache add   raw: 'fs-extra@https://registry.npmjs.org/fs-extra/-/fs-extra-3.0.1.tgz',
15731 silly cache add   scope: null,
15731 silly cache add   name: 'fs-extra',
15731 silly cache add   rawSpec: 'https://registry.npmjs.org/fs-extra/-/fs-extra-3.0.1.tgz',
15731 silly cache add   spec: 'https://registry.npmjs.org/fs-extra/-/fs-extra-3.0.1.tgz',
15731 silly cache add   type: 'remote' }
15732 silly mapToRegistry name fs-extra@https://registry.npmjs.org/fs-extra/-/fs-extra-3.0.1.tgz
15733 silly mapToRegistry using default registry
15734 silly mapToRegistry registry https://registry.npmjs.org/
15735 silly mapToRegistry data Result {
15735 silly mapToRegistry   raw: 'fs-extra@https://registry.npmjs.org/fs-extra/-/fs-extra-3.0.1.tgz',
15735 silly mapToRegistry   scope: null,
15735 silly mapToRegistry   name: 'fs-extra',
15735 silly mapToRegistry   rawSpec: 'https://registry.npmjs.org/fs-extra/-/fs-extra-3.0.1.tgz',
15735 silly mapToRegistry   spec: 'https://registry.npmjs.org/fs-extra/-/fs-extra-3.0.1.tgz',
15735 silly mapToRegistry   type: 'remote' }
15736 silly mapToRegistry uri https://registry.npmjs.org/fs-extra/-/fs-extra-3.0.1.tgz
15737 verbose addRemoteTarball https://registry.npmjs.org/fs-extra/-/fs-extra-3.0.1.tgz not in flight; adding
15738 verbose addRemoteTarball [ 'https://registry.npmjs.org/fs-extra/-/fs-extra-3.0.1.tgz',
15738 verbose addRemoteTarball   null ]
15739 silly cache add parsed spec Result {
15739 silly cache add   raw: 'jsonfile@https://registry.npmjs.org/jsonfile/-/jsonfile-3.0.1.tgz',
15739 silly cache add   scope: null,
15739 silly cache add   name: 'jsonfile',
15739 silly cache add   rawSpec: 'https://registry.npmjs.org/jsonfile/-/jsonfile-3.0.1.tgz',
15739 silly cache add   spec: 'https://registry.npmjs.org/jsonfile/-/jsonfile-3.0.1.tgz',
15739 silly cache add   type: 'remote' }
15740 silly mapToRegistry name jsonfile@https://registry.npmjs.org/jsonfile/-/jsonfile-3.0.1.tgz
15741 silly mapToRegistry using default registry
15742 silly mapToRegistry registry https://registry.npmjs.org/
15743 silly mapToRegistry data Result {
15743 silly mapToRegistry   raw: 'jsonfile@https://registry.npmjs.org/jsonfile/-/jsonfile-3.0.1.tgz',
15743 silly mapToRegistry   scope: null,
15743 silly mapToRegistry   name: 'jsonfile',
15743 silly mapToRegistry   rawSpec: 'https://registry.npmjs.org/jsonfile/-/jsonfile-3.0.1.tgz',
15743 silly mapToRegistry   spec: 'https://registry.npmjs.org/jsonfile/-/jsonfile-3.0.1.tgz',
15743 silly mapToRegistry   type: 'remote' }
15744 silly mapToRegistry uri https://registry.npmjs.org/jsonfile/-/jsonfile-3.0.1.tgz
15745 verbose addRemoteTarball https://registry.npmjs.org/jsonfile/-/jsonfile-3.0.1.tgz not in flight; adding
15746 verbose addRemoteTarball [ 'https://registry.npmjs.org/jsonfile/-/jsonfile-3.0.1.tgz',
15746 verbose addRemoteTarball   null ]
15747 info retry fetch attempt 1 at 6:28:04 PM
15748 info attempt registry request try #1 at 6:28:04 PM
15749 http fetch GET https://registry.npmjs.org/fs-extra/-/fs-extra-3.0.1.tgz
15750 info retry fetch attempt 1 at 6:28:04 PM
15751 info attempt registry request try #1 at 6:28:04 PM
15752 http fetch GET https://registry.npmjs.org/jsonfile/-/jsonfile-3.0.1.tgz
15753 silly gunzTarPerm extractEntry fp/allPass.js
15754 silly gunzTarPerm extractEntry fp/always.js
15755 silly gunzTarPerm extractEntry dist/govuk/components/input/template-with-prefix-and-suffix-and-error.html
15756 silly gunzTarPerm extractEntry dist/govuk/components/input/template-with-prefix-and-suffix-and-width-modifier.html
15757 silly gunzTarPerm extractEntry fp/any.js
15758 silly gunzTarPerm extractEntry dist/govuk/components/input/template-with-prefix-and-suffix.html
15759 silly gunzTarPerm extractEntry dist/govuk/components/input/template-with-prefix.html
15760 silly gunzTarPerm extractEntry fp/anyPass.js
15761 silly gunzTarPerm extractEntry fp/apply.js
15762 http fetch 200 https://registry.npmjs.org/debug/-/debug-4.3.7.tgz
15763 silly gunzTarPerm extractEntry dist/govuk/components/pagination/template-with-prev-and-next-only-and-labels.html
15764 silly gunzTarPerm extractEntry dist/govuk/components/pagination/template-with-prev-and-next-only-and-very-long-labels.html
15765 http fetch 200 https://registry.npmjs.org/ms/-/ms-2.1.3.tgz
15766 silly gunzTarPerm extractEntry array.js
15767 silly gunzTarPerm extractEntry fp/array.js
15768 http fetch 200 https://registry.npmjs.org/jsonfile/-/jsonfile-3.0.1.tgz
15769 http fetch 200 https://registry.npmjs.org/fs-extra/-/fs-extra-3.0.1.tgz
15770 silly gunzTarPerm extractEntry dist/govuk/components/pagination/template-with-prev-and-next-only-in-a-different-language.html
15771 silly gunzTarPerm extractEntry dist/govuk/components/pagination/template-with-prev-and-next-only.html
15772 silly fetchAndShaCheck shasum 87945b4151a011d76d95a198d7111c865c360a52
15773 verbose addTmpTarball /var/folders/_4/7hgy5s8d1493hmmc5xj976900000gq/T/npm-47481-492c5c41/registry.npmjs.org/debug/-/debug-4.3.7.tgz not in flight; adding
15774 verbose correctMkdir /Users/andyporter/.npm correctMkdir not in flight; initializing
15775 verbose addTmpTarball validating metadata from /var/folders/_4/7hgy5s8d1493hmmc5xj976900000gq/T/npm-47481-492c5c41/registry.npmjs.org/debug/-/debug-4.3.7.tgz
15776 verbose tar unpack /var/folders/_4/7hgy5s8d1493hmmc5xj976900000gq/T/npm-47481-492c5c41/registry.npmjs.org/debug/-/debug-4.3.7.tgz
15777 verbose tar unpacking to /var/folders/_4/7hgy5s8d1493hmmc5xj976900000gq/T/npm-47481-492c5c41/unpack-bf27c235
15778 silly gentlyRm /var/folders/_4/7hgy5s8d1493hmmc5xj976900000gq/T/npm-47481-492c5c41/unpack-bf27c235 is being purged
15779 verbose gentlyRm don't care about contents; nuking /var/folders/_4/7hgy5s8d1493hmmc5xj976900000gq/T/npm-47481-492c5c41/unpack-bf27c235
15780 silly gunzTarPerm modes [ '755', '644' ]
15781 silly fetchAndShaCheck shasum 574c8138ce1d2b5861f0b44579dbadd60c6615b2
15782 verbose addTmpTarball /var/folders/_4/7hgy5s8d1493hmmc5xj976900000gq/T/npm-47481-492c5c41/registry.npmjs.org/ms/-/ms-2.1.3.tgz not in flight; adding
15783 verbose correctMkdir /Users/andyporter/.npm correctMkdir not in flight; initializing
15784 verbose addTmpTarball validating metadata from /var/folders/_4/7hgy5s8d1493hmmc5xj976900000gq/T/npm-47481-492c5c41/registry.npmjs.org/ms/-/ms-2.1.3.tgz
15785 verbose tar unpack /var/folders/_4/7hgy5s8d1493hmmc5xj976900000gq/T/npm-47481-492c5c41/registry.npmjs.org/ms/-/ms-2.1.3.tgz
15786 verbose tar unpacking to /var/folders/_4/7hgy5s8d1493hmmc5xj976900000gq/T/npm-47481-492c5c41/unpack-0f820ca4
15787 silly gentlyRm /var/folders/_4/7hgy5s8d1493hmmc5xj976900000gq/T/npm-47481-492c5c41/unpack-0f820ca4 is being purged
15788 verbose gentlyRm don't care about contents; nuking /var/folders/_4/7hgy5s8d1493hmmc5xj976900000gq/T/npm-47481-492c5c41/unpack-0f820ca4
15789 silly gunzTarPerm modes [ '755', '644' ]
15790 silly gunzTarPerm extractEntry LICENSE
15791 silly gunzTarPerm extractEntry ary.js
15792 silly gunzTarPerm extractEntry fp/ary.js
15793 silly fetchAndShaCheck shasum a5ecc6f65f53f662c4415c7675a0331d0992ec66
15794 verbose addTmpTarball /var/folders/_4/7hgy5s8d1493hmmc5xj976900000gq/T/npm-47481-492c5c41/registry.npmjs.org/jsonfile/-/jsonfile-3.0.1.tgz not in flight; adding
15795 verbose correctMkdir /Users/andyporter/.npm correctMkdir not in flight; initializing
15796 verbose addTmpTarball validating metadata from /var/folders/_4/7hgy5s8d1493hmmc5xj976900000gq/T/npm-47481-492c5c41/registry.npmjs.org/jsonfile/-/jsonfile-3.0.1.tgz
15797 verbose tar unpack /var/folders/_4/7hgy5s8d1493hmmc5xj976900000gq/T/npm-47481-492c5c41/registry.npmjs.org/jsonfile/-/jsonfile-3.0.1.tgz
15798 verbose tar unpacking to /var/folders/_4/7hgy5s8d1493hmmc5xj976900000gq/T/npm-47481-492c5c41/unpack-3c30650b
15799 silly gentlyRm /var/folders/_4/7hgy5s8d1493hmmc5xj976900000gq/T/npm-47481-492c5c41/unpack-3c30650b is being purged
15800 verbose gentlyRm don't care about contents; nuking /var/folders/_4/7hgy5s8d1493hmmc5xj976900000gq/T/npm-47481-492c5c41/unpack-3c30650b
15801 silly gunzTarPerm extractEntry index.js
15802 silly gunzTarPerm extractEntry dist/govuk/components/pagination/template-with-previous-only.html
15803 silly gunzTarPerm extractEntry dist/govuk/components/header/template-with-product-name.html
15804 silly gunzTarPerm modes [ '755', '644' ]
15805 silly fetchAndShaCheck shasum 3794f378c58b342ea7dbbb23095109c4b3b62291
15806 verbose addTmpTarball /var/folders/_4/7hgy5s8d1493hmmc5xj976900000gq/T/npm-47481-492c5c41/registry.npmjs.org/fs-extra/-/fs-extra-3.0.1.tgz not in flight; adding
15807 verbose correctMkdir /Users/andyporter/.npm correctMkdir not in flight; initializing
15808 verbose addTmpTarball validating metadata from /var/folders/_4/7hgy5s8d1493hmmc5xj976900000gq/T/npm-47481-492c5c41/registry.npmjs.org/fs-extra/-/fs-extra-3.0.1.tgz
15809 verbose tar unpack /var/folders/_4/7hgy5s8d1493hmmc5xj976900000gq/T/npm-47481-492c5c41/registry.npmjs.org/fs-extra/-/fs-extra-3.0.1.tgz
15810 verbose tar unpacking to /var/folders/_4/7hgy5s8d1493hmmc5xj976900000gq/T/npm-47481-492c5c41/unpack-3b8e563d
15811 silly gentlyRm /var/folders/_4/7hgy5s8d1493hmmc5xj976900000gq/T/npm-47481-492c5c41/unpack-3b8e563d is being purged
15812 verbose gentlyRm don't care about contents; nuking /var/folders/_4/7hgy5s8d1493hmmc5xj976900000gq/T/npm-47481-492c5c41/unpack-3b8e563d
15813 verbose correctMkdir /Users/andyporter/.npm correctMkdir not in flight; initializing
15814 silly gunzTarPerm extractEntry src/browser.js
15815 silly gunzTarPerm extractEntry src/common.js
15816 silly gunzTarPerm modes [ '755', '644' ]
15817 silly gunzTarPerm extractEntry package.json
15818 silly gunzTarPerm extractEntry license.md
15819 silly gunzTarPerm extractEntry package.json
15820 silly gunzTarPerm modified mode [ 'package.json', 436, 420 ]
15821 silly gunzTarPerm extractEntry assign.js
15822 silly gunzTarPerm extractEntry fp/assign.js
15823 silly gunzTarPerm extractEntry package.json
15824 silly gunzTarPerm modified mode [ 'package.json', 436, 420 ]
15825 silly gunzTarPerm extractEntry dist/govuk/components/select/template-with-selected-value.html
15826 silly gunzTarPerm extractEntry dist/govuk/components/service-navigation/template-with-service-link.html
15827 silly gunzTarPerm extractEntry src/index.js
15828 silly gunzTarPerm extractEntry src/node.js
15829 silly gunzTarPerm extractEntry package.json
15830 silly gunzTarPerm extractEntry README.md
15831 silly gunzTarPerm extractEntry .npmignore
15832 silly gunzTarPerm modified mode [ '.npmignore', 436, 420 ]
15833 silly gunzTarPerm extractEntry README.md
15834 silly gunzTarPerm modified mode [ 'README.md', 436, 420 ]
15835 silly gunzTarPerm extractEntry .npmignore
15836 silly gunzTarPerm modified mode [ '.npmignore', 436, 420 ]
15837 silly gunzTarPerm extractEntry README.md
15838 silly gunzTarPerm modified mode [ 'README.md', 436, 420 ]
15839 silly gunzTarPerm extractEntry readme.md
15840 silly gunzTarPerm extractEntry fp/assignAll.js
15841 silly gunzTarPerm extractEntry fp/assignAllWith.js
15842 silly gunzTarPerm extractEntry dist/govuk/components/header/template-with-service-name-and-navigation.html
15843 silly gunzTarPerm extractEntry dist/govuk/components/service-navigation/template-with-service-name-and-navigation.html
15844 silly gunzTarPerm extractEntry LICENSE
15845 silly gunzTarPerm modified mode [ 'LICENSE', 436, 420 ]
15846 silly gunzTarPerm extractEntry index.js
15847 silly gunzTarPerm modified mode [ 'index.js', 436, 420 ]
15848 silly gunzTarPerm extractEntry LICENSE
15849 silly gunzTarPerm modified mode [ 'LICENSE', 436, 420 ]
15850 silly gunzTarPerm extractEntry CHANGELOG.md
15851 silly gunzTarPerm modified mode [ 'CHANGELOG.md', 436, 420 ]
15852 silly cache afterAdd async@2.6.4
15853 verbose afterAdd /Users/andyporter/.npm/async/2.6.4/package/package.json not in flight; writing
15854 verbose correctMkdir /Users/andyporter/.npm correctMkdir not in flight; initializing
15855 silly gunzTarPerm extractEntry assignIn.js
15856 silly gunzTarPerm extractEntry fp/assignIn.js
15857 silly gunzTarPerm extractEntry dist/govuk/components/header/template-with-service-name-but-no-service-url.html
15858 silly gunzTarPerm extractEntry dist/govuk/components/header/template-with-service-name.html
15859 verbose afterAdd /Users/andyporter/.npm/async/2.6.4/package/package.json written
15860 silly gunzTarPerm extractEntry CHANGELOG.md
15861 silly gunzTarPerm modified mode [ 'CHANGELOG.md', 436, 420 ]
15862 silly gunzTarPerm extractEntry docs/move.md
15863 silly gunzTarPerm modified mode [ 'docs/move.md', 436, 420 ]
15864 silly gunzTarPerm extractEntry fp/assignInAll.js
15865 silly gunzTarPerm extractEntry fp/assignInAllWith.js
15866 silly gunzTarPerm extractEntry dist/govuk/components/service-navigation/template-with-service-name.html
15867 silly gunzTarPerm extractEntry dist/govuk/components/checkboxes/template-with-single-option-and-hint-set-aria-describedby-on-input.html
15868 silly gunzTarPerm extractEntry docs/copy-sync.md
15869 silly gunzTarPerm modified mode [ 'docs/copy-sync.md', 436, 420 ]
15870 silly gunzTarPerm extractEntry docs/emptyDir-sync.md
15871 silly gunzTarPerm modified mode [ 'docs/emptyDir-sync.md', 436, 420 ]
15872 silly gunzTarPerm extractEntry assignInWith.js
15873 silly gunzTarPerm extractEntry fp/assignInWith.js
15874 silly gunzTarPerm extractEntry dist/govuk/components/checkboxes/template-with-single-option-set-aria-describedby-on-input.html
15875 silly gunzTarPerm extractEntry dist/govuk/components/table/template-with-small-text-modifier-for-tables-with-a-lot-of-data.html
15876 silly gunzTarPerm extractEntry docs/emptyDir.md
15877 silly gunzTarPerm modified mode [ 'docs/emptyDir.md', 436, 420 ]
15878 silly gunzTarPerm extractEntry docs/ensureDir-sync.md
15879 silly gunzTarPerm modified mode [ 'docs/ensureDir-sync.md', 436, 420 ]
15880 silly gunzTarPerm extractEntry docs/ensureDir.md
15881 silly gunzTarPerm modified mode [ 'docs/ensureDir.md', 436, 420 ]
15882 silly gunzTarPerm extractEntry docs/ensureFile-sync.md
15883 silly gunzTarPerm modified mode [ 'docs/ensureFile-sync.md', 436, 420 ]
15884 silly gunzTarPerm extractEntry assignWith.js
15885 silly gunzTarPerm extractEntry fp/assignWith.js
15886 silly gunzTarPerm extractEntry docs/ensureFile.md
15887 silly gunzTarPerm modified mode [ 'docs/ensureFile.md', 436, 420 ]
15888 silly gunzTarPerm extractEntry dist/govuk/components/summary-list/template-with-some-actions.html
15889 silly gunzTarPerm extractEntry dist/govuk/components/input/template-with-spellcheck-disabled.html
15890 silly gunzTarPerm extractEntry docs/ensureLink-sync.md
15891 silly gunzTarPerm modified mode [ 'docs/ensureLink-sync.md', 436, 420 ]
15892 silly gunzTarPerm extractEntry fp/assoc.js
15893 silly gunzTarPerm extractEntry fp/assocPath.js
15894 silly gunzTarPerm extractEntry dist/govuk/components/textarea/template-with-spellcheck-disabled.html
15895 silly gunzTarPerm extractEntry dist/govuk/components/input/template-with-spellcheck-enabled.html
15896 verbose correctMkdir /Users/andyporter/.npm correctMkdir not in flight; initializing
15897 silly gunzTarPerm extractEntry docs/ensureLink.md
15898 silly gunzTarPerm modified mode [ 'docs/ensureLink.md', 436, 420 ]
15899 silly gunzTarPerm extractEntry docs/ensureSymlink-sync.md
15900 silly gunzTarPerm modified mode [ 'docs/ensureSymlink-sync.md', 436, 420 ]
15901 silly gunzTarPerm extractEntry at.js
15902 silly gunzTarPerm extractEntry fp/at.js
15903 silly gunzTarPerm extractEntry dist/govuk/components/textarea/template-with-spellcheck-enabled.html
15904 silly gunzTarPerm extractEntry dist/govuk/components/header/template-with-st-edwards-crown.html
15905 silly gunzTarPerm extractEntry docs/ensureSymlink.md
15906 silly gunzTarPerm modified mode [ 'docs/ensureSymlink.md', 436, 420 ]
15907 silly gunzTarPerm extractEntry docs/move-sync.md
15908 silly gunzTarPerm modified mode [ 'docs/move-sync.md', 436, 420 ]
15909 silly gunzTarPerm extractEntry dist/govuk/components/input/template-with-suffix.html
15910 silly gunzTarPerm extractEntry dist/govuk/components/notification-banner/template-with-text-as-html.html
15911 silly gunzTarPerm extractEntry attempt.js
15912 silly gunzTarPerm extractEntry fp/attempt.js
15913 silly cache afterAdd ms@2.1.3
15914 verbose afterAdd /Users/andyporter/.npm/ms/2.1.3/package/package.json not in flight; writing
15915 verbose correctMkdir /Users/andyporter/.npm correctMkdir not in flight; initializing
15916 silly gunzTarPerm extractEntry docs/copy.md
15917 silly gunzTarPerm modified mode [ 'docs/copy.md', 436, 420 ]
15918 silly gunzTarPerm extractEntry docs/outputFile-sync.md
15919 silly gunzTarPerm modified mode [ 'docs/outputFile-sync.md', 436, 420 ]
15920 verbose afterAdd /Users/andyporter/.npm/ms/2.1.3/package/package.json written
15921 silly gunzTarPerm extractEntry dist/govuk/components/character-count/template-with-threshold.html
15922 silly gunzTarPerm extractEntry dist/govuk/components/accordion/template-with-translations.html
15923 silly gunzTarPerm extractEntry before.js
15924 silly gunzTarPerm extractEntry fp/before.js
15925 silly gunzTarPerm extractEntry docs/outputFile.md
15926 silly gunzTarPerm modified mode [ 'docs/outputFile.md', 436, 420 ]
15927 silly gunzTarPerm extractEntry docs/outputJson-sync.md
15928 silly gunzTarPerm modified mode [ 'docs/outputJson-sync.md', 436, 420 ]
15929 silly gunzTarPerm extractEntry dist/govuk/components/character-count/template-with-translations.html
15930 silly gunzTarPerm extractEntry dist/govuk/components/password-input/template-with-translations.html
15931 silly gunzTarPerm extractEntry bind.js
15932 silly gunzTarPerm extractEntry fp/bind.js
15933 silly gunzTarPerm extractEntry docs/outputJson.md
15934 silly gunzTarPerm modified mode [ 'docs/outputJson.md', 436, 420 ]
15935 silly gunzTarPerm extractEntry docs/pathExists-sync.md
15936 silly gunzTarPerm modified mode [ 'docs/pathExists-sync.md', 436, 420 ]
15937 silly gunzTarPerm extractEntry dist/govuk/components/notification-banner/template-with-type-as-success.html
15938 silly gunzTarPerm extractEntry dist/govuk/components/checkboxes/template-with-very-long-option-text.html
15939 silly gunzTarPerm extractEntry bindAll.js
15940 silly gunzTarPerm extractEntry fp/bindAll.js
15941 silly gunzTarPerm extractEntry docs/pathExists.md
15942 silly gunzTarPerm modified mode [ 'docs/pathExists.md', 436, 420 ]
15943 silly gunzTarPerm extractEntry docs/readJson-sync.md
15944 silly gunzTarPerm modified mode [ 'docs/readJson-sync.md', 436, 420 ]
15945 verbose correctMkdir /Users/andyporter/.npm correctMkdir not in flight; initializing
15946 silly gunzTarPerm extractEntry dist/govuk/components/radios/template-with-very-long-option-text.html
15947 silly gunzTarPerm extractEntry dist/govuk/components/input/template-with-width-10-class.html
15948 silly gunzTarPerm extractEntry bindKey.js
15949 silly gunzTarPerm extractEntry fp/bindKey.js
15950 verbose correctMkdir /Users/andyporter/.npm correctMkdir not in flight; initializing
15951 silly gunzTarPerm extractEntry docs/readJson.md
15952 silly gunzTarPerm modified mode [ 'docs/readJson.md', 436, 420 ]
15953 silly gunzTarPerm extractEntry docs/remove-sync.md
15954 silly gunzTarPerm modified mode [ 'docs/remove-sync.md', 436, 420 ]
15955 silly gunzTarPerm extractEntry dist/govuk/components/input/template-with-width-2-class.html
15956 silly gunzTarPerm extractEntry dist/govuk/components/input/template-with-width-20-class.html
15957 silly gunzTarPerm extractEntry camelCase.js
15958 silly gunzTarPerm extractEntry fp/camelCase.js
15959 silly gunzTarPerm extractEntry docs/remove.md
15960 silly gunzTarPerm modified mode [ 'docs/remove.md', 436, 420 ]
15961 silly gunzTarPerm extractEntry docs/writeJson-sync.md
15962 silly gunzTarPerm modified mode [ 'docs/writeJson-sync.md', 436, 420 ]
15963 silly cache afterAdd jsonfile@3.0.1
15964 verbose afterAdd /Users/andyporter/.npm/jsonfile/3.0.1/package/package.json not in flight; writing
15965 verbose correctMkdir /Users/andyporter/.npm correctMkdir not in flight; initializing
15966 silly gunzTarPerm extractEntry dist/govuk/components/input/template-with-width-3-class.html
15967 silly gunzTarPerm extractEntry dist/govuk/components/input/template-with-width-30-class.html
15968 silly gunzTarPerm extractEntry capitalize.js
15969 silly gunzTarPerm extractEntry fp/capitalize.js
15970 silly gunzTarPerm extractEntry docs/writeJson.md
15971 silly gunzTarPerm modified mode [ 'docs/writeJson.md', 436, 420 ]
15972 silly gunzTarPerm extractEntry lib/index.js
15973 silly gunzTarPerm modified mode [ 'lib/index.js', 436, 420 ]
15974 verbose afterAdd /Users/andyporter/.npm/jsonfile/3.0.1/package/package.json written
15975 silly cache afterAdd debug@4.3.7
15976 verbose afterAdd /Users/andyporter/.npm/debug/4.3.7/package/package.json not in flight; writing
15977 verbose correctMkdir /Users/andyporter/.npm correctMkdir not in flight; initializing
15978 verbose correctMkdir /Users/andyporter/.npm correctMkdir not in flight; initializing
15979 silly gunzTarPerm extractEntry dist/govuk/components/input/template-with-width-4-class.html
15980 silly gunzTarPerm extractEntry dist/govuk/components/input/template-with-width-5-class.html
15981 silly gunzTarPerm extractEntry castArray.js
15982 silly gunzTarPerm extractEntry fp/castArray.js
15983 silly gunzTarPerm extractEntry lib/json/index.js
15984 silly gunzTarPerm modified mode [ 'lib/json/index.js', 436, 420 ]
15985 silly gunzTarPerm extractEntry lib/json/jsonfile.js
15986 silly gunzTarPerm modified mode [ 'lib/json/jsonfile.js', 436, 420 ]
15987 verbose afterAdd /Users/andyporter/.npm/debug/4.3.7/package/package.json written
15988 silly gunzTarPerm extractEntry dist/govuk/components/character-count/template-with-word-count.html
15989 silly gunzTarPerm extractEntry dist/govuk/components/checkboxes/template-without-fieldset.html
15990 silly gunzTarPerm extractEntry ceil.js
15991 silly gunzTarPerm extractEntry fp/ceil.js
15992 silly gunzTarPerm extractEntry lib/json/output-json-sync.js
15993 silly gunzTarPerm modified mode [ 'lib/json/output-json-sync.js', 436, 420 ]
15994 silly gunzTarPerm extractEntry lib/json/output-json.js
15995 silly gunzTarPerm modified mode [ 'lib/json/output-json.js', 436, 420 ]
15996 silly gunzTarPerm extractEntry dist/govuk/components/radios/template-without-fieldset.html
15997 silly gunzTarPerm extractEntry dist/govuk/components/error-summary/template-without-links.html
15998 silly gunzTarPerm extractEntry chain.js
15999 silly gunzTarPerm extractEntry fp/chain.js
16000 silly gunzTarPerm extractEntry lib/copy-sync/copy-file-sync.js
16001 silly gunzTarPerm modified mode [ 'lib/copy-sync/copy-file-sync.js', 436, 420 ]
16002 silly gunzTarPerm extractEntry lib/copy-sync/copy-sync.js
16003 silly gunzTarPerm modified mode [ 'lib/copy-sync/copy-sync.js', 436, 420 ]
16004 silly gunzTarPerm extractEntry dist/govuk/components/breadcrumbs/template-without-the-home-section.html
16005 silly gunzTarPerm extractEntry dist/govuk/components/tag/template-yellow.html
16006 silly gunzTarPerm extractEntry chunk.js
16007 silly gunzTarPerm extractEntry fp/chunk.js
16008 silly gunzTarPerm extractEntry lib/copy-sync/index.js
16009 silly gunzTarPerm modified mode [ 'lib/copy-sync/index.js', 436, 420 ]
16010 silly gunzTarPerm extractEntry lib/empty/index.js
16011 silly gunzTarPerm modified mode [ 'lib/empty/index.js', 436, 420 ]
16012 silly cache afterAdd browser-sync-ui@3.0.4
16013 verbose afterAdd /Users/andyporter/.npm/browser-sync-ui/3.0.4/package/package.json not in flight; writing
16014 verbose correctMkdir /Users/andyporter/.npm correctMkdir not in flight; initializing
16015 silly gunzTarPerm extractEntry dist/govuk/assets/images/favicon.ico
16016 silly gunzTarPerm extractEntry dist/govuk/assets/rebrand/images/favicon.ico
16017 silly gunzTarPerm extractEntry clamp.js
16018 silly gunzTarPerm extractEntry fp/clamp.js
16019 silly gunzTarPerm extractEntry lib/ensure/file.js
16020 silly gunzTarPerm modified mode [ 'lib/ensure/file.js', 436, 420 ]
16021 silly gunzTarPerm extractEntry lib/ensure/index.js
16022 silly gunzTarPerm modified mode [ 'lib/ensure/index.js', 436, 420 ]
16023 silly fetchPackageMetaData chokidar@https://registry.npmjs.org/chokidar/-/chokidar-4.0.3.tgz
16024 silly fetchPackageMetaData immutable@https://registry.npmjs.org/immutable/-/immutable-5.1.3.tgz
16025 silly fetchPackageMetaData readdirp@https://registry.npmjs.org/readdirp/-/readdirp-4.1.2.tgz
16026 verbose afterAdd /Users/andyporter/.npm/browser-sync-ui/3.0.4/package/package.json written
16027 silly fetchOtherPackageData chokidar@https://registry.npmjs.org/chokidar/-/chokidar-4.0.3.tgz
16028 silly cache add args [ 'chokidar@https://registry.npmjs.org/chokidar/-/chokidar-4.0.3.tgz',
16028 silly cache add   null ]
16029 verbose cache add spec chokidar@https://registry.npmjs.org/chokidar/-/chokidar-4.0.3.tgz
16030 silly fetchOtherPackageData immutable@https://registry.npmjs.org/immutable/-/immutable-5.1.3.tgz
16031 silly cache add args [ 'immutable@https://registry.npmjs.org/immutable/-/immutable-5.1.3.tgz',
16031 silly cache add   null ]
16032 verbose cache add spec immutable@https://registry.npmjs.org/immutable/-/immutable-5.1.3.tgz
16033 silly fetchOtherPackageData readdirp@https://registry.npmjs.org/readdirp/-/readdirp-4.1.2.tgz
16034 silly cache add args [ 'readdirp@https://registry.npmjs.org/readdirp/-/readdirp-4.1.2.tgz',
16034 silly cache add   null ]
16035 verbose cache add spec readdirp@https://registry.npmjs.org/readdirp/-/readdirp-4.1.2.tgz
16036 silly cache add parsed spec Result {
16036 silly cache add   raw: 'chokidar@https://registry.npmjs.org/chokidar/-/chokidar-4.0.3.tgz',
16036 silly cache add   scope: null,
16036 silly cache add   name: 'chokidar',
16036 silly cache add   rawSpec: 'https://registry.npmjs.org/chokidar/-/chokidar-4.0.3.tgz',
16036 silly cache add   spec: 'https://registry.npmjs.org/chokidar/-/chokidar-4.0.3.tgz',
16036 silly cache add   type: 'remote' }
16037 silly mapToRegistry name chokidar@https://registry.npmjs.org/chokidar/-/chokidar-4.0.3.tgz
16038 silly mapToRegistry using default registry
16039 silly mapToRegistry registry https://registry.npmjs.org/
16040 silly mapToRegistry data Result {
16040 silly mapToRegistry   raw: 'chokidar@https://registry.npmjs.org/chokidar/-/chokidar-4.0.3.tgz',
16040 silly mapToRegistry   scope: null,
16040 silly mapToRegistry   name: 'chokidar',
16040 silly mapToRegistry   rawSpec: 'https://registry.npmjs.org/chokidar/-/chokidar-4.0.3.tgz',
16040 silly mapToRegistry   spec: 'https://registry.npmjs.org/chokidar/-/chokidar-4.0.3.tgz',
16040 silly mapToRegistry   type: 'remote' }
16041 silly mapToRegistry uri https://registry.npmjs.org/chokidar/-/chokidar-4.0.3.tgz
16042 verbose addRemoteTarball https://registry.npmjs.org/chokidar/-/chokidar-4.0.3.tgz not in flight; adding
16043 verbose addRemoteTarball [ 'https://registry.npmjs.org/chokidar/-/chokidar-4.0.3.tgz',
16043 verbose addRemoteTarball   null ]
16044 silly cache add parsed spec Result {
16044 silly cache add   raw: 'immutable@https://registry.npmjs.org/immutable/-/immutable-5.1.3.tgz',
16044 silly cache add   scope: null,
16044 silly cache add   name: 'immutable',
16044 silly cache add   rawSpec: 'https://registry.npmjs.org/immutable/-/immutable-5.1.3.tgz',
16044 silly cache add   spec: 'https://registry.npmjs.org/immutable/-/immutable-5.1.3.tgz',
16044 silly cache add   type: 'remote' }
16045 silly mapToRegistry name immutable@https://registry.npmjs.org/immutable/-/immutable-5.1.3.tgz
16046 silly mapToRegistry using default registry
16047 silly mapToRegistry registry https://registry.npmjs.org/
16048 silly mapToRegistry data Result {
16048 silly mapToRegistry   raw: 'immutable@https://registry.npmjs.org/immutable/-/immutable-5.1.3.tgz',
16048 silly mapToRegistry   scope: null,
16048 silly mapToRegistry   name: 'immutable',
16048 silly mapToRegistry   rawSpec: 'https://registry.npmjs.org/immutable/-/immutable-5.1.3.tgz',
16048 silly mapToRegistry   spec: 'https://registry.npmjs.org/immutable/-/immutable-5.1.3.tgz',
16048 silly mapToRegistry   type: 'remote' }
16049 silly mapToRegistry uri https://registry.npmjs.org/immutable/-/immutable-5.1.3.tgz
16050 verbose addRemoteTarball https://registry.npmjs.org/immutable/-/immutable-5.1.3.tgz not in flight; adding
16051 verbose addRemoteTarball [ 'https://registry.npmjs.org/immutable/-/immutable-5.1.3.tgz',
16051 verbose addRemoteTarball   null ]
16052 silly cache add parsed spec Result {
16052 silly cache add   raw: 'readdirp@https://registry.npmjs.org/readdirp/-/readdirp-4.1.2.tgz',
16052 silly cache add   scope: null,
16052 silly cache add   name: 'readdirp',
16052 silly cache add   rawSpec: 'https://registry.npmjs.org/readdirp/-/readdirp-4.1.2.tgz',
16052 silly cache add   spec: 'https://registry.npmjs.org/readdirp/-/readdirp-4.1.2.tgz',
16052 silly cache add   type: 'remote' }
16053 silly mapToRegistry name readdirp@https://registry.npmjs.org/readdirp/-/readdirp-4.1.2.tgz
16054 silly mapToRegistry using default registry
16055 silly mapToRegistry registry https://registry.npmjs.org/
16056 silly mapToRegistry data Result {
16056 silly mapToRegistry   raw: 'readdirp@https://registry.npmjs.org/readdirp/-/readdirp-4.1.2.tgz',
16056 silly mapToRegistry   scope: null,
16056 silly mapToRegistry   name: 'readdirp',
16056 silly mapToRegistry   rawSpec: 'https://registry.npmjs.org/readdirp/-/readdirp-4.1.2.tgz',
16056 silly mapToRegistry   spec: 'https://registry.npmjs.org/readdirp/-/readdirp-4.1.2.tgz',
16056 silly mapToRegistry   type: 'remote' }
16057 silly mapToRegistry uri https://registry.npmjs.org/readdirp/-/readdirp-4.1.2.tgz
16058 verbose addRemoteTarball https://registry.npmjs.org/readdirp/-/readdirp-4.1.2.tgz not in flight; adding
16059 verbose addRemoteTarball [ 'https://registry.npmjs.org/readdirp/-/readdirp-4.1.2.tgz',
16059 verbose addRemoteTarball   null ]
16060 info retry fetch attempt 1 at 6:28:05 PM
16061 info attempt registry request try #1 at 6:28:05 PM
16062 http fetch GET https://registry.npmjs.org/chokidar/-/chokidar-4.0.3.tgz
16063 info retry fetch attempt 1 at 6:28:05 PM
16064 info attempt registry request try #1 at 6:28:05 PM
16065 http fetch GET https://registry.npmjs.org/immutable/-/immutable-5.1.3.tgz
16066 info retry fetch attempt 1 at 6:28:05 PM
16067 info attempt registry request try #1 at 6:28:05 PM
16068 http fetch GET https://registry.npmjs.org/readdirp/-/readdirp-4.1.2.tgz
16069 silly gunzTarPerm extractEntry dist/govuk/components/accordion/accordion.bundle.js
16070 silly gunzTarPerm extractEntry dist/govuk/all.bundle.js
16071 silly gunzTarPerm extractEntry clone.js
16072 silly gunzTarPerm extractEntry fp/clone.js
16073 silly gunzTarPerm extractEntry lib/ensure/link.js
16074 silly gunzTarPerm modified mode [ 'lib/ensure/link.js', 436, 420 ]
16075 silly gunzTarPerm extractEntry lib/ensure/symlink-paths.js
16076 silly gunzTarPerm modified mode [ 'lib/ensure/symlink-paths.js', 436, 420 ]
16077 silly gunzTarPerm extractEntry dist/govuk/components/button/button.bundle.js
16078 silly gunzTarPerm extractEntry dist/govuk/components/character-count/character-count.bundle.js
16079 silly gunzTarPerm extractEntry cloneDeep.js
16080 silly gunzTarPerm extractEntry fp/cloneDeep.js
16081 silly gunzTarPerm extractEntry lib/ensure/symlink-type.js
16082 silly gunzTarPerm modified mode [ 'lib/ensure/symlink-type.js', 436, 420 ]
16083 silly gunzTarPerm extractEntry lib/ensure/symlink.js
16084 silly gunzTarPerm modified mode [ 'lib/ensure/symlink.js', 436, 420 ]
16085 silly gunzTarPerm extractEntry dist/govuk/components/checkboxes/checkboxes.bundle.js
16086 silly gunzTarPerm extractEntry dist/govuk/components/error-summary/error-summary.bundle.js
16087 silly gunzTarPerm extractEntry cloneDeepWith.js
16088 silly gunzTarPerm extractEntry fp/cloneDeepWith.js
16089 silly gunzTarPerm extractEntry lib/fs/index.js
16090 silly gunzTarPerm modified mode [ 'lib/fs/index.js', 436, 420 ]
16091 silly gunzTarPerm extractEntry lib/copy/copy.js
16092 silly gunzTarPerm modified mode [ 'lib/copy/copy.js', 436, 420 ]
16093 silly gunzTarPerm extractEntry cloneWith.js
16094 silly gunzTarPerm extractEntry fp/cloneWith.js
16095 silly gunzTarPerm extractEntry dist/govuk/components/exit-this-page/exit-this-page.bundle.js
16096 silly gunzTarPerm extractEntry dist/govuk/components/file-upload/file-upload.bundle.js
16097 silly gunzTarPerm extractEntry lib/copy/index.js
16098 silly gunzTarPerm modified mode [ 'lib/copy/index.js', 436, 420 ]
16099 silly gunzTarPerm extractEntry lib/copy/ncp.js
16100 silly gunzTarPerm modified mode [ 'lib/copy/ncp.js', 436, 420 ]
16101 silly gunzTarPerm extractEntry collection.js
16102 silly gunzTarPerm extractEntry fp/collection.js
16103 silly gunzTarPerm extractEntry dist/govuk-prototype-kit/functions.js
16104 silly gunzTarPerm extractEntry dist/govuk/govuk-frontend.min.js
16105 silly gunzTarPerm extractEntry lib/mkdirs/index.js
16106 silly gunzTarPerm modified mode [ 'lib/mkdirs/index.js', 436, 420 ]
16107 silly gunzTarPerm extractEntry lib/mkdirs/mkdirs-sync.js
16108 silly gunzTarPerm modified mode [ 'lib/mkdirs/mkdirs-sync.js', 436, 420 ]
16109 silly gunzTarPerm extractEntry commit.js
16110 silly gunzTarPerm extractEntry fp/commit.js
16111 silly gunzTarPerm extractEntry dist/govuk/components/header/header.bundle.js
16112 silly gunzTarPerm extractEntry lib/mkdirs/mkdirs.js
16113 silly gunzTarPerm modified mode [ 'lib/mkdirs/mkdirs.js', 436, 420 ]
16114 silly gunzTarPerm extractEntry lib/mkdirs/win32.js
16115 silly gunzTarPerm modified mode [ 'lib/mkdirs/win32.js', 436, 420 ]
16116 silly gunzTarPerm extractEntry compact.js
16117 silly gunzTarPerm extractEntry fp/compact.js
16118 silly gunzTarPerm extractEntry dist/govuk-prototype-kit/init.js
16119 silly gunzTarPerm extractEntry dist/govuk/components/notification-banner/notification-banner.bundle.js
16120 silly gunzTarPerm extractEntry lib/move/index.js
16121 silly gunzTarPerm modified mode [ 'lib/move/index.js', 436, 420 ]
16122 silly gunzTarPerm extractEntry lib/move-sync/index.js
16123 silly gunzTarPerm modified mode [ 'lib/move-sync/index.js', 436, 420 ]
16124 silly gunzTarPerm extractEntry fp/complement.js
16125 silly gunzTarPerm extractEntry fp/compose.js
16126 http fetch 200 https://registry.npmjs.org/chokidar/-/chokidar-4.0.3.tgz
16127 silly gunzTarPerm extractEntry dist/govuk/components/password-input/password-input.bundle.js
16128 silly gunzTarPerm extractEntry dist/govuk/components/radios/radios.bundle.js
16129 http fetch 200 https://registry.npmjs.org/readdirp/-/readdirp-4.1.2.tgz
16130 http fetch 200 https://registry.npmjs.org/immutable/-/immutable-5.1.3.tgz
16131 silly gunzTarPerm extractEntry lib/output/index.js
16132 silly gunzTarPerm modified mode [ 'lib/output/index.js', 436, 420 ]
16133 silly gunzTarPerm extractEntry lib/path-exists/index.js
16134 silly gunzTarPerm modified mode [ 'lib/path-exists/index.js', 436, 420 ]
16135 silly gunzTarPerm extractEntry concat.js
16136 silly gunzTarPerm extractEntry fp/concat.js
16137 silly gunzTarPerm extractEntry dist/govuk/components/service-navigation/service-navigation.bundle.js
16138 silly gunzTarPerm extractEntry dist/govuk/components/skip-link/skip-link.bundle.js
16139 silly fetchAndShaCheck shasum eb85801435fbf2a7ee58f19e0921b068fc69948d
16140 verbose addTmpTarball /var/folders/_4/7hgy5s8d1493hmmc5xj976900000gq/T/npm-47481-492c5c41/registry.npmjs.org/readdirp/-/readdirp-4.1.2.tgz not in flight; adding
16141 verbose correctMkdir /Users/andyporter/.npm correctMkdir not in flight; initializing
16142 verbose addTmpTarball validating metadata from /var/folders/_4/7hgy5s8d1493hmmc5xj976900000gq/T/npm-47481-492c5c41/registry.npmjs.org/readdirp/-/readdirp-4.1.2.tgz
16143 verbose tar unpack /var/folders/_4/7hgy5s8d1493hmmc5xj976900000gq/T/npm-47481-492c5c41/registry.npmjs.org/readdirp/-/readdirp-4.1.2.tgz
16144 verbose tar unpacking to /var/folders/_4/7hgy5s8d1493hmmc5xj976900000gq/T/npm-47481-492c5c41/unpack-51a1e5d4
16145 silly gentlyRm /var/folders/_4/7hgy5s8d1493hmmc5xj976900000gq/T/npm-47481-492c5c41/unpack-51a1e5d4 is being purged
16146 verbose gentlyRm don't care about contents; nuking /var/folders/_4/7hgy5s8d1493hmmc5xj976900000gq/T/npm-47481-492c5c41/unpack-51a1e5d4
16147 silly gunzTarPerm modes [ '755', '644' ]
16148 silly fetchAndShaCheck shasum 7be37a4c03c9aee1ecfe862a4a23b2c70c205d30
16149 verbose addTmpTarball /var/folders/_4/7hgy5s8d1493hmmc5xj976900000gq/T/npm-47481-492c5c41/registry.npmjs.org/chokidar/-/chokidar-4.0.3.tgz not in flight; adding
16150 verbose correctMkdir /Users/andyporter/.npm correctMkdir not in flight; initializing
16151 verbose addTmpTarball validating metadata from /var/folders/_4/7hgy5s8d1493hmmc5xj976900000gq/T/npm-47481-492c5c41/registry.npmjs.org/chokidar/-/chokidar-4.0.3.tgz
16152 verbose tar unpack /var/folders/_4/7hgy5s8d1493hmmc5xj976900000gq/T/npm-47481-492c5c41/registry.npmjs.org/chokidar/-/chokidar-4.0.3.tgz
16153 verbose tar unpacking to /var/folders/_4/7hgy5s8d1493hmmc5xj976900000gq/T/npm-47481-492c5c41/unpack-ef1da8ab
16154 silly gentlyRm /var/folders/_4/7hgy5s8d1493hmmc5xj976900000gq/T/npm-47481-492c5c41/unpack-ef1da8ab is being purged
16155 verbose gentlyRm don't care about contents; nuking /var/folders/_4/7hgy5s8d1493hmmc5xj976900000gq/T/npm-47481-492c5c41/unpack-ef1da8ab
16156 silly gunzTarPerm modes [ '755', '644' ]
16157 silly gunzTarPerm extractEntry lib/remove/index.js
16158 silly gunzTarPerm modified mode [ 'lib/remove/index.js', 436, 420 ]
16159 silly gunzTarPerm extractEntry lib/remove/rimraf.js
16160 silly gunzTarPerm modified mode [ 'lib/remove/rimraf.js', 436, 420 ]
16161 silly gunzTarPerm extractEntry cond.js
16162 silly gunzTarPerm extractEntry fp/cond.js
16163 silly gunzTarPerm extractEntry LICENSE
16164 silly gunzTarPerm extractEntry dist/govuk/components/tabs/tabs.bundle.js
16165 silly gunzTarPerm extractEntry dist/govuk/components/accordion/fixtures.json
16166 silly gunzTarPerm extractEntry LICENSE
16167 silly gunzTarPerm extractEntry lib/util/assign.js
16168 silly gunzTarPerm modified mode [ 'lib/util/assign.js', 436, 420 ]
16169 silly gunzTarPerm extractEntry lib/util/buffer.js
16170 silly gunzTarPerm modified mode [ 'lib/util/buffer.js', 436, 420 ]
16171 silly gunzTarPerm extractEntry esm/index.js
16172 silly gunzTarPerm extractEntry index.js
16173 silly gunzTarPerm extractEntry conforms.js
16174 silly gunzTarPerm extractEntry fp/conforms.js
16175 silly gunzTarPerm extractEntry esm/handler.js
16176 silly gunzTarPerm extractEntry handler.js
16177 silly gunzTarPerm extractEntry dist/govuk/components/back-link/fixtures.json
16178 silly gunzTarPerm extractEntry dist/govuk/components/breadcrumbs/fixtures.json
16179 silly fetchAndShaCheck shasum e6486694c8b76c37c063cca92399fa64098634d4
16180 verbose addTmpTarball /var/folders/_4/7hgy5s8d1493hmmc5xj976900000gq/T/npm-47481-492c5c41/registry.npmjs.org/immutable/-/immutable-5.1.3.tgz not in flight; adding
16181 verbose correctMkdir /Users/andyporter/.npm correctMkdir not in flight; initializing
16182 verbose addTmpTarball validating metadata from /var/folders/_4/7hgy5s8d1493hmmc5xj976900000gq/T/npm-47481-492c5c41/registry.npmjs.org/immutable/-/immutable-5.1.3.tgz
16183 verbose tar unpack /var/folders/_4/7hgy5s8d1493hmmc5xj976900000gq/T/npm-47481-492c5c41/registry.npmjs.org/immutable/-/immutable-5.1.3.tgz
16184 verbose tar unpacking to /var/folders/_4/7hgy5s8d1493hmmc5xj976900000gq/T/npm-47481-492c5c41/unpack-d7317f10
16185 silly gentlyRm /var/folders/_4/7hgy5s8d1493hmmc5xj976900000gq/T/npm-47481-492c5c41/unpack-d7317f10 is being purged
16186 verbose gentlyRm don't care about contents; nuking /var/folders/_4/7hgy5s8d1493hmmc5xj976900000gq/T/npm-47481-492c5c41/unpack-d7317f10
16187 silly gunzTarPerm extractEntry conformsTo.js
16188 silly gunzTarPerm extractEntry fp/conformsTo.js
16189 silly gunzTarPerm modes [ '755', '644' ]
16190 silly gunzTarPerm extractEntry lib/util/utimes.js
16191 silly gunzTarPerm modified mode [ 'lib/util/utimes.js', 436, 420 ]
16192 silly gunzTarPerm extractEntry esm/package.json
16193 silly gunzTarPerm extractEntry esm/index.js
16194 silly gunzTarPerm extractEntry index.js
16195 silly gunzTarPerm extractEntry esm/package.json
16196 silly gunzTarPerm extractEntry package.json
16197 silly gunzTarPerm extractEntry dist/govuk/components/button/fixtures.json
16198 silly gunzTarPerm extractEntry dist/govuk/components/character-count/fixtures.json
16199 silly gunzTarPerm extractEntry LICENSE
16200 silly gunzTarPerm extractEntry constant.js
16201 silly gunzTarPerm extractEntry fp/constant.js
16202 silly gunzTarPerm extractEntry dist/immutable.js.flow
16203 silly gunzTarPerm extractEntry dist/immutable.es.js
16204 silly gunzTarPerm extractEntry package.json
16205 silly gunzTarPerm extractEntry README.md
16206 silly gunzTarPerm extractEntry README.md
16207 silly gunzTarPerm extractEntry esm/handler.d.ts
16208 silly gunzTarPerm extractEntry handler.d.ts
16209 silly gunzTarPerm extractEntry dist/govuk/components/checkboxes/fixtures.json
16210 silly gunzTarPerm extractEntry dist/govuk/components/cookie-banner/fixtures.json
16211 silly gunzTarPerm extractEntry esm/index.d.ts
16212 silly gunzTarPerm extractEntry fp/contains.js
16213 silly gunzTarPerm extractEntry fp/convert.js
16214 silly gunzTarPerm extractEntry dist/immutable.js
16215 silly gunzTarPerm extractEntry esm/index.d.ts
16216 silly gunzTarPerm extractEntry index.d.ts
16217 silly gunzTarPerm extractEntry dist/govuk/components/date-input/fixtures.json
16218 silly gunzTarPerm extractEntry dist/govuk/components/details/fixtures.json
16219 silly gunzTarPerm extractEntry index.d.ts
16220 silly gunzTarPerm extractEntry core.js
16221 silly gunzTarPerm extractEntry core.min.js
16222 silly gunzTarPerm extractEntry dist/immutable.min.js
16223 silly gunzTarPerm extractEntry dist/govuk/components/error-message/fixtures.json
16224 silly gunzTarPerm extractEntry dist/govuk/components/error-summary/fixtures.json
16225 silly gunzTarPerm extractEntry countBy.js
16226 silly gunzTarPerm extractEntry fp/countBy.js
16227 silly gunzTarPerm extractEntry package.json
16228 silly gunzTarPerm extractEntry README.md
16229 silly gunzTarPerm extractEntry dist/govuk/components/exit-this-page/fixtures.json
16230 silly gunzTarPerm extractEntry dist/govuk/components/fieldset/fixtures.json
16231 silly gunzTarPerm extractEntry create.js
16232 silly gunzTarPerm extractEntry fp/create.js
16233 silly gunzTarPerm extractEntry dist/immutable.d.ts
16234 silly gunzTarPerm extractEntry dist/govuk/components/file-upload/fixtures.json
16235 silly gunzTarPerm extractEntry dist/govuk/components/footer/fixtures.json
16236 silly gunzTarPerm extractEntry curry.js
16237 silly gunzTarPerm extractEntry fp/curry.js
16238 silly gunzTarPerm extractEntry fp/curryN.js
16239 silly gunzTarPerm extractEntry curryRight.js
16240 silly gunzTarPerm extractEntry dist/govuk/components/header/fixtures.json
16241 silly gunzTarPerm extractEntry dist/govuk/components/hint/fixtures.json
16242 silly gunzTarPerm extractEntry fp/curryRight.js
16243 silly gunzTarPerm extractEntry fp/curryRightN.js
16244 silly gunzTarPerm extractEntry dist/govuk/components/input/fixtures.json
16245 silly gunzTarPerm extractEntry dist/govuk/components/inset-text/fixtures.json
16246 silly gunzTarPerm extractEntry date.js
16247 silly gunzTarPerm extractEntry fp/date.js
16248 silly gunzTarPerm extractEntry dist/govuk/components/label/fixtures.json
16249 silly gunzTarPerm extractEntry dist/govuk/components/notification-banner/fixtures.json
16250 silly gunzTarPerm extractEntry debounce.js
16251 silly gunzTarPerm extractEntry fp/debounce.js
16252 silly gunzTarPerm extractEntry dist/govuk/components/pagination/fixtures.json
16253 silly gunzTarPerm extractEntry dist/govuk/components/panel/fixtures.json
16254 silly gunzTarPerm extractEntry deburr.js
16255 silly gunzTarPerm extractEntry fp/deburr.js
16256 silly gunzTarPerm extractEntry dist/govuk/components/password-input/fixtures.json
16257 silly gunzTarPerm extractEntry dist/govuk/components/phase-banner/fixtures.json
16258 verbose correctMkdir /Users/andyporter/.npm correctMkdir not in flight; initializing
16259 silly gunzTarPerm extractEntry dist/govuk/components/radios/fixtures.json
16260 silly gunzTarPerm extractEntry dist/govuk/components/select/fixtures.json
16261 silly gunzTarPerm extractEntry defaults.js
16262 silly gunzTarPerm extractEntry fp/defaults.js
16263 silly gunzTarPerm extractEntry fp/defaultsAll.js
16264 silly gunzTarPerm extractEntry defaultsDeep.js
16265 silly gunzTarPerm extractEntry dist/govuk/components/service-navigation/fixtures.json
16266 silly gunzTarPerm extractEntry dist/govuk/components/skip-link/fixtures.json
16267 silly cache afterAdd readdirp@4.1.2
16268 verbose afterAdd /Users/andyporter/.npm/readdirp/4.1.2/package/package.json not in flight; writing
16269 verbose correctMkdir /Users/andyporter/.npm correctMkdir not in flight; initializing
16270 silly gunzTarPerm extractEntry fp/defaultsDeep.js
16271 silly gunzTarPerm extractEntry fp/defaultsDeepAll.js
16272 silly gunzTarPerm extractEntry dist/govuk/components/summary-list/fixtures.json
16273 silly gunzTarPerm extractEntry dist/govuk/components/table/fixtures.json
16274 verbose afterAdd /Users/andyporter/.npm/readdirp/4.1.2/package/package.json written
16275 silly gunzTarPerm extractEntry defaultTo.js
16276 silly gunzTarPerm extractEntry fp/defaultTo.js
16277 silly gunzTarPerm extractEntry dist/govuk/components/tabs/fixtures.json
16278 silly gunzTarPerm extractEntry dist/govuk/components/tag/fixtures.json
16279 silly gunzTarPerm extractEntry defer.js
16280 silly gunzTarPerm extractEntry fp/defer.js
16281 silly gunzTarPerm extractEntry dist/govuk/components/task-list/fixtures.json
16282 silly gunzTarPerm extractEntry dist/govuk/components/textarea/fixtures.json
16283 silly gunzTarPerm extractEntry delay.js
16284 silly gunzTarPerm extractEntry fp/delay.js
16285 silly gunzTarPerm extractEntry dist/govuk/components/warning-text/fixtures.json
16286 silly gunzTarPerm extractEntry govuk-prototype-kit.config.json
16287 verbose correctMkdir /Users/andyporter/.npm correctMkdir not in flight; initializing
16288 silly gunzTarPerm extractEntry difference.js
16289 silly gunzTarPerm extractEntry fp/difference.js
16290 silly gunzTarPerm extractEntry dist/govuk/components/accordion/macro-options.json
16291 silly gunzTarPerm extractEntry dist/govuk/components/back-link/macro-options.json
16292 silly gunzTarPerm extractEntry differenceBy.js
16293 silly gunzTarPerm extractEntry fp/differenceBy.js
16294 silly gunzTarPerm extractEntry dist/govuk/components/breadcrumbs/macro-options.json
16295 silly gunzTarPerm extractEntry dist/govuk/components/button/macro-options.json
16296 silly gunzTarPerm extractEntry differenceWith.js
16297 silly gunzTarPerm extractEntry fp/differenceWith.js
16298 silly gunzTarPerm extractEntry dist/govuk/components/character-count/macro-options.json
16299 silly gunzTarPerm extractEntry dist/govuk/components/checkboxes/macro-options.json
16300 silly cache afterAdd chokidar@4.0.3
16301 verbose afterAdd /Users/andyporter/.npm/chokidar/4.0.3/package/package.json not in flight; writing
16302 verbose correctMkdir /Users/andyporter/.npm correctMkdir not in flight; initializing
16303 silly gunzTarPerm extractEntry fp/dissoc.js
16304 silly gunzTarPerm extractEntry fp/dissocPath.js
16305 silly gunzTarPerm extractEntry dist/govuk/components/cookie-banner/macro-options.json
16306 silly gunzTarPerm extractEntry dist/govuk/components/date-input/macro-options.json
16307 verbose afterAdd /Users/andyporter/.npm/chokidar/4.0.3/package/package.json written
16308 silly gunzTarPerm extractEntry divide.js
16309 silly gunzTarPerm extractEntry fp/divide.js
16310 silly gunzTarPerm extractEntry dist/govuk/components/details/macro-options.json
16311 silly gunzTarPerm extractEntry dist/govuk/components/error-message/macro-options.json
16312 silly gunzTarPerm extractEntry drop.js
16313 silly gunzTarPerm extractEntry fp/drop.js
16314 silly gunzTarPerm extractEntry dist/govuk/components/error-summary/macro-options.json
16315 silly gunzTarPerm extractEntry dist/govuk/components/exit-this-page/macro-options.json
16316 silly gunzTarPerm extractEntry fp/dropLast.js
16317 silly gunzTarPerm extractEntry fp/dropLastWhile.js
16318 silly gunzTarPerm extractEntry dist/govuk/components/fieldset/macro-options.json
16319 silly gunzTarPerm extractEntry dist/govuk/components/file-upload/macro-options.json
16320 silly gunzTarPerm extractEntry dropRight.js
16321 silly gunzTarPerm extractEntry fp/dropRight.js
16322 silly gunzTarPerm extractEntry dist/govuk/components/footer/macro-options.json
16323 silly gunzTarPerm extractEntry dist/govuk/components/header/macro-options.json
16324 silly gunzTarPerm extractEntry dropRightWhile.js
16325 silly gunzTarPerm extractEntry fp/dropRightWhile.js
16326 silly gunzTarPerm extractEntry dist/govuk/components/hint/macro-options.json
16327 silly gunzTarPerm extractEntry dist/govuk/components/input/macro-options.json
16328 silly gunzTarPerm extractEntry dropWhile.js
16329 silly gunzTarPerm extractEntry fp/dropWhile.js
16330 silly gunzTarPerm extractEntry dist/govuk/components/inset-text/macro-options.json
16331 silly gunzTarPerm extractEntry dist/govuk/components/label/macro-options.json
16332 silly gunzTarPerm extractEntry each.js
16333 silly gunzTarPerm extractEntry fp/each.js
16334 silly gunzTarPerm extractEntry dist/govuk/components/notification-banner/macro-options.json
16335 silly gunzTarPerm extractEntry dist/govuk/components/pagination/macro-options.json
16336 silly gunzTarPerm extractEntry eachRight.js
16337 silly gunzTarPerm extractEntry fp/eachRight.js
16338 silly gunzTarPerm extractEntry dist/govuk/components/panel/macro-options.json
16339 silly gunzTarPerm extractEntry dist/govuk/components/password-input/macro-options.json
16340 silly gunzTarPerm extractEntry endsWith.js
16341 silly gunzTarPerm extractEntry fp/endsWith.js
16342 silly gunzTarPerm extractEntry dist/govuk/components/phase-banner/macro-options.json
16343 silly gunzTarPerm extractEntry dist/govuk/components/radios/macro-options.json
16344 silly gunzTarPerm extractEntry entries.js
16345 silly gunzTarPerm extractEntry fp/entries.js
16346 silly gunzTarPerm extractEntry dist/govuk/components/select/macro-options.json
16347 silly gunzTarPerm extractEntry dist/govuk/components/service-navigation/macro-options.json
16348 silly gunzTarPerm extractEntry dist/govuk/components/skip-link/macro-options.json
16349 silly gunzTarPerm extractEntry dist/govuk/components/summary-list/macro-options.json
16350 silly gunzTarPerm extractEntry entriesIn.js
16351 silly gunzTarPerm extractEntry fp/entriesIn.js
16352 silly gunzTarPerm extractEntry dist/govuk/components/table/macro-options.json
16353 silly gunzTarPerm extractEntry dist/govuk/components/tabs/macro-options.json
16354 silly gunzTarPerm extractEntry eq.js
16355 silly gunzTarPerm extractEntry fp/eq.js
16356 verbose correctMkdir /Users/andyporter/.npm correctMkdir not in flight; initializing
16357 silly gunzTarPerm extractEntry dist/govuk/components/tag/macro-options.json
16358 silly gunzTarPerm extractEntry dist/govuk/components/task-list/macro-options.json
16359 silly gunzTarPerm extractEntry fp/equals.js
16360 silly gunzTarPerm extractEntry escape.js
16361 silly gunzTarPerm extractEntry fp/escape.js
16362 silly gunzTarPerm extractEntry escapeRegExp.js
16363 silly gunzTarPerm extractEntry dist/govuk/components/textarea/macro-options.json
16364 silly gunzTarPerm extractEntry dist/govuk/components/warning-text/macro-options.json
16365 verbose correctMkdir /Users/andyporter/.npm correctMkdir not in flight; initializing
16366 silly cache afterAdd immutable@5.1.3
16367 verbose afterAdd /Users/andyporter/.npm/immutable/5.1.3/package/package.json not in flight; writing
16368 verbose correctMkdir /Users/andyporter/.npm correctMkdir not in flight; initializing
16369 silly gunzTarPerm extractEntry dist/govuk/assets/manifest.json
16370 silly gunzTarPerm extractEntry dist/govuk/assets/rebrand/manifest.json
16371 silly gunzTarPerm extractEntry fp/escapeRegExp.js
16372 silly gunzTarPerm extractEntry every.js
16373 verbose afterAdd /Users/andyporter/.npm/immutable/5.1.3/package/package.json written
16374 silly gunzTarPerm extractEntry fp/every.js
16375 silly gunzTarPerm extractEntry extend.js
16376 silly gunzTarPerm extractEntry package.json
16377 silly gunzTarPerm extractEntry dist/govuk/components/accordion/_accordion.scss.map
16378 silly gunzTarPerm extractEntry fp/extend.js
16379 silly gunzTarPerm extractEntry fp/extendAll.js
16380 silly cache afterAdd bs-recipes@1.3.4
16381 verbose afterAdd /Users/andyporter/.npm/bs-recipes/1.3.4/package/package.json not in flight; writing
16382 verbose correctMkdir /Users/andyporter/.npm correctMkdir not in flight; initializing
16383 silly gunzTarPerm extractEntry dist/govuk/components/_all.scss.map
16384 silly gunzTarPerm extractEntry dist/govuk/core/_all.scss.map
16385 silly gunzTarPerm extractEntry fp/extendAllWith.js
16386 silly gunzTarPerm extractEntry extendWith.js
16387 verbose afterAdd /Users/andyporter/.npm/bs-recipes/1.3.4/package/package.json written
16388 silly gunzTarPerm extractEntry dist/govuk/helpers/_all.scss.map
16389 silly gunzTarPerm extractEntry dist/govuk/objects/_all.scss.map
16390 silly gunzTarPerm extractEntry fp/extendWith.js
16391 silly gunzTarPerm extractEntry fp/F.js
16392 silly gunzTarPerm extractEntry dist/govuk/overrides/_all.scss.map
16393 silly gunzTarPerm extractEntry dist/govuk/settings/_all.scss.map
16394 silly gunzTarPerm extractEntry fill.js
16395 silly gunzTarPerm extractEntry fp/fill.js
16396 silly gunzTarPerm extractEntry dist/govuk/tools/_all.scss.map
16397 silly gunzTarPerm extractEntry dist/govuk/utilities/_all.scss.map
16398 silly gunzTarPerm extractEntry filter.js
16399 silly gunzTarPerm extractEntry fp/filter.js
16400 silly gunzTarPerm extractEntry dist/govuk/settings/_assets.scss.map
16401 silly gunzTarPerm extractEntry dist/govuk/components/back-link/_back-link.scss.map
16402 silly gunzTarPerm extractEntry find.js
16403 silly gunzTarPerm extractEntry fp/find.js
16404 silly gunzTarPerm extractEntry dist/govuk/_base.scss.map
16405 silly gunzTarPerm extractEntry dist/govuk/components/breadcrumbs/_breadcrumbs.scss.map
16406 silly gunzTarPerm extractEntry fp/findFrom.js
16407 silly gunzTarPerm extractEntry findIndex.js
16408 silly gunzTarPerm extractEntry dist/govuk/objects/_button-group.scss.map
16409 silly gunzTarPerm extractEntry dist/govuk/components/button/_button.scss.map
16410 verbose correctMkdir /Users/andyporter/.npm correctMkdir not in flight; initializing
16411 silly gunzTarPerm extractEntry fp/findIndex.js
16412 silly gunzTarPerm extractEntry fp/findIndexFrom.js
16413 silly gunzTarPerm extractEntry dist/govuk/components/character-count/_character-count.scss.map
16414 silly gunzTarPerm extractEntry dist/govuk/components/checkboxes/_checkboxes.scss.map
16415 silly gunzTarPerm extractEntry findKey.js
16416 silly gunzTarPerm extractEntry fp/findKey.js
16417 silly gunzTarPerm extractEntry dist/govuk/helpers/_clearfix.scss.map
16418 silly gunzTarPerm extractEntry dist/govuk/utilities/_clearfix.scss.map
16419 silly gunzTarPerm extractEntry findLast.js
16420 silly gunzTarPerm extractEntry fp/findLast.js
16421 silly gunzTarPerm extractEntry dist/govuk/helpers/_colour.scss.map
16422 silly gunzTarPerm extractEntry dist/govuk/settings/_colours-applied.scss.map
16423 silly cache afterAdd fs-extra@3.0.1
16424 verbose afterAdd /Users/andyporter/.npm/fs-extra/3.0.1/package/package.json not in flight; writing
16425 verbose correctMkdir /Users/andyporter/.npm correctMkdir not in flight; initializing
16426 silly gunzTarPerm extractEntry fp/findLastFrom.js
16427 silly gunzTarPerm extractEntry findLastIndex.js
16428 silly gunzTarPerm extractEntry dist/govuk/settings/_colours-organisations.scss.map
16429 silly gunzTarPerm extractEntry dist/govuk/settings/_colours-palette.scss.map
16430 verbose afterAdd /Users/andyporter/.npm/fs-extra/3.0.1/package/package.json written
16431 silly gunzTarPerm extractEntry fp/findLastIndex.js
16432 silly gunzTarPerm extractEntry fp/findLastIndexFrom.js
16433 silly gunzTarPerm extractEntry dist/govuk/components/cookie-banner/_cookie-banner.scss.map
16434 silly gunzTarPerm extractEntry dist/govuk/components/date-input/_date-input.scss.map
16435 silly gunzTarPerm extractEntry findLastKey.js
16436 silly gunzTarPerm extractEntry fp/findLastKey.js
16437 silly gunzTarPerm extractEntry dist/govuk/components/details/_details.scss.map
16438 silly gunzTarPerm extractEntry dist/govuk/helpers/_device-pixels.scss.map
16439 silly gunzTarPerm extractEntry first.js
16440 silly gunzTarPerm extractEntry fp/first.js
16441 silly gunzTarPerm extractEntry dist/govuk/overrides/_display.scss.map
16442 silly gunzTarPerm extractEntry dist/govuk/components/error-message/_error-message.scss.map
16443 silly gunzTarPerm extractEntry flatMap.js
16444 silly gunzTarPerm extractEntry fp/flatMap.js
16445 silly gunzTarPerm extractEntry dist/govuk/components/error-summary/_error-summary.scss.map
16446 silly gunzTarPerm extractEntry dist/govuk/components/exit-this-page/_exit-this-page.scss.map
16447 silly gunzTarPerm extractEntry flatMapDeep.js
16448 silly gunzTarPerm extractEntry fp/flatMapDeep.js
16449 silly gunzTarPerm extractEntry dist/govuk/tools/_exports.scss.map
16450 silly gunzTarPerm extractEntry dist/govuk/components/fieldset/_fieldset.scss.map
16451 silly gunzTarPerm extractEntry flatMapDepth.js
16452 silly gunzTarPerm extractEntry fp/flatMapDepth.js
16453 silly gunzTarPerm extractEntry dist/govuk/components/file-upload/_file-upload.scss.map
16454 silly gunzTarPerm extractEntry dist/govuk/helpers/_focused.scss.map
16455 silly gunzTarPerm extractEntry flatten.js
16456 silly gunzTarPerm extractEntry fp/flatten.js
16457 silly gunzTarPerm extractEntry dist/govuk/helpers/_font-faces.scss.map
16458 silly gunzTarPerm extractEntry dist/govuk/tools/_font-url.scss.map
16459 silly gunzTarPerm extractEntry flattenDeep.js
16460 silly gunzTarPerm extractEntry fp/flattenDeep.js
16461 silly gunzTarPerm extractEntry dist/govuk/components/footer/_footer.scss.map
16462 silly gunzTarPerm extractEntry dist/govuk/objects/_form-group.scss.map
16463 silly gunzTarPerm extractEntry flattenDepth.js
16464 silly gunzTarPerm extractEntry fp/flattenDepth.js
16465 silly gunzTarPerm extractEntry dist/govuk/core/_global-styles.scss.map
16466 silly gunzTarPerm extractEntry dist/govuk/settings/_global-styles.scss.map
16467 silly gunzTarPerm extractEntry flip.js
16468 silly gunzTarPerm extractEntry fp/flip.js
16469 silly gunzTarPerm extractEntry floor.js
16470 silly gunzTarPerm extractEntry fp/floor.js
16471 silly gunzTarPerm extractEntry dist/govuk/core/_govuk-frontend-properties.scss.map
16472 silly gunzTarPerm extractEntry dist/govuk/helpers/_grid.scss.map
16473 silly gunzTarPerm extractEntry dist/govuk/objects/_grid.scss.map
16474 silly gunzTarPerm extractEntry dist/govuk/components/header/_header.scss.map
16475 silly gunzTarPerm extractEntry flow.js
16476 silly gunzTarPerm extractEntry fp/flow.js
16477 silly gunzTarPerm extractEntry dist/govuk/components/hint/_hint.scss.map
16478 silly gunzTarPerm extractEntry dist/govuk/tools/_image-url.scss.map
16479 silly gunzTarPerm extractEntry flowRight.js
16480 silly gunzTarPerm extractEntry fp/flowRight.js
16481 silly gunzTarPerm extractEntry dist/govuk/components/_index.scss.map
16482 silly gunzTarPerm extractEntry dist/govuk/components/accordion/_index.scss.map
16483 silly gunzTarPerm extractEntry forEach.js
16484 silly gunzTarPerm extractEntry fp/forEach.js
16485 silly gunzTarPerm extractEntry forEachRight.js
16486 silly gunzTarPerm extractEntry fp/forEachRight.js
16487 silly gunzTarPerm extractEntry dist/govuk/components/back-link/_index.scss.map
16488 silly gunzTarPerm extractEntry dist/govuk/components/breadcrumbs/_index.scss.map
16489 silly gunzTarPerm extractEntry dist/govuk/components/button/_index.scss.map
16490 silly gunzTarPerm extractEntry dist/govuk/components/character-count/_index.scss.map
16491 silly gunzTarPerm extractEntry forIn.js
16492 silly gunzTarPerm extractEntry fp/forIn.js
16493 silly gunzTarPerm extractEntry forInRight.js
16494 silly gunzTarPerm extractEntry fp/forInRight.js
16495 silly gunzTarPerm extractEntry dist/govuk/components/checkboxes/_index.scss.map
16496 silly gunzTarPerm extractEntry dist/govuk/components/cookie-banner/_index.scss.map
16497 silly gunzTarPerm extractEntry forOwn.js
16498 silly gunzTarPerm extractEntry fp/forOwn.js
16499 silly gunzTarPerm extractEntry dist/govuk/components/date-input/_index.scss.map
16500 silly gunzTarPerm extractEntry dist/govuk/components/details/_index.scss.map
16501 silly gunzTarPerm extractEntry forOwnRight.js
16502 silly gunzTarPerm extractEntry fp/forOwnRight.js
16503 silly gunzTarPerm extractEntry dist/govuk/components/error-message/_index.scss.map
16504 silly gunzTarPerm extractEntry dist/govuk/components/error-summary/_index.scss.map
16505 silly gunzTarPerm extractEntry fp.js
16506 silly gunzTarPerm extractEntry fp/fromPairs.js
16507 silly gunzTarPerm extractEntry dist/govuk/components/exit-this-page/_index.scss.map
16508 silly gunzTarPerm extractEntry dist/govuk/components/fieldset/_index.scss.map
16509 silly gunzTarPerm extractEntry fromPairs.js
16510 silly gunzTarPerm extractEntry fp/function.js
16511 silly gunzTarPerm extractEntry dist/govuk/components/file-upload/_index.scss.map
16512 silly gunzTarPerm extractEntry dist/govuk/components/footer/_index.scss.map
16513 silly gunzTarPerm extractEntry function.js
16514 silly gunzTarPerm extractEntry fp/functions.js
16515 silly gunzTarPerm extractEntry dist/govuk/components/header/_index.scss.map
16516 silly gunzTarPerm extractEntry functions.js
16517 silly gunzTarPerm extractEntry fp/functionsIn.js
16518 silly gunzTarPerm extractEntry dist/govuk/components/hint/_index.scss.map
16519 silly gunzTarPerm extractEntry dist/govuk/components/input/_index.scss.map
16520 silly gunzTarPerm extractEntry dist/govuk/components/inset-text/_index.scss.map
16521 silly gunzTarPerm extractEntry functionsIn.js
16522 silly gunzTarPerm extractEntry fp/get.js
16523 silly gunzTarPerm extractEntry dist/govuk/components/label/_index.scss.map
16524 silly gunzTarPerm extractEntry dist/govuk/components/notification-banner/_index.scss.map
16525 silly gunzTarPerm extractEntry get.js
16526 silly gunzTarPerm extractEntry fp/getOr.js
16527 silly gunzTarPerm extractEntry dist/govuk/components/pagination/_index.scss.map
16528 silly gunzTarPerm extractEntry dist/govuk/components/panel/_index.scss.map
16529 silly gunzTarPerm extractEntry fp/groupBy.js
16530 silly gunzTarPerm extractEntry groupBy.js
16531 silly gunzTarPerm extractEntry dist/govuk/components/password-input/_index.scss.map
16532 silly gunzTarPerm extractEntry dist/govuk/components/phase-banner/_index.scss.map
16533 silly gunzTarPerm extractEntry fp/gt.js
16534 silly gunzTarPerm extractEntry gt.js
16535 silly gunzTarPerm extractEntry fp/gte.js
16536 silly gunzTarPerm extractEntry gte.js
16537 silly gunzTarPerm extractEntry dist/govuk/components/radios/_index.scss.map
16538 silly gunzTarPerm extractEntry dist/govuk/components/select/_index.scss.map
16539 silly gunzTarPerm extractEntry dist/govuk/components/service-navigation/_index.scss.map
16540 silly gunzTarPerm extractEntry dist/govuk/components/skip-link/_index.scss.map
16541 silly gunzTarPerm extractEntry fp/has.js
16542 silly gunzTarPerm extractEntry has.js
16543 silly gunzTarPerm extractEntry fp/hasIn.js
16544 silly gunzTarPerm extractEntry hasIn.js
16545 silly gunzTarPerm extractEntry dist/govuk/components/summary-list/_index.scss.map
16546 silly gunzTarPerm extractEntry dist/govuk/components/table/_index.scss.map
16547 silly gunzTarPerm extractEntry fp/head.js
16548 silly gunzTarPerm extractEntry head.js
16549 silly gunzTarPerm extractEntry dist/govuk/components/tabs/_index.scss.map
16550 silly gunzTarPerm extractEntry dist/govuk/components/tag/_index.scss.map
16551 silly gunzTarPerm extractEntry fp/identical.js
16552 silly gunzTarPerm extractEntry fp/identity.js
16553 silly gunzTarPerm extractEntry dist/govuk/components/task-list/_index.scss.map
16554 silly gunzTarPerm extractEntry dist/govuk/components/textarea/_index.scss.map
16555 silly gunzTarPerm extractEntry identity.js
16556 silly gunzTarPerm extractEntry fp/includes.js
16557 silly gunzTarPerm extractEntry dist/govuk/components/warning-text/_index.scss.map
16558 silly gunzTarPerm extractEntry dist/govuk/core/_index.scss.map
16559 silly gunzTarPerm extractEntry dist/govuk/helpers/_index.scss.map
16560 silly gunzTarPerm extractEntry dist/govuk/objects/_index.scss.map
16561 silly gunzTarPerm extractEntry includes.js
16562 silly gunzTarPerm extractEntry fp/includesFrom.js
16563 silly gunzTarPerm extractEntry index.js
16564 silly gunzTarPerm extractEntry fp/indexBy.js
16565 silly gunzTarPerm extractEntry dist/govuk/overrides/_index.scss.map
16566 silly gunzTarPerm extractEntry dist/govuk/settings/_index.scss.map
16567 silly gunzTarPerm extractEntry fp/indexOf.js
16568 silly gunzTarPerm extractEntry indexOf.js
16569 silly gunzTarPerm extractEntry dist/govuk/tools/_index.scss.map
16570 silly gunzTarPerm extractEntry dist/govuk/utilities/_index.scss.map
16571 silly gunzTarPerm extractEntry fp/indexOfFrom.js
16572 silly gunzTarPerm extractEntry fp/init.js
16573 silly gunzTarPerm extractEntry dist/govuk/components/input/_input.scss.map
16574 silly gunzTarPerm extractEntry dist/govuk/components/inset-text/_inset-text.scss.map
16575 silly gunzTarPerm extractEntry fp/initial.js
16576 silly gunzTarPerm extractEntry initial.js
16577 silly gunzTarPerm extractEntry dist/govuk/components/label/_label.scss.map
16578 silly gunzTarPerm extractEntry dist/govuk/core/_links.scss.map
16579 silly gunzTarPerm extractEntry fp/inRange.js
16580 silly gunzTarPerm extractEntry inRange.js
16581 silly gunzTarPerm extractEntry dist/govuk/helpers/_links.scss.map
16582 silly gunzTarPerm extractEntry dist/govuk/settings/_links.scss.map
16583 silly gunzTarPerm extractEntry fp/intersection.js
16584 silly gunzTarPerm extractEntry intersection.js
16585 silly gunzTarPerm extractEntry dist/govuk/core/_lists.scss.map
16586 silly gunzTarPerm extractEntry dist/govuk/objects/_main-wrapper.scss.map
16587 silly gunzTarPerm extractEntry dist/govuk/settings/_measurements.scss.map
16588 silly gunzTarPerm extractEntry dist/govuk/helpers/_media-queries.scss.map
16589 silly gunzTarPerm extractEntry fp/intersectionBy.js
16590 silly gunzTarPerm extractEntry intersectionBy.js
16591 silly gunzTarPerm extractEntry fp/intersectionWith.js
16592 silly gunzTarPerm extractEntry intersectionWith.js
16593 silly gunzTarPerm extractEntry dist/govuk/settings/_media-queries.scss.map
16594 silly gunzTarPerm extractEntry dist/govuk/components/notification-banner/_notification-banner.scss.map
16595 silly gunzTarPerm extractEntry dist/govuk/components/pagination/_pagination.scss.map
16596 silly gunzTarPerm extractEntry dist/govuk/components/panel/_panel.scss.map
16597 silly gunzTarPerm extractEntry fp/invert.js
16598 silly gunzTarPerm extractEntry invert.js
16599 silly gunzTarPerm extractEntry dist/govuk/components/password-input/_password-input.scss.map
16600 silly gunzTarPerm extractEntry dist/govuk/components/phase-banner/_phase-banner.scss.map
16601 silly gunzTarPerm extractEntry fp/invertBy.js
16602 silly gunzTarPerm extractEntry invertBy.js
16603 silly gunzTarPerm extractEntry fp/invertObj.js
16604 silly gunzTarPerm extractEntry fp/invoke.js
16605 silly gunzTarPerm extractEntry dist/govuk/tools/_px-to-em.scss.map
16606 silly gunzTarPerm extractEntry dist/govuk/tools/_px-to-rem.scss.map
16607 silly gunzTarPerm extractEntry invoke.js
16608 silly gunzTarPerm extractEntry fp/invokeArgs.js
16609 silly gunzTarPerm extractEntry dist/govuk/components/radios/_radios.scss.map
16610 silly gunzTarPerm extractEntry dist/govuk/tools/_rebrand.scss.map
16611 silly gunzTarPerm extractEntry fp/invokeArgsMap.js
16612 silly gunzTarPerm extractEntry fp/invokeMap.js
16613 silly gunzTarPerm extractEntry dist/govuk/vendor/_sass-mq.scss.map
16614 silly gunzTarPerm extractEntry dist/govuk/core/_section-break.scss.map
16615 silly gunzTarPerm extractEntry invokeMap.js
16616 silly gunzTarPerm extractEntry fp/isArguments.js
16617 silly gunzTarPerm extractEntry dist/govuk/components/select/_select.scss.map
16618 silly gunzTarPerm extractEntry dist/govuk/components/service-navigation/_service-navigation.scss.map
16619 silly gunzTarPerm extractEntry dist/govuk/helpers/_shape-arrow.scss.map
16620 silly gunzTarPerm extractEntry dist/govuk/components/skip-link/_skip-link.scss.map
16621 silly gunzTarPerm extractEntry isArguments.js
16622 silly gunzTarPerm extractEntry fp/isArray.js
16623 silly gunzTarPerm extractEntry isArray.js
16624 silly gunzTarPerm extractEntry fp/isArrayBuffer.js
16625 silly gunzTarPerm extractEntry dist/govuk/helpers/_spacing.scss.map
16626 silly gunzTarPerm extractEntry dist/govuk/overrides/_spacing.scss.map
16627 silly gunzTarPerm extractEntry dist/govuk/settings/_spacing.scss.map
16628 silly gunzTarPerm extractEntry dist/govuk/components/summary-list/_summary-list.scss.map
16629 silly gunzTarPerm extractEntry isArrayBuffer.js
16630 silly gunzTarPerm extractEntry fp/isArrayLike.js
16631 silly gunzTarPerm extractEntry isArrayLike.js
16632 silly gunzTarPerm extractEntry fp/isArrayLikeObject.js
16633 silly gunzTarPerm extractEntry dist/govuk/components/table/_table.scss.map
16634 silly gunzTarPerm extractEntry dist/govuk/components/tabs/_tabs.scss.map
16635 silly gunzTarPerm extractEntry isArrayLikeObject.js
16636 silly gunzTarPerm extractEntry fp/isBoolean.js
16637 silly gunzTarPerm extractEntry dist/govuk/components/tag/_tag.scss.map
16638 silly gunzTarPerm extractEntry dist/govuk/components/task-list/_task-list.scss.map
16639 silly gunzTarPerm extractEntry isBoolean.js
16640 silly gunzTarPerm extractEntry fp/isBuffer.js
16641 silly gunzTarPerm extractEntry dist/govuk/objects/_template.scss.map
16642 silly gunzTarPerm extractEntry dist/govuk/overrides/_text-align.scss.map
16643 silly gunzTarPerm extractEntry isBuffer.js
16644 silly gunzTarPerm extractEntry fp/isDate.js
16645 silly gunzTarPerm extractEntry dist/govuk/components/textarea/_textarea.scss.map
16646 silly gunzTarPerm extractEntry dist/govuk/settings/_typography-font.scss.map
16647 silly gunzTarPerm extractEntry isDate.js
16648 silly gunzTarPerm extractEntry fp/isElement.js
16649 silly gunzTarPerm extractEntry dist/govuk/settings/_typography-responsive.scss.map
16650 silly gunzTarPerm extractEntry dist/govuk/core/_typography.scss.map
16651 silly gunzTarPerm extractEntry isElement.js
16652 silly gunzTarPerm extractEntry fp/isEmpty.js
16653 silly gunzTarPerm extractEntry dist/govuk/helpers/_typography.scss.map
16654 silly gunzTarPerm extractEntry dist/govuk/overrides/_typography.scss.map
16655 silly gunzTarPerm extractEntry isEmpty.js
16656 silly gunzTarPerm extractEntry fp/isEqual.js
16657 silly gunzTarPerm extractEntry dist/govuk/helpers/_visually-hidden.scss.map
16658 silly gunzTarPerm extractEntry dist/govuk/utilities/_visually-hidden.scss.map
16659 silly gunzTarPerm extractEntry isEqual.js
16660 silly gunzTarPerm extractEntry fp/isEqualWith.js
16661 silly gunzTarPerm extractEntry dist/govuk/components/warning-text/_warning-text.scss.map
16662 silly gunzTarPerm extractEntry dist/govuk/settings/_warnings.scss.map
16663 silly gunzTarPerm extractEntry isEqualWith.js
16664 silly gunzTarPerm extractEntry fp/isError.js
16665 silly gunzTarPerm extractEntry dist/govuk/objects/_width-container.scss.map
16666 silly gunzTarPerm extractEntry dist/govuk/overrides/_width.scss.map
16667 silly gunzTarPerm extractEntry isError.js
16668 silly gunzTarPerm extractEntry fp/isFinite.js
16669 silly gunzTarPerm extractEntry dist/govuk/components/accordion/accordion.bundle.js.map
16670 silly gunzTarPerm extractEntry dist/govuk/components/accordion/accordion.bundle.mjs.map
16671 silly gunzTarPerm extractEntry isFinite.js
16672 silly gunzTarPerm extractEntry fp/isFunction.js
16673 silly gunzTarPerm extractEntry dist/govuk/components/accordion/accordion.mjs.map
16674 silly gunzTarPerm extractEntry dist/govuk/all.bundle.js.map
16675 silly gunzTarPerm extractEntry isFunction.js
16676 silly gunzTarPerm extractEntry fp/isInteger.js
16677 silly gunzTarPerm extractEntry dist/govuk/all.bundle.mjs.map
16678 silly gunzTarPerm extractEntry isInteger.js
16679 silly gunzTarPerm extractEntry fp/isLength.js
16680 silly gunzTarPerm extractEntry isLength.js
16681 silly gunzTarPerm extractEntry fp/isMap.js
16682 silly gunzTarPerm extractEntry dist/govuk/all.mjs.map
16683 silly gunzTarPerm extractEntry isMap.js
16684 silly gunzTarPerm extractEntry fp/isMatch.js
16685 silly gunzTarPerm extractEntry dist/govuk/all.scss.map
16686 silly gunzTarPerm extractEntry dist/govuk/components/button/button.bundle.js.map
16687 silly gunzTarPerm extractEntry isMatch.js
16688 silly gunzTarPerm extractEntry fp/isMatchWith.js
16689 silly gunzTarPerm extractEntry dist/govuk/components/button/button.bundle.mjs.map
16690 silly gunzTarPerm extractEntry isMatchWith.js
16691 silly gunzTarPerm extractEntry fp/isNaN.js
16692 silly gunzTarPerm extractEntry dist/govuk/components/button/button.mjs.map
16693 silly gunzTarPerm extractEntry dist/govuk/components/character-count/character-count.bundle.js.map
16694 silly gunzTarPerm extractEntry isNaN.js
16695 silly gunzTarPerm extractEntry fp/isNative.js
16696 silly gunzTarPerm extractEntry dist/govuk/components/character-count/character-count.bundle.mjs.map
16697 silly gunzTarPerm extractEntry isNative.js
16698 silly gunzTarPerm extractEntry dist/govuk/components/character-count/character-count.mjs.map
16699 silly gunzTarPerm extractEntry dist/govuk/components/checkboxes/checkboxes.bundle.js.map
16700 silly gunzTarPerm extractEntry fp/isNil.js
16701 silly gunzTarPerm extractEntry isNil.js
16702 silly gunzTarPerm extractEntry fp/isNull.js
16703 silly gunzTarPerm extractEntry dist/govuk/components/checkboxes/checkboxes.bundle.mjs.map
16704 silly gunzTarPerm extractEntry dist/govuk/components/checkboxes/checkboxes.mjs.map
16705 silly gunzTarPerm extractEntry dist/govuk/common/closest-attribute-value.mjs.map
16706 silly gunzTarPerm extractEntry dist/govuk/component.mjs.map
16707 silly gunzTarPerm extractEntry isNull.js
16708 silly gunzTarPerm extractEntry fp/isNumber.js
16709 silly gunzTarPerm extractEntry isNumber.js
16710 silly gunzTarPerm extractEntry fp/isObject.js
16711 silly gunzTarPerm extractEntry dist/govuk/common/configuration.mjs.map
16712 silly gunzTarPerm extractEntry dist/govuk/components/error-summary/error-summary.bundle.js.map
16713 silly gunzTarPerm extractEntry isObject.js
16714 silly gunzTarPerm extractEntry fp/isObjectLike.js
16715 silly gunzTarPerm extractEntry dist/govuk/components/error-summary/error-summary.bundle.mjs.map
16716 silly gunzTarPerm extractEntry dist/govuk/components/error-summary/error-summary.mjs.map
16717 silly gunzTarPerm extractEntry isObjectLike.js
16718 silly gunzTarPerm extractEntry fp/isPlainObject.js
16719 silly gunzTarPerm extractEntry isPlainObject.js
16720 silly gunzTarPerm extractEntry fp/isRegExp.js
16721 silly gunzTarPerm extractEntry dist/govuk/components/exit-this-page/exit-this-page.bundle.js.map
16722 silly gunzTarPerm extractEntry dist/govuk/components/exit-this-page/exit-this-page.bundle.mjs.map
16723 silly gunzTarPerm extractEntry dist/govuk/components/exit-this-page/exit-this-page.mjs.map
16724 silly gunzTarPerm extractEntry isRegExp.js
16725 silly gunzTarPerm extractEntry fp/isSafeInteger.js
16726 silly gunzTarPerm extractEntry isSafeInteger.js
16727 silly gunzTarPerm extractEntry fp/isSet.js
16728 silly gunzTarPerm extractEntry dist/govuk/components/file-upload/file-upload.bundle.js.map
16729 silly gunzTarPerm extractEntry dist/govuk/components/file-upload/file-upload.bundle.mjs.map
16730 silly gunzTarPerm extractEntry isSet.js
16731 silly gunzTarPerm extractEntry fp/isString.js
16732 silly gunzTarPerm extractEntry dist/govuk/components/file-upload/file-upload.mjs.map
16733 silly gunzTarPerm extractEntry dist/govuk/common/govuk-frontend-version.mjs.map
16734 silly gunzTarPerm extractEntry dist/govuk/govuk-frontend.min.css.map
16735 silly gunzTarPerm extractEntry isString.js
16736 silly gunzTarPerm extractEntry fp/isSymbol.js
16737 silly gunzTarPerm extractEntry isSymbol.js
16738 silly gunzTarPerm extractEntry fp/isTypedArray.js
16739 silly gunzTarPerm extractEntry isTypedArray.js
16740 silly gunzTarPerm extractEntry fp/isUndefined.js
16741 silly gunzTarPerm extractEntry dist/govuk/govuk-frontend.min.js.map
16742 silly gunzTarPerm extractEntry isUndefined.js
16743 silly gunzTarPerm extractEntry fp/isWeakMap.js
16744 silly gunzTarPerm extractEntry isWeakMap.js
16745 silly gunzTarPerm extractEntry fp/isWeakSet.js
16746 silly gunzTarPerm extractEntry dist/govuk/components/header/header.bundle.js.map
16747 silly gunzTarPerm extractEntry isWeakSet.js
16748 silly gunzTarPerm extractEntry fp/iteratee.js
16749 silly gunzTarPerm extractEntry dist/govuk/components/header/header.bundle.mjs.map
16750 silly gunzTarPerm extractEntry dist/govuk/components/header/header.mjs.map
16751 silly gunzTarPerm extractEntry dist/govuk/i18n.mjs.map
16752 silly gunzTarPerm extractEntry iteratee.js
16753 silly gunzTarPerm extractEntry fp/join.js
16754 silly gunzTarPerm extractEntry join.js
16755 silly gunzTarPerm extractEntry fp/juxt.js
16756 silly gunzTarPerm extractEntry dist/govuk/common/index.mjs.map
16757 silly gunzTarPerm extractEntry fp/kebabCase.js
16758 silly gunzTarPerm extractEntry kebabCase.js
16759 silly gunzTarPerm extractEntry dist/govuk/errors/index.mjs.map
16760 silly gunzTarPerm extractEntry dist/govuk/index.scss.map
16761 silly gunzTarPerm extractEntry fp/keyBy.js
16762 silly gunzTarPerm extractEntry keyBy.js
16763 silly gunzTarPerm extractEntry dist/govuk/init.mjs.map
16764 silly gunzTarPerm extractEntry dist/govuk-prototype-kit/init.scss.map
16765 silly gunzTarPerm extractEntry dist/govuk/components/notification-banner/notification-banner.bundle.js.map
16766 silly gunzTarPerm extractEntry dist/govuk/components/notification-banner/notification-banner.bundle.mjs.map
16767 silly gunzTarPerm extractEntry fp/keys.js
16768 silly gunzTarPerm extractEntry keys.js
16769 silly gunzTarPerm extractEntry fp/keysIn.js
16770 silly gunzTarPerm extractEntry keysIn.js
16771 silly gunzTarPerm extractEntry dist/govuk/components/notification-banner/notification-banner.mjs.map
16772 silly gunzTarPerm extractEntry dist/govuk/components/password-input/password-input.bundle.js.map
16773 silly gunzTarPerm extractEntry fp/lang.js
16774 silly gunzTarPerm extractEntry lang.js
16775 silly gunzTarPerm extractEntry dist/govuk/components/password-input/password-input.bundle.mjs.map
16776 silly gunzTarPerm extractEntry dist/govuk/components/password-input/password-input.mjs.map
16777 silly gunzTarPerm extractEntry fp/last.js
16778 silly gunzTarPerm extractEntry last.js
16779 silly gunzTarPerm extractEntry dist/govuk/components/radios/radios.bundle.js.map
16780 silly gunzTarPerm extractEntry dist/govuk/components/radios/radios.bundle.mjs.map
16781 silly gunzTarPerm extractEntry fp/lastIndexOf.js
16782 silly gunzTarPerm extractEntry lastIndexOf.js
16783 silly gunzTarPerm extractEntry dist/govuk/components/radios/radios.mjs.map
16784 silly gunzTarPerm extractEntry dist/govuk/components/service-navigation/service-navigation.bundle.js.map
16785 silly gunzTarPerm extractEntry fp/lastIndexOfFrom.js
16786 silly gunzTarPerm extractEntry lodash.js
16787 silly gunzTarPerm extractEntry dist/govuk/components/service-navigation/service-navigation.bundle.mjs.map
16788 silly gunzTarPerm extractEntry dist/govuk/components/service-navigation/service-navigation.mjs.map
16789 silly gunzTarPerm extractEntry lodash.min.js
16790 silly gunzTarPerm extractEntry dist/govuk/components/skip-link/skip-link.bundle.js.map
16791 silly gunzTarPerm extractEntry dist/govuk/components/skip-link/skip-link.bundle.mjs.map
16792 silly gunzTarPerm extractEntry fp/lowerCase.js
16793 silly gunzTarPerm extractEntry lowerCase.js
16794 silly gunzTarPerm extractEntry dist/govuk/components/skip-link/skip-link.mjs.map
16795 silly gunzTarPerm extractEntry dist/govuk/components/tabs/tabs.bundle.js.map
16796 silly gunzTarPerm extractEntry fp/lowerFirst.js
16797 silly gunzTarPerm extractEntry lowerFirst.js
16798 silly gunzTarPerm extractEntry dist/govuk/components/tabs/tabs.bundle.mjs.map
16799 silly gunzTarPerm extractEntry dist/govuk/components/tabs/tabs.mjs.map
16800 silly gunzTarPerm extractEntry dist/govuk/components/details/implementation.md
16801 silly gunzTarPerm extractEntry dist/govuk/components/accordion/README.md
16802 silly gunzTarPerm extractEntry fp/lt.js
16803 silly gunzTarPerm extractEntry lt.js
16804 silly gunzTarPerm extractEntry dist/govuk/components/back-link/README.md
16805 silly gunzTarPerm extractEntry dist/govuk/components/breadcrumbs/README.md
16806 silly gunzTarPerm extractEntry fp/lte.js
16807 silly gunzTarPerm extractEntry lte.js
16808 silly gunzTarPerm extractEntry dist/govuk/components/button/README.md
16809 silly gunzTarPerm extractEntry dist/govuk/components/character-count/README.md
16810 silly gunzTarPerm extractEntry fp/map.js
16811 silly gunzTarPerm extractEntry map.js
16812 silly gunzTarPerm extractEntry dist/govuk/components/checkboxes/README.md
16813 silly gunzTarPerm extractEntry dist/govuk/components/cookie-banner/README.md
16814 silly gunzTarPerm extractEntry fp/mapKeys.js
16815 silly gunzTarPerm extractEntry mapKeys.js
16816 silly gunzTarPerm extractEntry dist/govuk/components/date-input/README.md
16817 silly gunzTarPerm extractEntry dist/govuk/components/details/README.md
16818 silly gunzTarPerm extractEntry fp/mapValues.js
16819 silly gunzTarPerm extractEntry mapValues.js
16820 silly gunzTarPerm extractEntry fp/matches.js
16821 silly gunzTarPerm extractEntry matches.js
16822 silly gunzTarPerm extractEntry fp/matchesProperty.js
16823 silly gunzTarPerm extractEntry matchesProperty.js
16824 silly gunzTarPerm extractEntry fp/math.js
16825 silly gunzTarPerm extractEntry math.js
16826 silly gunzTarPerm extractEntry fp/max.js
16827 silly gunzTarPerm extractEntry max.js
16828 silly gunzTarPerm extractEntry fp/maxBy.js
16829 silly gunzTarPerm extractEntry maxBy.js
16830 silly gunzTarPerm extractEntry fp/mean.js
16831 silly gunzTarPerm extractEntry mean.js
16832 silly gunzTarPerm extractEntry fp/meanBy.js
16833 silly gunzTarPerm extractEntry meanBy.js
16834 silly gunzTarPerm extractEntry fp/memoize.js
16835 silly gunzTarPerm extractEntry memoize.js
16836 silly gunzTarPerm extractEntry fp/merge.js
16837 silly gunzTarPerm extractEntry merge.js
16838 silly gunzTarPerm extractEntry fp/mergeAll.js
16839 silly gunzTarPerm extractEntry fp/mergeAllWith.js
16840 silly gunzTarPerm extractEntry fp/mergeWith.js
16841 silly gunzTarPerm extractEntry mergeWith.js
16842 silly gunzTarPerm extractEntry fp/method.js
16843 silly gunzTarPerm extractEntry method.js
16844 silly gunzTarPerm extractEntry fp/methodOf.js
16845 silly gunzTarPerm extractEntry methodOf.js
16846 silly gunzTarPerm extractEntry fp/min.js
16847 silly gunzTarPerm extractEntry min.js
16848 silly gunzTarPerm extractEntry fp/minBy.js
16849 silly gunzTarPerm extractEntry minBy.js
16850 silly gunzTarPerm extractEntry fp/mixin.js
16851 silly gunzTarPerm extractEntry mixin.js
16852 silly gunzTarPerm extractEntry fp/multiply.js
16853 silly gunzTarPerm extractEntry multiply.js
16854 silly gunzTarPerm extractEntry fp/nAry.js
16855 silly gunzTarPerm extractEntry fp/negate.js
16856 silly gunzTarPerm extractEntry negate.js
16857 silly gunzTarPerm extractEntry fp/next.js
16858 silly gunzTarPerm extractEntry next.js
16859 silly gunzTarPerm extractEntry fp/noop.js
16860 silly gunzTarPerm extractEntry noop.js
16861 silly gunzTarPerm extractEntry fp/now.js
16862 silly gunzTarPerm extractEntry now.js
16863 silly gunzTarPerm extractEntry fp/nth.js
16864 silly gunzTarPerm extractEntry nth.js
16865 silly gunzTarPerm extractEntry fp/nthArg.js
16866 silly gunzTarPerm extractEntry nthArg.js
16867 silly gunzTarPerm extractEntry fp/number.js
16868 silly gunzTarPerm extractEntry number.js
16869 silly gunzTarPerm extractEntry fp/object.js
16870 silly gunzTarPerm extractEntry object.js
16871 silly gunzTarPerm extractEntry fp/omit.js
16872 silly gunzTarPerm extractEntry omit.js
16873 silly gunzTarPerm extractEntry fp/omitAll.js
16874 silly gunzTarPerm extractEntry fp/omitBy.js
16875 silly gunzTarPerm extractEntry omitBy.js
16876 silly gunzTarPerm extractEntry fp/once.js
16877 silly gunzTarPerm extractEntry once.js
16878 silly gunzTarPerm extractEntry fp/orderBy.js
16879 silly gunzTarPerm extractEntry orderBy.js
16880 silly gunzTarPerm extractEntry fp/over.js
16881 silly gunzTarPerm extractEntry over.js
16882 silly gunzTarPerm extractEntry fp/overArgs.js
16883 silly gunzTarPerm extractEntry overArgs.js
16884 silly gunzTarPerm extractEntry fp/overEvery.js
16885 silly gunzTarPerm extractEntry overEvery.js
16886 silly gunzTarPerm extractEntry fp/overSome.js
16887 silly gunzTarPerm extractEntry overSome.js
16888 silly gunzTarPerm extractEntry fp/pad.js
16889 silly gunzTarPerm extractEntry pad.js
16890 silly gunzTarPerm extractEntry fp/padChars.js
16891 silly gunzTarPerm extractEntry fp/padCharsEnd.js
16892 silly gunzTarPerm extractEntry fp/padCharsStart.js
16893 silly gunzTarPerm extractEntry fp/padEnd.js
16894 silly gunzTarPerm extractEntry padEnd.js
16895 silly gunzTarPerm extractEntry fp/padStart.js
16896 silly gunzTarPerm extractEntry padStart.js
16897 silly gunzTarPerm extractEntry fp/parseInt.js
16898 silly gunzTarPerm extractEntry parseInt.js
16899 silly gunzTarPerm extractEntry fp/partial.js
16900 silly gunzTarPerm extractEntry partial.js
16901 silly gunzTarPerm extractEntry fp/partialRight.js
16902 silly gunzTarPerm extractEntry partialRight.js
16903 silly gunzTarPerm extractEntry fp/partition.js
16904 silly gunzTarPerm extractEntry partition.js
16905 silly gunzTarPerm extractEntry fp/path.js
16906 silly gunzTarPerm extractEntry fp/pathEq.js
16907 silly gunzTarPerm extractEntry fp/pathOr.js
16908 silly gunzTarPerm extractEntry fp/paths.js
16909 silly gunzTarPerm extractEntry fp/pick.js
16910 silly gunzTarPerm extractEntry pick.js
16911 silly gunzTarPerm extractEntry fp/pickAll.js
16912 silly gunzTarPerm extractEntry fp/pickBy.js
16913 silly gunzTarPerm extractEntry pickBy.js
16914 silly gunzTarPerm extractEntry fp/pipe.js
16915 silly gunzTarPerm extractEntry fp/placeholder.js
16916 silly gunzTarPerm extractEntry fp/plant.js
16917 silly gunzTarPerm extractEntry plant.js
16918 silly gunzTarPerm extractEntry fp/pluck.js
16919 silly gunzTarPerm extractEntry fp/prop.js
16920 silly gunzTarPerm extractEntry fp/propEq.js
16921 silly gunzTarPerm extractEntry fp/property.js
16922 silly gunzTarPerm extractEntry property.js
16923 silly gunzTarPerm extractEntry fp/propertyOf.js
16924 silly gunzTarPerm extractEntry propertyOf.js
16925 silly gunzTarPerm extractEntry fp/propOr.js
16926 silly gunzTarPerm extractEntry fp/props.js
16927 silly gunzTarPerm extractEntry fp/pull.js
16928 silly gunzTarPerm extractEntry pull.js
16929 silly gunzTarPerm extractEntry fp/pullAll.js
16930 silly gunzTarPerm extractEntry pullAll.js
16931 silly gunzTarPerm extractEntry fp/pullAllBy.js
16932 silly gunzTarPerm extractEntry pullAllBy.js
16933 silly gunzTarPerm extractEntry fp/pullAllWith.js
16934 silly gunzTarPerm extractEntry pullAllWith.js
16935 silly gunzTarPerm extractEntry fp/pullAt.js
16936 silly gunzTarPerm extractEntry pullAt.js
16937 silly gunzTarPerm extractEntry fp/random.js
16938 silly gunzTarPerm extractEntry random.js
16939 silly gunzTarPerm extractEntry fp/range.js
16940 silly gunzTarPerm extractEntry range.js
16941 silly gunzTarPerm extractEntry fp/rangeRight.js
16942 silly gunzTarPerm extractEntry rangeRight.js
16943 silly gunzTarPerm extractEntry fp/rangeStep.js
16944 silly gunzTarPerm extractEntry fp/rangeStepRight.js
16945 silly gunzTarPerm extractEntry fp/rearg.js
16946 silly gunzTarPerm extractEntry rearg.js
16947 silly gunzTarPerm extractEntry fp/reduce.js
16948 silly gunzTarPerm extractEntry reduce.js
16949 silly gunzTarPerm extractEntry fp/reduceRight.js
16950 silly gunzTarPerm extractEntry reduceRight.js
16951 silly gunzTarPerm extractEntry fp/reject.js
16952 silly gunzTarPerm extractEntry reject.js
16953 silly gunzTarPerm extractEntry fp/remove.js
16954 silly gunzTarPerm extractEntry remove.js
16955 silly gunzTarPerm extractEntry fp/repeat.js
16956 silly gunzTarPerm extractEntry repeat.js
16957 silly gunzTarPerm extractEntry fp/replace.js
16958 silly gunzTarPerm extractEntry replace.js
16959 silly gunzTarPerm extractEntry fp/rest.js
16960 silly gunzTarPerm extractEntry rest.js
16961 silly gunzTarPerm extractEntry fp/restFrom.js
16962 silly gunzTarPerm extractEntry fp/result.js
16963 silly gunzTarPerm extractEntry result.js
16964 silly gunzTarPerm extractEntry fp/reverse.js
16965 silly gunzTarPerm extractEntry reverse.js
16966 silly gunzTarPerm extractEntry fp/round.js
16967 silly gunzTarPerm extractEntry round.js
16968 silly gunzTarPerm extractEntry fp/sample.js
16969 silly gunzTarPerm extractEntry sample.js
16970 silly gunzTarPerm extractEntry fp/sampleSize.js
16971 silly gunzTarPerm extractEntry sampleSize.js
16972 silly gunzTarPerm extractEntry fp/seq.js
16973 silly gunzTarPerm extractEntry seq.js
16974 silly gunzTarPerm extractEntry fp/set.js
16975 silly gunzTarPerm extractEntry set.js
16976 silly gunzTarPerm extractEntry fp/setWith.js
16977 silly gunzTarPerm extractEntry setWith.js
16978 silly gunzTarPerm extractEntry fp/shuffle.js
16979 silly gunzTarPerm extractEntry shuffle.js
16980 silly gunzTarPerm extractEntry fp/size.js
16981 silly gunzTarPerm extractEntry size.js
16982 silly gunzTarPerm extractEntry fp/slice.js
16983 silly gunzTarPerm extractEntry slice.js
16984 silly gunzTarPerm extractEntry fp/snakeCase.js
16985 silly gunzTarPerm extractEntry snakeCase.js
16986 silly gunzTarPerm extractEntry fp/some.js
16987 silly gunzTarPerm extractEntry some.js
16988 silly gunzTarPerm extractEntry fp/sortBy.js
16989 silly gunzTarPerm extractEntry sortBy.js
16990 silly gunzTarPerm extractEntry fp/sortedIndex.js
16991 silly gunzTarPerm extractEntry sortedIndex.js
16992 silly gunzTarPerm extractEntry fp/sortedIndexBy.js
16993 silly gunzTarPerm extractEntry sortedIndexBy.js
16994 silly gunzTarPerm extractEntry fp/sortedIndexOf.js
16995 silly gunzTarPerm extractEntry sortedIndexOf.js
16996 silly gunzTarPerm extractEntry fp/sortedLastIndex.js
16997 silly gunzTarPerm extractEntry sortedLastIndex.js
16998 silly gunzTarPerm extractEntry fp/sortedLastIndexBy.js
16999 silly gunzTarPerm extractEntry sortedLastIndexBy.js
17000 silly gunzTarPerm extractEntry fp/sortedLastIndexOf.js
17001 silly gunzTarPerm extractEntry sortedLastIndexOf.js
17002 silly gunzTarPerm extractEntry fp/sortedUniq.js
17003 silly gunzTarPerm extractEntry sortedUniq.js
17004 silly gunzTarPerm extractEntry fp/sortedUniqBy.js
17005 silly gunzTarPerm extractEntry sortedUniqBy.js
17006 silly gunzTarPerm extractEntry fp/split.js
17007 silly gunzTarPerm extractEntry split.js
17008 silly gunzTarPerm extractEntry fp/spread.js
17009 silly gunzTarPerm extractEntry spread.js
17010 silly gunzTarPerm extractEntry fp/spreadFrom.js
17011 silly gunzTarPerm extractEntry fp/startCase.js
17012 silly gunzTarPerm extractEntry startCase.js
17013 silly gunzTarPerm extractEntry fp/startsWith.js
17014 silly gunzTarPerm extractEntry startsWith.js
17015 silly gunzTarPerm extractEntry fp/string.js
17016 silly gunzTarPerm extractEntry string.js
17017 silly gunzTarPerm extractEntry fp/stubArray.js
17018 silly gunzTarPerm extractEntry stubArray.js
17019 silly gunzTarPerm extractEntry fp/stubFalse.js
17020 silly gunzTarPerm extractEntry stubFalse.js
17021 silly gunzTarPerm extractEntry fp/stubObject.js
17022 silly gunzTarPerm extractEntry stubObject.js
17023 silly gunzTarPerm extractEntry fp/stubString.js
17024 silly gunzTarPerm extractEntry stubString.js
17025 silly gunzTarPerm extractEntry fp/stubTrue.js
17026 silly gunzTarPerm extractEntry stubTrue.js
17027 silly gunzTarPerm extractEntry fp/subtract.js
17028 silly gunzTarPerm extractEntry subtract.js
17029 silly gunzTarPerm extractEntry fp/sum.js
17030 silly gunzTarPerm extractEntry sum.js
17031 silly gunzTarPerm extractEntry fp/sumBy.js
17032 silly gunzTarPerm extractEntry sumBy.js
17033 silly gunzTarPerm extractEntry fp/symmetricDifference.js
17034 silly gunzTarPerm extractEntry fp/symmetricDifferenceBy.js
17035 silly gunzTarPerm extractEntry fp/symmetricDifferenceWith.js
17036 silly gunzTarPerm extractEntry fp/T.js
17037 silly gunzTarPerm extractEntry fp/tail.js
17038 silly gunzTarPerm extractEntry tail.js
17039 silly gunzTarPerm extractEntry fp/take.js
17040 silly gunzTarPerm extractEntry take.js
17041 silly gunzTarPerm extractEntry fp/takeLast.js
17042 silly gunzTarPerm extractEntry fp/takeLastWhile.js
17043 silly gunzTarPerm extractEntry fp/takeRight.js
17044 silly gunzTarPerm extractEntry takeRight.js
17045 silly gunzTarPerm extractEntry fp/takeRightWhile.js
17046 silly gunzTarPerm extractEntry takeRightWhile.js
17047 silly gunzTarPerm extractEntry fp/takeWhile.js
17048 silly gunzTarPerm extractEntry takeWhile.js
17049 silly gunzTarPerm extractEntry fp/tap.js
17050 silly gunzTarPerm extractEntry tap.js
17051 silly gunzTarPerm extractEntry fp/template.js
17052 silly gunzTarPerm extractEntry template.js
17053 silly gunzTarPerm extractEntry fp/templateSettings.js
17054 silly gunzTarPerm extractEntry templateSettings.js
17055 silly gunzTarPerm extractEntry fp/throttle.js
17056 silly gunzTarPerm extractEntry throttle.js
17057 silly gunzTarPerm extractEntry fp/thru.js
17058 silly gunzTarPerm extractEntry thru.js
17059 silly gunzTarPerm extractEntry fp/times.js
17060 silly gunzTarPerm extractEntry times.js
17061 silly gunzTarPerm extractEntry fp/toArray.js
17062 silly gunzTarPerm extractEntry toArray.js
17063 silly gunzTarPerm extractEntry fp/toFinite.js
17064 silly gunzTarPerm extractEntry toFinite.js
17065 silly gunzTarPerm extractEntry fp/toInteger.js
17066 silly gunzTarPerm extractEntry toInteger.js
17067 silly gunzTarPerm extractEntry fp/toIterator.js
17068 silly gunzTarPerm extractEntry toIterator.js
17069 silly gunzTarPerm extractEntry fp/toJSON.js
17070 silly gunzTarPerm extractEntry toJSON.js
17071 silly gunzTarPerm extractEntry fp/toLength.js
17072 silly gunzTarPerm extractEntry toLength.js
17073 silly gunzTarPerm extractEntry fp/toLower.js
17074 silly gunzTarPerm extractEntry toLower.js
17075 silly gunzTarPerm extractEntry fp/toNumber.js
17076 silly gunzTarPerm extractEntry toNumber.js
17077 silly gunzTarPerm extractEntry fp/toPairs.js
17078 silly gunzTarPerm extractEntry toPairs.js
17079 silly gunzTarPerm extractEntry fp/toPairsIn.js
17080 silly gunzTarPerm extractEntry toPairsIn.js
17081 silly gunzTarPerm extractEntry fp/toPath.js
17082 silly gunzTarPerm extractEntry toPath.js
17083 silly gunzTarPerm extractEntry fp/toPlainObject.js
17084 silly gunzTarPerm extractEntry toPlainObject.js
17085 silly gunzTarPerm extractEntry fp/toSafeInteger.js
17086 silly gunzTarPerm extractEntry toSafeInteger.js
17087 silly gunzTarPerm extractEntry fp/toString.js
17088 silly gunzTarPerm extractEntry toString.js
17089 silly gunzTarPerm extractEntry fp/toUpper.js
17090 silly gunzTarPerm extractEntry toUpper.js
17091 silly gunzTarPerm extractEntry fp/transform.js
17092 silly gunzTarPerm extractEntry transform.js
17093 silly gunzTarPerm extractEntry fp/trim.js
17094 silly gunzTarPerm extractEntry trim.js
17095 silly gunzTarPerm extractEntry fp/trimChars.js
17096 silly gunzTarPerm extractEntry fp/trimCharsEnd.js
17097 silly gunzTarPerm extractEntry fp/trimCharsStart.js
17098 silly gunzTarPerm extractEntry fp/trimEnd.js
17099 silly gunzTarPerm extractEntry trimEnd.js
17100 silly gunzTarPerm extractEntry fp/trimStart.js
17101 silly gunzTarPerm extractEntry trimStart.js
17102 silly gunzTarPerm extractEntry fp/truncate.js
17103 silly gunzTarPerm extractEntry truncate.js
17104 silly gunzTarPerm extractEntry fp/unapply.js
17105 silly gunzTarPerm extractEntry fp/unary.js
17106 silly gunzTarPerm extractEntry unary.js
17107 silly gunzTarPerm extractEntry fp/unescape.js
17108 silly gunzTarPerm extractEntry unescape.js
17109 silly gunzTarPerm extractEntry fp/union.js
17110 silly gunzTarPerm extractEntry union.js
17111 silly gunzTarPerm extractEntry fp/unionBy.js
17112 silly gunzTarPerm extractEntry unionBy.js
17113 silly gunzTarPerm extractEntry fp/unionWith.js
17114 silly gunzTarPerm extractEntry unionWith.js
17115 silly gunzTarPerm extractEntry fp/uniq.js
17116 silly gunzTarPerm extractEntry uniq.js
17117 silly gunzTarPerm extractEntry fp/uniqBy.js
17118 silly gunzTarPerm extractEntry uniqBy.js
17119 silly gunzTarPerm extractEntry fp/uniqueId.js
17120 silly gunzTarPerm extractEntry uniqueId.js
17121 silly gunzTarPerm extractEntry fp/uniqWith.js
17122 silly gunzTarPerm extractEntry uniqWith.js
17123 silly gunzTarPerm extractEntry fp/unnest.js
17124 silly gunzTarPerm extractEntry fp/unset.js
17125 silly gunzTarPerm extractEntry unset.js
17126 silly gunzTarPerm extractEntry fp/unzip.js
17127 silly gunzTarPerm extractEntry unzip.js
17128 silly gunzTarPerm extractEntry fp/unzipWith.js
17129 silly gunzTarPerm extractEntry unzipWith.js
17130 silly gunzTarPerm extractEntry fp/update.js
17131 silly gunzTarPerm extractEntry update.js
17132 silly gunzTarPerm extractEntry fp/updateWith.js
17133 silly gunzTarPerm extractEntry updateWith.js
17134 silly gunzTarPerm extractEntry fp/upperCase.js
17135 silly gunzTarPerm extractEntry upperCase.js
17136 silly gunzTarPerm extractEntry fp/upperFirst.js
17137 silly gunzTarPerm extractEntry upperFirst.js
17138 silly gunzTarPerm extractEntry fp/useWith.js
17139 silly gunzTarPerm extractEntry fp/util.js
17140 silly gunzTarPerm extractEntry util.js
17141 silly gunzTarPerm extractEntry fp/value.js
17142 silly gunzTarPerm extractEntry value.js
17143 silly gunzTarPerm extractEntry fp/valueOf.js
17144 silly gunzTarPerm extractEntry valueOf.js
17145 silly gunzTarPerm extractEntry fp/values.js
17146 silly gunzTarPerm extractEntry values.js
17147 silly gunzTarPerm extractEntry fp/valuesIn.js
17148 silly gunzTarPerm extractEntry valuesIn.js
17149 silly gunzTarPerm extractEntry fp/where.js
17150 silly gunzTarPerm extractEntry fp/whereEq.js
17151 silly gunzTarPerm extractEntry fp/without.js
17152 silly gunzTarPerm extractEntry without.js
17153 silly gunzTarPerm extractEntry fp/words.js
17154 silly gunzTarPerm extractEntry words.js
17155 silly gunzTarPerm extractEntry fp/wrap.js
17156 silly gunzTarPerm extractEntry wrap.js
17157 silly gunzTarPerm extractEntry fp/wrapperAt.js
17158 silly gunzTarPerm extractEntry wrapperAt.js
17159 silly gunzTarPerm extractEntry fp/wrapperChain.js
17160 silly gunzTarPerm extractEntry wrapperChain.js
17161 silly gunzTarPerm extractEntry fp/wrapperLodash.js
17162 silly gunzTarPerm extractEntry wrapperLodash.js
17163 silly gunzTarPerm extractEntry fp/wrapperReverse.js
17164 silly gunzTarPerm extractEntry wrapperReverse.js
17165 silly gunzTarPerm extractEntry fp/wrapperValue.js
17166 silly gunzTarPerm extractEntry wrapperValue.js
17167 silly gunzTarPerm extractEntry fp/xor.js
17168 silly gunzTarPerm extractEntry xor.js
17169 silly gunzTarPerm extractEntry fp/xorBy.js
17170 silly gunzTarPerm extractEntry xorBy.js
17171 silly gunzTarPerm extractEntry fp/xorWith.js
17172 silly gunzTarPerm extractEntry xorWith.js
17173 silly gunzTarPerm extractEntry fp/zip.js
17174 silly gunzTarPerm extractEntry zip.js
17175 silly gunzTarPerm extractEntry fp/zipAll.js
17176 silly gunzTarPerm extractEntry fp/zipObj.js
17177 silly gunzTarPerm extractEntry fp/zipObject.js
17178 silly gunzTarPerm extractEntry zipObject.js
17179 silly gunzTarPerm extractEntry fp/zipObjectDeep.js
17180 silly gunzTarPerm extractEntry zipObjectDeep.js
17181 silly gunzTarPerm extractEntry fp/zipWith.js
17182 silly gunzTarPerm extractEntry zipWith.js
17183 silly gunzTarPerm extractEntry package.json
17184 silly gunzTarPerm extractEntry README.md
17185 silly gunzTarPerm extractEntry dist/govuk/components/error-message/README.md
17186 silly gunzTarPerm extractEntry dist/govuk/components/error-summary/README.md
17187 silly gunzTarPerm extractEntry dist/govuk/components/exit-this-page/README.md
17188 silly gunzTarPerm extractEntry dist/govuk/components/fieldset/README.md
17189 silly gunzTarPerm extractEntry dist/govuk/components/file-upload/README.md
17190 silly gunzTarPerm extractEntry dist/govuk/components/footer/README.md
17191 silly gunzTarPerm extractEntry dist/govuk/components/header/README.md
17192 silly gunzTarPerm extractEntry dist/govuk/components/hint/README.md
17193 silly gunzTarPerm extractEntry dist/govuk/components/input/README.md
17194 silly gunzTarPerm extractEntry dist/govuk/components/inset-text/README.md
17195 silly gunzTarPerm extractEntry dist/govuk/components/label/README.md
17196 silly gunzTarPerm extractEntry dist/govuk/components/notification-banner/README.md
17197 silly gunzTarPerm extractEntry dist/govuk/components/pagination/README.md
17198 silly gunzTarPerm extractEntry dist/govuk/components/panel/README.md
17199 silly gunzTarPerm extractEntry dist/govuk/components/phase-banner/README.md
17200 silly gunzTarPerm extractEntry dist/govuk/components/radios/README.md
17201 silly gunzTarPerm extractEntry dist/govuk/components/select/README.md
17202 silly gunzTarPerm extractEntry dist/govuk/components/service-navigation/README.md
17203 silly gunzTarPerm extractEntry dist/govuk/components/skip-link/README.md
17204 silly gunzTarPerm extractEntry dist/govuk/components/summary-list/README.md
17205 silly gunzTarPerm extractEntry dist/govuk/components/table/README.md
17206 silly gunzTarPerm extractEntry dist/govuk/components/tabs/README.md
17207 silly gunzTarPerm extractEntry dist/govuk/components/tag/README.md
17208 silly gunzTarPerm extractEntry dist/govuk/components/task-list/README.md
17209 silly gunzTarPerm extractEntry dist/govuk/components/textarea/README.md
17210 silly gunzTarPerm extractEntry dist/govuk/components/warning-text/README.md
17211 silly gunzTarPerm extractEntry README.md
17212 silly gunzTarPerm extractEntry dist/govuk/components/accordion/accordion.bundle.mjs
17213 silly gunzTarPerm extractEntry dist/govuk/components/accordion/accordion.mjs
17214 silly gunzTarPerm extractEntry dist/govuk/all.bundle.mjs
17215 silly gunzTarPerm extractEntry dist/govuk/all.mjs
17216 silly gunzTarPerm extractEntry dist/govuk/components/button/button.bundle.mjs
17217 silly gunzTarPerm extractEntry dist/govuk/components/button/button.mjs
17218 silly gunzTarPerm extractEntry dist/govuk/components/character-count/character-count.bundle.mjs
17219 silly gunzTarPerm extractEntry dist/govuk/components/character-count/character-count.mjs
17220 silly gunzTarPerm extractEntry dist/govuk/components/checkboxes/checkboxes.bundle.mjs
17221 silly gunzTarPerm extractEntry dist/govuk/components/checkboxes/checkboxes.mjs
17222 silly gunzTarPerm extractEntry dist/govuk/common/closest-attribute-value.mjs
17223 silly gunzTarPerm extractEntry dist/govuk/component.mjs
17224 silly gunzTarPerm extractEntry dist/govuk/common/configuration.mjs
17225 silly gunzTarPerm extractEntry dist/govuk/components/error-summary/error-summary.bundle.mjs
17226 silly gunzTarPerm extractEntry dist/govuk/components/error-summary/error-summary.mjs
17227 silly gunzTarPerm extractEntry dist/govuk/components/exit-this-page/exit-this-page.bundle.mjs
17228 silly gunzTarPerm extractEntry dist/govuk/components/exit-this-page/exit-this-page.mjs
17229 silly gunzTarPerm extractEntry dist/govuk/components/file-upload/file-upload.bundle.mjs
17230 silly gunzTarPerm extractEntry dist/govuk/components/file-upload/file-upload.mjs
17231 silly gunzTarPerm extractEntry dist/govuk/common/govuk-frontend-version.mjs
17232 silly gunzTarPerm extractEntry dist/govuk/components/header/header.bundle.mjs
17233 silly gunzTarPerm extractEntry dist/govuk/components/header/header.mjs
17234 silly gunzTarPerm extractEntry dist/govuk/i18n.mjs
17235 silly gunzTarPerm extractEntry dist/govuk/common/index.mjs
17236 silly gunzTarPerm extractEntry dist/govuk/errors/index.mjs
17237 silly gunzTarPerm extractEntry dist/govuk/init.mjs
17238 silly gunzTarPerm extractEntry dist/govuk/components/notification-banner/notification-banner.bundle.mjs
17239 silly gunzTarPerm extractEntry dist/govuk/components/notification-banner/notification-banner.mjs
17240 silly gunzTarPerm extractEntry dist/govuk/components/password-input/password-input.bundle.mjs
17241 silly gunzTarPerm extractEntry dist/govuk/components/password-input/password-input.mjs
17242 silly gunzTarPerm extractEntry dist/govuk/components/radios/radios.bundle.mjs
17243 silly gunzTarPerm extractEntry dist/govuk/components/radios/radios.mjs
17244 silly gunzTarPerm extractEntry dist/govuk/components/service-navigation/service-navigation.bundle.mjs
17245 silly gunzTarPerm extractEntry dist/govuk/components/service-navigation/service-navigation.mjs
17246 silly gunzTarPerm extractEntry dist/govuk/components/skip-link/skip-link.bundle.mjs
17247 silly gunzTarPerm extractEntry dist/govuk/components/skip-link/skip-link.mjs
17248 silly gunzTarPerm extractEntry dist/govuk/components/tabs/tabs.bundle.mjs
17249 silly gunzTarPerm extractEntry dist/govuk/components/tabs/tabs.mjs
17250 silly gunzTarPerm extractEntry dist/govuk/macros/attributes.njk
17251 silly gunzTarPerm extractEntry dist/govuk/macros/i18n.njk
17252 silly gunzTarPerm extractEntry dist/govuk/macros/logo.njk
17253 silly gunzTarPerm extractEntry dist/govuk/components/accordion/macro.njk
17254 silly gunzTarPerm extractEntry dist/govuk/components/back-link/macro.njk
17255 silly gunzTarPerm extractEntry dist/govuk/components/breadcrumbs/macro.njk
17256 silly gunzTarPerm extractEntry dist/govuk/components/button/macro.njk
17257 silly gunzTarPerm extractEntry dist/govuk/components/character-count/macro.njk
17258 silly gunzTarPerm extractEntry dist/govuk/components/checkboxes/macro.njk
17259 silly gunzTarPerm extractEntry dist/govuk/components/cookie-banner/macro.njk
17260 silly gunzTarPerm extractEntry dist/govuk/components/date-input/macro.njk
17261 silly gunzTarPerm extractEntry dist/govuk/components/details/macro.njk
17262 silly gunzTarPerm extractEntry dist/govuk/components/error-message/macro.njk
17263 silly gunzTarPerm extractEntry dist/govuk/components/error-summary/macro.njk
17264 silly gunzTarPerm extractEntry dist/govuk/components/exit-this-page/macro.njk
17265 silly gunzTarPerm extractEntry dist/govuk/components/fieldset/macro.njk
17266 silly gunzTarPerm extractEntry dist/govuk/components/file-upload/macro.njk
17267 silly gunzTarPerm extractEntry dist/govuk/components/footer/macro.njk
17268 silly gunzTarPerm extractEntry dist/govuk/components/header/macro.njk
17269 silly gunzTarPerm extractEntry dist/govuk/components/hint/macro.njk
17270 silly gunzTarPerm extractEntry dist/govuk/components/input/macro.njk
17271 silly gunzTarPerm extractEntry dist/govuk/components/inset-text/macro.njk
17272 silly gunzTarPerm extractEntry dist/govuk/components/label/macro.njk
17273 silly gunzTarPerm extractEntry dist/govuk/components/notification-banner/macro.njk
17274 silly gunzTarPerm extractEntry dist/govuk/components/pagination/macro.njk
17275 silly gunzTarPerm extractEntry dist/govuk/components/panel/macro.njk
17276 silly gunzTarPerm extractEntry dist/govuk/components/password-input/macro.njk
17277 silly gunzTarPerm extractEntry dist/govuk/components/phase-banner/macro.njk
17278 silly gunzTarPerm extractEntry dist/govuk/components/radios/macro.njk
17279 silly gunzTarPerm extractEntry dist/govuk/components/select/macro.njk
17280 silly gunzTarPerm extractEntry dist/govuk/components/service-navigation/macro.njk
17281 silly gunzTarPerm extractEntry dist/govuk/components/skip-link/macro.njk
17282 silly gunzTarPerm extractEntry dist/govuk/components/summary-list/macro.njk
17283 silly gunzTarPerm extractEntry dist/govuk/components/table/macro.njk
17284 silly gunzTarPerm extractEntry dist/govuk/components/tabs/macro.njk
17285 silly gunzTarPerm extractEntry dist/govuk/components/tag/macro.njk
17286 silly gunzTarPerm extractEntry dist/govuk/components/task-list/macro.njk
17287 silly gunzTarPerm extractEntry dist/govuk/components/textarea/macro.njk
17288 silly gunzTarPerm extractEntry dist/govuk/components/warning-text/macro.njk
17289 silly gunzTarPerm extractEntry dist/govuk/components/accordion/template.njk
17290 silly gunzTarPerm extractEntry dist/govuk/components/back-link/template.njk
17291 silly gunzTarPerm extractEntry dist/govuk/components/breadcrumbs/template.njk
17292 silly gunzTarPerm extractEntry dist/govuk/components/button/template.njk
17293 silly gunzTarPerm extractEntry dist/govuk/components/character-count/template.njk
17294 silly gunzTarPerm extractEntry dist/govuk/components/checkboxes/template.njk
17295 silly gunzTarPerm extractEntry dist/govuk/components/cookie-banner/template.njk
17296 silly gunzTarPerm extractEntry dist/govuk/components/date-input/template.njk
17297 silly gunzTarPerm extractEntry dist/govuk/components/details/template.njk
17298 silly gunzTarPerm extractEntry dist/govuk/components/error-message/template.njk
17299 silly gunzTarPerm extractEntry dist/govuk/components/error-summary/template.njk
17300 silly gunzTarPerm extractEntry dist/govuk/components/exit-this-page/template.njk
17301 silly gunzTarPerm extractEntry dist/govuk/components/fieldset/template.njk
17302 silly gunzTarPerm extractEntry dist/govuk/components/file-upload/template.njk
17303 silly gunzTarPerm extractEntry dist/govuk/components/footer/template.njk
17304 silly gunzTarPerm extractEntry dist/govuk/components/header/template.njk
17305 silly gunzTarPerm extractEntry dist/govuk/components/hint/template.njk
17306 silly gunzTarPerm extractEntry dist/govuk/components/input/template.njk
17307 silly gunzTarPerm extractEntry dist/govuk/components/inset-text/template.njk
17308 silly gunzTarPerm extractEntry dist/govuk/components/label/template.njk
17309 silly gunzTarPerm extractEntry dist/govuk/components/notification-banner/template.njk
17310 silly gunzTarPerm extractEntry dist/govuk/components/pagination/template.njk
17311 silly gunzTarPerm extractEntry dist/govuk/components/panel/template.njk
17312 silly gunzTarPerm extractEntry dist/govuk/components/password-input/template.njk
17313 silly gunzTarPerm extractEntry dist/govuk/components/phase-banner/template.njk
17314 silly gunzTarPerm extractEntry dist/govuk/components/radios/template.njk
17315 silly gunzTarPerm extractEntry dist/govuk/components/select/template.njk
17316 silly gunzTarPerm extractEntry dist/govuk/components/service-navigation/template.njk
17317 silly gunzTarPerm extractEntry dist/govuk/components/skip-link/template.njk
17318 silly gunzTarPerm extractEntry dist/govuk/components/summary-list/template.njk
17319 silly gunzTarPerm extractEntry dist/govuk/components/table/template.njk
17320 silly gunzTarPerm extractEntry dist/govuk/components/tabs/template.njk
17321 silly gunzTarPerm extractEntry dist/govuk/components/tag/template.njk
17322 silly gunzTarPerm extractEntry dist/govuk/components/task-list/template.njk
17323 silly gunzTarPerm extractEntry dist/govuk/components/textarea/template.njk
17324 silly gunzTarPerm extractEntry dist/govuk/components/warning-text/template.njk
17325 silly gunzTarPerm extractEntry dist/govuk/template.njk
17326 silly gunzTarPerm extractEntry dist/govuk/assets/images/govuk-icon-180.png
17327 silly gunzTarPerm extractEntry dist/govuk/assets/rebrand/images/govuk-icon-180.png
17328 silly gunzTarPerm extractEntry dist/govuk/assets/images/govuk-icon-192.png
17329 silly gunzTarPerm extractEntry dist/govuk/assets/rebrand/images/govuk-icon-192.png
17330 silly gunzTarPerm extractEntry dist/govuk/assets/images/govuk-icon-512.png
17331 silly gunzTarPerm extractEntry dist/govuk/assets/rebrand/images/govuk-icon-512.png
17332 silly gunzTarPerm extractEntry dist/govuk/assets/images/govuk-opengraph-image.png
17333 silly gunzTarPerm extractEntry dist/govuk/assets/rebrand/images/govuk-opengraph-image.png
17334 silly gunzTarPerm extractEntry dist/govuk/components/accordion/_accordion.scss
17335 silly gunzTarPerm extractEntry dist/govuk/components/_all.scss
17336 silly gunzTarPerm extractEntry dist/govuk/core/_all.scss
17337 silly gunzTarPerm extractEntry dist/govuk/helpers/_all.scss
17338 silly gunzTarPerm extractEntry dist/govuk/objects/_all.scss
17339 silly gunzTarPerm extractEntry dist/govuk/overrides/_all.scss
17340 silly gunzTarPerm extractEntry dist/govuk/settings/_all.scss
17341 silly gunzTarPerm extractEntry dist/govuk/tools/_all.scss
17342 silly gunzTarPerm extractEntry dist/govuk/utilities/_all.scss
17343 silly gunzTarPerm extractEntry dist/govuk/settings/_assets.scss
17344 silly gunzTarPerm extractEntry dist/govuk/components/back-link/_back-link.scss
17345 silly gunzTarPerm extractEntry dist/govuk/_base.scss
17346 silly gunzTarPerm extractEntry dist/govuk/components/breadcrumbs/_breadcrumbs.scss
17347 silly gunzTarPerm extractEntry dist/govuk/objects/_button-group.scss
17348 silly gunzTarPerm extractEntry dist/govuk/components/button/_button.scss
17349 silly gunzTarPerm extractEntry dist/govuk/components/character-count/_character-count.scss
17350 silly gunzTarPerm extractEntry dist/govuk/components/checkboxes/_checkboxes.scss
17351 silly gunzTarPerm extractEntry dist/govuk/helpers/_clearfix.scss
17352 silly gunzTarPerm extractEntry dist/govuk/utilities/_clearfix.scss
17353 silly gunzTarPerm extractEntry dist/govuk/helpers/_colour.scss
17354 silly gunzTarPerm extractEntry dist/govuk/settings/_colours-applied.scss
17355 silly gunzTarPerm extractEntry dist/govuk/settings/_colours-organisations.scss
17356 silly gunzTarPerm extractEntry dist/govuk/settings/_colours-palette.scss
17357 silly gunzTarPerm extractEntry dist/govuk/components/cookie-banner/_cookie-banner.scss
17358 silly gunzTarPerm extractEntry dist/govuk/components/date-input/_date-input.scss
17359 silly gunzTarPerm extractEntry dist/govuk/components/details/_details.scss
17360 silly gunzTarPerm extractEntry dist/govuk/helpers/_device-pixels.scss
17361 silly gunzTarPerm extractEntry dist/govuk/overrides/_display.scss
17362 silly gunzTarPerm extractEntry dist/govuk/components/error-message/_error-message.scss
17363 silly gunzTarPerm extractEntry dist/govuk/components/error-summary/_error-summary.scss
17364 silly gunzTarPerm extractEntry dist/govuk/components/exit-this-page/_exit-this-page.scss
17365 silly gunzTarPerm extractEntry dist/govuk/tools/_exports.scss
17366 silly gunzTarPerm extractEntry dist/govuk/components/fieldset/_fieldset.scss
17367 silly gunzTarPerm extractEntry dist/govuk/components/file-upload/_file-upload.scss
17368 silly gunzTarPerm extractEntry dist/govuk/helpers/_focused.scss
17369 silly gunzTarPerm extractEntry dist/govuk/helpers/_font-faces.scss
17370 silly gunzTarPerm extractEntry dist/govuk/tools/_font-url.scss
17371 silly gunzTarPerm extractEntry dist/govuk/components/footer/_footer.scss
17372 silly gunzTarPerm extractEntry dist/govuk/objects/_form-group.scss
17373 silly gunzTarPerm extractEntry dist/govuk/core/_global-styles.scss
17374 silly gunzTarPerm extractEntry dist/govuk/settings/_global-styles.scss
17375 silly gunzTarPerm extractEntry dist/govuk/core/_govuk-frontend-properties.scss
17376 silly gunzTarPerm extractEntry dist/govuk/helpers/_grid.scss
17377 silly gunzTarPerm extractEntry dist/govuk/objects/_grid.scss
17378 silly gunzTarPerm extractEntry dist/govuk/components/header/_header.scss
17379 silly gunzTarPerm extractEntry dist/govuk/components/hint/_hint.scss
17380 silly gunzTarPerm extractEntry dist/govuk/tools/_image-url.scss
17381 silly gunzTarPerm extractEntry dist/govuk/components/_index.scss
17382 silly gunzTarPerm extractEntry dist/govuk/components/accordion/_index.scss
17383 silly gunzTarPerm extractEntry dist/govuk/components/back-link/_index.scss
17384 silly gunzTarPerm extractEntry dist/govuk/components/breadcrumbs/_index.scss
17385 silly gunzTarPerm extractEntry dist/govuk/components/button/_index.scss
17386 silly gunzTarPerm extractEntry dist/govuk/components/character-count/_index.scss
17387 silly gunzTarPerm extractEntry dist/govuk/components/checkboxes/_index.scss
17388 silly gunzTarPerm extractEntry dist/govuk/components/cookie-banner/_index.scss
17389 silly gunzTarPerm extractEntry dist/govuk/components/date-input/_index.scss
17390 silly gunzTarPerm extractEntry dist/govuk/components/details/_index.scss
17391 silly gunzTarPerm extractEntry dist/govuk/components/error-message/_index.scss
17392 silly gunzTarPerm extractEntry dist/govuk/components/error-summary/_index.scss
17393 silly gunzTarPerm extractEntry dist/govuk/components/exit-this-page/_index.scss
17394 silly gunzTarPerm extractEntry dist/govuk/components/fieldset/_index.scss
17395 silly gunzTarPerm extractEntry dist/govuk/components/file-upload/_index.scss
17396 silly gunzTarPerm extractEntry dist/govuk/components/footer/_index.scss
17397 silly gunzTarPerm extractEntry dist/govuk/components/header/_index.scss
17398 silly gunzTarPerm extractEntry dist/govuk/components/hint/_index.scss
17399 silly gunzTarPerm extractEntry dist/govuk/components/input/_index.scss
17400 silly gunzTarPerm extractEntry dist/govuk/components/inset-text/_index.scss
17401 silly gunzTarPerm extractEntry dist/govuk/components/label/_index.scss
17402 silly gunzTarPerm extractEntry dist/govuk/components/notification-banner/_index.scss
17403 silly gunzTarPerm extractEntry dist/govuk/components/pagination/_index.scss
17404 silly gunzTarPerm extractEntry dist/govuk/components/panel/_index.scss
17405 silly gunzTarPerm extractEntry dist/govuk/components/password-input/_index.scss
17406 silly gunzTarPerm extractEntry dist/govuk/components/phase-banner/_index.scss
17407 silly gunzTarPerm extractEntry dist/govuk/components/radios/_index.scss
17408 silly gunzTarPerm extractEntry dist/govuk/components/select/_index.scss
17409 silly gunzTarPerm extractEntry dist/govuk/components/service-navigation/_index.scss
17410 silly gunzTarPerm extractEntry dist/govuk/components/skip-link/_index.scss
17411 silly gunzTarPerm extractEntry dist/govuk/components/summary-list/_index.scss
17412 silly gunzTarPerm extractEntry dist/govuk/components/table/_index.scss
17413 silly gunzTarPerm extractEntry dist/govuk/components/tabs/_index.scss
17414 silly gunzTarPerm extractEntry dist/govuk/components/tag/_index.scss
17415 silly gunzTarPerm extractEntry dist/govuk/components/task-list/_index.scss
17416 silly gunzTarPerm extractEntry dist/govuk/components/textarea/_index.scss
17417 silly gunzTarPerm extractEntry dist/govuk/components/warning-text/_index.scss
17418 silly gunzTarPerm extractEntry dist/govuk/core/_index.scss
17419 silly gunzTarPerm extractEntry dist/govuk/helpers/_index.scss
17420 silly gunzTarPerm extractEntry dist/govuk/objects/_index.scss
17421 silly gunzTarPerm extractEntry dist/govuk/overrides/_index.scss
17422 silly gunzTarPerm extractEntry dist/govuk/settings/_index.scss
17423 silly gunzTarPerm extractEntry dist/govuk/tools/_index.scss
17424 silly gunzTarPerm extractEntry dist/govuk/utilities/_index.scss
17425 silly gunzTarPerm extractEntry dist/govuk/components/input/_input.scss
17426 silly gunzTarPerm extractEntry dist/govuk/components/inset-text/_inset-text.scss
17427 silly gunzTarPerm extractEntry dist/govuk/components/label/_label.scss
17428 silly gunzTarPerm extractEntry dist/govuk/core/_links.scss
17429 silly gunzTarPerm extractEntry dist/govuk/helpers/_links.scss
17430 silly gunzTarPerm extractEntry dist/govuk/settings/_links.scss
17431 silly gunzTarPerm extractEntry dist/govuk/core/_lists.scss
17432 silly gunzTarPerm extractEntry dist/govuk/objects/_main-wrapper.scss
17433 silly gunzTarPerm extractEntry dist/govuk/settings/_measurements.scss
17434 silly gunzTarPerm extractEntry dist/govuk/helpers/_media-queries.scss
17435 silly gunzTarPerm extractEntry dist/govuk/settings/_media-queries.scss
17436 silly gunzTarPerm extractEntry dist/govuk/components/notification-banner/_notification-banner.scss
17437 silly gunzTarPerm extractEntry dist/govuk/components/pagination/_pagination.scss
17438 silly gunzTarPerm extractEntry dist/govuk/components/panel/_panel.scss
17439 silly gunzTarPerm extractEntry dist/govuk/components/password-input/_password-input.scss
17440 silly gunzTarPerm extractEntry dist/govuk/components/phase-banner/_phase-banner.scss
17441 silly gunzTarPerm extractEntry dist/govuk/tools/_px-to-em.scss
17442 silly gunzTarPerm extractEntry dist/govuk/tools/_px-to-rem.scss
17443 silly gunzTarPerm extractEntry dist/govuk/components/radios/_radios.scss
17444 silly gunzTarPerm extractEntry dist/govuk/tools/_rebrand.scss
17445 silly gunzTarPerm extractEntry dist/govuk/vendor/_sass-mq.scss
17446 silly gunzTarPerm extractEntry dist/govuk/core/_section-break.scss
17447 silly gunzTarPerm extractEntry dist/govuk/components/select/_select.scss
17448 silly gunzTarPerm extractEntry dist/govuk/components/service-navigation/_service-navigation.scss
17449 silly gunzTarPerm extractEntry dist/govuk/helpers/_shape-arrow.scss
17450 silly gunzTarPerm extractEntry dist/govuk/components/skip-link/_skip-link.scss
17451 silly gunzTarPerm extractEntry dist/govuk/helpers/_spacing.scss
17452 silly gunzTarPerm extractEntry dist/govuk/overrides/_spacing.scss
17453 silly gunzTarPerm extractEntry dist/govuk/settings/_spacing.scss
17454 silly gunzTarPerm extractEntry dist/govuk/components/summary-list/_summary-list.scss
17455 silly gunzTarPerm extractEntry dist/govuk/components/table/_table.scss
17456 silly gunzTarPerm extractEntry dist/govuk/components/tabs/_tabs.scss
17457 silly gunzTarPerm extractEntry dist/govuk/components/tag/_tag.scss
17458 silly gunzTarPerm extractEntry dist/govuk/components/task-list/_task-list.scss
17459 silly gunzTarPerm extractEntry dist/govuk/objects/_template.scss
17460 silly gunzTarPerm extractEntry dist/govuk/overrides/_text-align.scss
17461 silly gunzTarPerm extractEntry dist/govuk/components/textarea/_textarea.scss
17462 silly gunzTarPerm extractEntry dist/govuk/settings/_typography-font.scss
17463 silly gunzTarPerm extractEntry dist/govuk/settings/_typography-responsive.scss
17464 silly gunzTarPerm extractEntry dist/govuk/core/_typography.scss
17465 silly gunzTarPerm extractEntry dist/govuk/helpers/_typography.scss
17466 silly gunzTarPerm extractEntry dist/govuk/overrides/_typography.scss
17467 silly gunzTarPerm extractEntry dist/govuk/helpers/_visually-hidden.scss
17468 silly gunzTarPerm extractEntry dist/govuk/utilities/_visually-hidden.scss
17469 silly gunzTarPerm extractEntry dist/govuk/components/warning-text/_warning-text.scss
17470 silly gunzTarPerm extractEntry dist/govuk/settings/_warnings.scss
17471 silly gunzTarPerm extractEntry dist/govuk/objects/_width-container.scss
17472 silly gunzTarPerm extractEntry dist/govuk/overrides/_width.scss
17473 silly gunzTarPerm extractEntry dist/govuk/all.scss
17474 silly gunzTarPerm extractEntry dist/govuk/index.scss
17475 silly gunzTarPerm extractEntry dist/govuk-prototype-kit/init.scss
17476 silly gunzTarPerm extractEntry dist/govuk/assets/images/favicon.svg
17477 silly gunzTarPerm extractEntry dist/govuk/assets/rebrand/images/favicon.svg
17478 silly gunzTarPerm extractEntry dist/govuk/assets/images/govuk-crest.svg
17479 silly gunzTarPerm extractEntry dist/govuk/assets/rebrand/images/govuk-crest.svg
17480 silly gunzTarPerm extractEntry dist/govuk/assets/images/govuk-icon-mask.svg
17481 silly gunzTarPerm extractEntry dist/govuk/assets/rebrand/images/govuk-icon-mask.svg
17482 silly gunzTarPerm extractEntry dist/govuk/assets/fonts/bold-affa96571d-v2.woff
17483 silly gunzTarPerm extractEntry dist/govuk/assets/fonts/light-f591b13f7d-v2.woff
17484 silly gunzTarPerm extractEntry dist/govuk/assets/fonts/bold-b542beb274-v2.woff2
17485 silly gunzTarPerm extractEntry dist/govuk/assets/fonts/light-94a07e06a1-v2.woff2
17486 verbose correctMkdir /Users/andyporter/.npm correctMkdir not in flight; initializing
17487 silly cache afterAdd rx@4.1.0
17488 verbose afterAdd /Users/andyporter/.npm/rx/4.1.0/package/package.json not in flight; writing
17489 verbose correctMkdir /Users/andyporter/.npm correctMkdir not in flight; initializing
17490 verbose afterAdd /Users/andyporter/.npm/rx/4.1.0/package/package.json written
17491 verbose correctMkdir /Users/andyporter/.npm correctMkdir not in flight; initializing
17492 verbose correctMkdir /Users/andyporter/.npm correctMkdir not in flight; initializing
17493 silly cache afterAdd lodash@4.17.23
17494 verbose afterAdd /Users/andyporter/.npm/lodash/4.17.23/package/package.json not in flight; writing
17495 verbose correctMkdir /Users/andyporter/.npm correctMkdir not in flight; initializing
17496 silly cache afterAdd govuk-frontend@5.11.0
17497 verbose afterAdd /Users/andyporter/.npm/govuk-frontend/5.11.0/package/package.json not in flight; writing
17498 verbose correctMkdir /Users/andyporter/.npm correctMkdir not in flight; initializing
17499 verbose afterAdd /Users/andyporter/.npm/lodash/4.17.23/package/package.json written
17500 verbose afterAdd /Users/andyporter/.npm/govuk-frontend/5.11.0/package/package.json written
17501 silly rollbackFailedOptional Starting
17502 silly rollbackFailedOptional Finishing
17503 silly runTopLevelLifecycles Starting
17504 silly runTopLevelLifecycles Finishing
17505 silly install printInstalled
17506 verbose stack Error: ENOTDIR: not a directory, open '/var/folders/_4/7hgy5s8d1493hmmc5xj976900000gq/T/npm-47481-492c5c41/unpack-953f0740/package.json'
17506 verbose stack     at Error (native)
17507 verbose cwd /Users/andyporter/Documents/hmlr-map-notes
17508 error Darwin 25.3.0
17509 error argv "/Users/andyporter/.nvm/versions/node/v6.2.2/bin/node" "/Users/andyporter/.nvm/versions/node/v6.2.2/bin/npm" "install"
17510 error node v6.2.2
17511 error npm  v3.9.5
17512 error path /var/folders/_4/7hgy5s8d1493hmmc5xj976900000gq/T/npm-47481-492c5c41/unpack-953f0740/package.json
17513 error code ENOTDIR
17514 error errno -20
17515 error syscall open
17516 error ENOTDIR: not a directory, open '/var/folders/_4/7hgy5s8d1493hmmc5xj976900000gq/T/npm-47481-492c5c41/unpack-953f0740/package.json'
17517 error If you need help, you may report this error at:
17517 error     <https://github.com/npm/npm/issues>
17518 verbose exit [ -20, true ]
